Artist and Title,Days,T10,Pk,(x?),PkStreams,Total
The Weeknd-Blinding Lights,2040,446,1,(x82),"8,453,567","4,821,495,064"
Harry Styles-As It Was,1181,426,1,(x81),"16,103,849","3,881,679,744"
Ed Sheeran-Shape of You,2560,237,1,(x98),"9,878,194","3,840,683,196"
Lewis Capaldi-Someone You Loved,2247,107,4,,"3,974,554","3,726,017,096"
Post Malone-Sunflower - Spider-Man: Into the Spider-Verse,2243,213,1,(x16),"5,033,261","3,532,117,592"
The Kid LAROI-Stay,1231,299,1,(x84),"10,629,302","3,270,048,970"
The Neighbourhood-Sweater Weather,1859,,14,,"3,342,205","3,245,996,286"
Billie Eilish-lovely,2601,,19,,"2,085,328","3,245,695,538"
Imagine Dragons-Believer,2884,,15,,"2,572,100","3,227,705,807"
Ed Sheeran-Perfect,2815,102,3,(x1),"3,690,839","3,179,180,091"
The Weeknd-Starboy,1834,145,1,(x40),"5,125,218","3,164,307,962"
Glass Animals-Heat Waves,1338,258,1,(x65),"5,003,951","2,976,232,104"
Billie Eilish-BIRDS OF A FEATHER,413,408,1,(x25),"10,082,989","2,717,739,128"
Drake-One Dance,1876,187,1,(x101),"7,196,287","2,715,294,638"
Tom Odell-Another Love,1539,,11,,"3,052,832","2,655,408,924"
Lady Gaga-Die With A Smile,322,320,1,(x201),"11,621,474","2,645,332,135"
Arctic Monkeys-I Wanna Be Yours,1093,,11,,"3,186,952","2,607,144,194"
Harry Styles-Watermelon Sugar,1562,127,4,,"4,321,515","2,596,179,813"
James Arthur-Say You Won't Let Go,2454,97,6,,"2,817,950","2,557,247,208"
Taylor Swift-Cruel Summer,878,257,2,(x18),"5,405,688","2,512,860,134"
Tones And I-Dance Monkey,1048,286,1,(x120),"8,928,593","2,508,984,101"
Miley Cyrus-Flowers,802,179,1,(x82),"18,424,325","2,455,861,051"
SZA-Kill Bill,847,174,1,(x20),"8,455,200","2,413,507,519"
Coldplay-Yellow,1648,,15,,"3,078,369","2,373,663,308"
Sabrina Carpenter-Espresso,448,224,1,(x32),"11,692,253","2,332,649,120"
Vance Joy-Riptide,2327,,16,,"2,526,786","2,274,492,520"
The Chainsmokers-Something Just Like This,1852,86,2,(x14),"4,937,390","2,252,248,742"
Benson Boone-Beautiful Things,532,218,1,(x35),"9,256,894","2,243,668,531"
The Weeknd-Die For You,1279,2,9,,"3,554,197","2,242,075,291"
Jung Kook-Seven,720,153,1,(x71),"17,902,017","2,200,474,256"
Dua Lipa-Don't Start Now,1152,235,2,(x7),"6,100,930","2,095,889,464"
Post Malone-rockstar,1208,185,1,(x114),"7,156,650","2,052,310,834"
Shawn Mendes-Señorita,1021,170,1,(x102),"9,936,178","2,046,655,077"
OneRepublic-Counting Stars,2242,,31,,"1,717,699","2,021,585,790"
The Chainsmokers-Closer,1602,191,1,(x82),"6,875,523","2,008,373,255"
Hozier-Take Me To Church,2075,139,1,(x30),"2,140,282","1,973,927,611"
Elton John-Cold Heart - PNAU Remix,1007,199,2,(x1),"5,699,348","1,969,714,892"
Manuel Turizo-La Bachata,853,173,3,(x3),"4,806,467","1,936,624,976"
Lord Huron-The Night We Met,1067,,15,,"3,221,586","1,919,795,012"
Travis Scott-goosebumps,1954,1,10,,"3,297,928","1,919,311,891"
Juice WRLD-Lucid Dreams,1426,110,2,(x6),"5,544,528","1,896,783,804"
Post Malone-Circles,1187,131,1,(x3),"7,292,777","1,887,977,040"
Billie Eilish-bad guy,948,169,1,(x41),"7,220,348","1,886,176,467"
David Guetta-I'm Good (Blue),809,144,1,(x1),"6,863,607","1,870,197,518"
The Weeknd-One Of The Girls,635,80,2,(x2),"5,073,947","1,850,588,120"
Mariah Carey-All I Want for Christmas Is You,562,238,1,(x79),"24,863,570","1,831,225,367"
Arctic Monkeys-505,1278,,40,,"1,987,531","1,821,256,691"
Teddy Swims-Lose Control,596,57,5,,"5,154,184","1,805,463,719"
Eminem-Without Me,1437,,29,,"2,404,685","1,785,877,964"
Tate McRae-greedy,613,206,1,(x34),"6,282,050","1,782,058,354"
The Weeknd-Save Your Tears,1188,89,2,(x28),"5,000,774","1,763,355,323"
ROSÉ-APT.,259,251,1,(x28),"14,596,132","1,739,639,112"
Lady Gaga-Shallow,1266,79,2,(x6),"5,451,577","1,716,595,020"
Jimin-Who,350,188,1,(x20),"10,674,703","1,702,900,242"
The Police-Every Breath You Take,1358,,34,,"2,511,962","1,697,386,474"
"Tyler, The Creator-See You Again",852,,13,,"3,276,823","1,680,888,558"
Coldplay-Viva La Vida,1070,,27,,"2,811,786","1,680,775,584"
OneRepublic-I Ain't Worried,797,53,7,,"3,861,127","1,664,385,796"
FloyyMenor-Gata Only,508,148,2,(x1),"8,628,580","1,651,530,121"
Ruth B.-Dandelions,1192,,32,,"1,772,730","1,632,768,311"
Lil Nas X-INDUSTRY BABY,564,275,2,(x61),"8,808,346","1,629,821,771"
Bruno Mars-Locked out of Heaven,1317,,21,,"2,951,846","1,624,328,612"
Olivia Rodrigo-good 4 u,549,121,1,(x47),"12,586,645","1,622,311,439"
Adele-Easy On Me,801,152,1,(x47),"19,749,704","1,607,515,051"
Bad Bunny-Me Porto Bonito,576,176,2,(x5),"8,738,392","1,606,842,723"
"Chappell Roan-Good Luck, Babe!",451,133,5,,"6,303,841","1,602,278,859"
Olivia Rodrigo-drivers license,692,112,1,(x67),"13,714,177","1,595,963,086"
Dua Lipa-Levitating,812,80,4,,"4,626,710","1,581,427,006"
Ed Sheeran-Photograph,2099,,13,,"1,730,970","1,568,825,901"
The Walters-I Love You So,1102,,18,,"2,139,814","1,564,994,850"
Hozier-Too Sweet,469,91,2,(x10),"8,742,996","1,559,841,954"
Kendrick Lamar-Not Like Us,424,116,1,(x10),"12,809,644","1,548,479,145"
Ariana Grande-7 rings,1000,112,1,(x68),"10,445,538","1,527,094,696"
Wham!-Last Christmas,502,183,2,(x57),"24,556,791","1,516,038,886"
SZA-Snooze,864,,25,,"3,100,334","1,514,473,510"
XXXTENTACION-SAD!,1139,77,1,(x10),"10,415,088","1,501,007,363"
Taylor Swift-Anti-Hero,548,85,1,(x20),"17,390,253","1,495,696,849"
Djo-End of Beginning,503,64,1,(x3),"8,481,534","1,490,148,759"
Queen-Bohemian Rhapsody - Remastered 2011,1573,3,10,,"2,728,139","1,487,164,093"
Sabrina Carpenter-Please Please Please,392,129,1,(x19),"12,835,312","1,483,529,807"
"Bizarrap-Quevedo: Bzrp Music Sessions, Vol. 52",480,154,1,(x55),"8,623,941","1,475,187,557"
Cigarettes After Sex-Apocalypse,1058,,52,,"1,982,056","1,466,401,907"
One Direction-Night Changes,1174,7,6,,"5,150,464","1,462,301,848"
Ariana Grande-we can't be friends (wait for your love),483,50,1,(x13),"9,432,687","1,459,048,197"
XXXTENTACION-Jocelyn Flores,1481,9,2,(x3),"7,900,110","1,447,811,195"
Justin Bieber-Ghost,939,8,10,,"2,641,055","1,444,602,001"
Lil Nas X-MONTERO (Call Me By Your Name),513,157,1,(x40),"8,588,023","1,437,151,704"
Travis Scott-SICKO MODE,1037,141,2,(x5),"6,546,842","1,425,985,849"
Mitski-My Love Mine All Mine,556,115,2,(x4),"4,862,101","1,423,172,235"
Drake-God's Plan,717,146,1,(x74),"8,553,009","1,419,636,888"
Bruno Mars-That's What I Like,1011,57,5,,"3,482,628","1,402,050,794"
BTS-Dynamite,780,119,1,(x1),"7,778,950","1,392,283,880"
SAINt JHN-Roses - Imanbek Remix,680,159,2,(x2),"5,234,607","1,388,148,423"
J. Cole-No Role Modelz,1600,,59,,"1,867,073","1,385,586,138"
Kendrick Lamar-All The Stars,756,74,2,(x14),"7,399,673","1,382,236,408"
24kGoldn-Mood,626,189,1,(x35),"6,367,748","1,377,292,794"
Maroon 5-Memories,889,99,2,(x5),"4,917,468","1,370,441,199"
Ed Sheeran-Bad Habits,550,146,3,(x26),"6,008,275","1,350,227,445"
Macklemore & Ryan Lewis-Can't Hold Us,1064,,57,,"1,928,158","1,346,401,830"
French Montana-Unforgettable,892,116,3,(x8),"3,739,539","1,339,003,567"
Sam Smith-Unholy,397,156,1,(x49),"8,853,020","1,326,989,045"
Shaboozey-A Bar Song (Tipsy),445,77,5,,"7,604,741","1,325,376,274"
Bruno Mars-Just the Way You Are,955,,27,,"2,737,304","1,324,588,622"
Bad Bunny-DÁKITI,700,118,1,(x36),"10,086,143","1,323,144,052"
Bruno Mars-When I Was Your Man,1225,,28,,"2,663,783","1,319,395,235"
Doja Cat-Kiss Me More,551,139,2,(x1),"5,731,381","1,312,730,513"
Marshmello-Happier,823,144,2,(x9),"4,279,508","1,302,211,159"
KAROL G-Si Antes Te Hubiera Conocido,378,112,4,,"6,441,001","1,293,986,532"
Rema-Calm Down,572,22,8,,"3,895,947","1,293,012,963"
Billie Eilish-WILDFLOWER,413,35,8,,"6,821,322","1,290,917,660"
Camila Cabello-Havana,793,173,1,(x9),"4,949,898","1,288,873,382"
Feid-LUNA,546,28,7,,"4,185,532","1,285,138,184"
Conan Gray-Heather,1058,,11,,"3,771,797","1,261,363,064"
Ed Sheeran-Thinking out Loud,1677,156,1,(x14),"1,950,373","1,254,838,207"
Bad Bunny-Tití Me Preguntó,436,168,4,,"7,640,843","1,253,903,760"
Roddy Ricch-The Box,567,128,1,(x6),"7,427,860","1,246,311,986"
Metro Boomin-Creepin',478,115,1,(x3),"5,702,794","1,241,697,519"
Ed Sheeran-Shivers,625,154,4,,"5,450,839","1,236,107,580"
Calvin Harris-One Kiss,789,99,1,(x3),"4,533,018","1,231,072,509"
Ed Sheeran-I Don't Care,627,116,1,(x42),"10,977,389","1,226,341,816"
Keane-Somewhere Only We Know,934,,63,,"1,815,360","1,224,555,809"
The Killers-Mr. Brightside,1423,,59,,"2,013,473","1,221,342,028"
Post Malone-Better Now,796,76,1,(x37),"6,090,230","1,218,871,302"
DaBaby-ROCKSTAR,505,144,1,(x57),"6,273,718","1,218,421,504"
Justin Bieber-Peaches,533,100,1,(x18),"8,020,169","1,208,278,824"
Imagine Dragons-Thunder,1011,20,7,,"3,218,477","1,201,439,377"
Lana Del Rey-Summertime Sadness,921,,74,,"1,646,634","1,199,804,700"
Travis Scott-FE!N,581,5,3,(x1),"8,998,039","1,199,063,667"
David Kushner-Daylight,497,77,4,,"5,066,631","1,185,653,142"
Lewis Capaldi-Before You Go,862,,17,,"2,375,637","1,180,738,967"
Bad Bunny-Ojitos Lindos,488,111,2,(x5),"6,793,502","1,180,213,497"
The Weeknd-The Hills,1268,80,3,(x8),"2,210,786","1,172,997,045"
Eminem-Mockingbird,726,,20,,"2,672,455","1,172,422,913"
Halsey-Without Me,840,124,3,(x10),"4,103,411","1,168,628,874"
d4vd-Romantic Homicide,739,,17,,"2,627,379","1,167,715,332"
Artemas-i like the way you kiss me,342,61,1,(x14),"9,844,169","1,164,543,446"
Noah Kahan-Stick Season,494,55,6,,"4,589,005","1,161,515,847"
Kendrick Lamar-HUMBLE.,791,83,1,(x7),"6,561,530","1,161,514,687"
Gracie Abrams-That’s So True,259,179,3,(x7),"7,335,731","1,149,658,249"
Post Malone-I Had Some Help (Feat. Morgan Wallen),419,48,1,(x1),"13,949,573","1,146,068,104"
Arctic Monkeys-Do I Wanna Know?,1373,,69,,"1,442,073","1,145,997,681"
Dua Lipa-New Rules,711,161,2,(x24),"4,497,944","1,140,597,500"
John Legend-All of Me,1899,,16,,"1,518,421","1,136,104,821"
The Goo Goo Dolls-Iris,658,,16,,"2,782,766","1,130,455,493"
Brenda Lee-Rockin' Around The Christmas Tree,368,117,2,(x1),"21,635,497","1,129,072,077"
Travis Scott-HIGHEST IN THE ROOM,764,48,1,(x7),"8,000,249","1,122,906,043"
Tommy Richman-MILLION DOLLAR BABY,325,77,1,(x11),"12,657,599","1,116,956,004"
Doja Cat-Paint The Town Red,358,112,1,(x25),"9,146,029","1,113,982,099"
Doja Cat-Woman,534,49,5,,"4,541,274","1,107,964,408"
Sabrina Carpenter-Taste,315,90,2,(x3),"9,050,976","1,106,358,911"
Måneskin-Beggin',466,104,1,(x25),"8,005,228","1,097,657,144"
Gigi Perez-Sailor Song,320,76,5,,"4,950,780","1,094,050,873"
Sabrina Carpenter-Nonsense,723,,12,,"3,480,172","1,092,961,503"
Farruko-Pepas,486,104,3,(x4),"4,991,996","1,092,223,873"
Bad Bunny-Yonaguni,574,58,3,(x17),"7,191,161","1,091,187,590"
"Billie Eilish-What Was I Made For? [From The Motion Picture ""Barbie""]",502,53,2,(x6),"5,680,885","1,089,381,960"
"Ariana Grande-thank u, next",606,116,1,(x53),"9,606,415","1,086,433,407"
Maroon 5-Girls Like You,710,101,2,(x13),"4,382,819","1,081,119,035"
Eslabon Armado-Ella Baila Sola,320,117,1,(x51),"9,047,794","1,074,105,220"
Luis Fonsi-Despacito - Remix,447,140,1,(x101),"8,505,463","1,072,194,101"
KAROL G-QLONA,442,54,4,,"4,538,107","1,069,000,056"
Olivia Rodrigo-deja vu,624,61,3,(x7),"6,965,911","1,067,759,293"
Olivia Rodrigo-traitor,609,25,7,,"5,255,353","1,062,465,152"
Lil Uzi Vert-XO TOUR Llif3,839,7,9,,"2,830,043","1,058,173,866"
Frank Ocean-Pink + White,736,,52,,"2,097,465","1,054,396,305"
Imagine Dragons-Bones,686,,27,,"2,481,967","1,051,949,456"
Imagine Dragons-Demons,1333,,37,,"1,749,568","1,049,820,638"
Billie Eilish-when the party's over,844,7,7,,"3,605,221","1,045,538,949"
J Balvin-LA CANCIÓN,846,,16,,"2,427,362","1,044,973,137"
Tears For Fears-Everybody Wants To Rule The World,836,,80,,"1,700,790","1,040,744,948"
XXXTENTACION-Moonlight,940,10,2,(x3),"6,928,295","1,031,086,017"
Ariana Grande-Santa Tell Me,441,88,3,(x4),"15,074,202","1,017,251,702"
Linkin Park-In the End,755,1,8,,"3,356,242","1,014,689,368"
Bad Bunny-Efecto,414,102,6,,"5,752,670","1,013,471,014"
Olivia Rodrigo-vampire,373,93,1,(x7),"9,794,245","1,013,372,243"
Bobby Helms-Jingle Bell Rock,372,96,4,,"18,917,096","1,012,810,315"
Harry Styles-Adore You,763,6,3,(x1),"4,506,154","1,009,588,110"
Kendrick Lamar-luther,224,136,2,(x20),"10,600,316","1,008,444,810"
Taylor Swift-Blank Space,776,,14,,"3,018,571","1,003,534,042"
Lauv-I Like Me Better,1112,,24,,"1,906,874","1,000,581,852"
Steve Lacy-Dark Red,855,,58,,"1,603,560","998,370,487"
Powfu-death bed,552,120,4,,"4,310,576","996,603,124"
Arizona Zervas-ROXANNE,495,113,2,(x30),"5,525,015","995,796,741"
Post Malone-Congratulations,914,,20,,"2,315,803","994,460,066"
d4vd-Here With Me,567,,13,,"3,232,096","991,694,642"
Justin Bieber-Love Yourself,788,154,1,(x25),"4,052,773","990,375,774"
Morgan Wallen-Last Night,548,1,10,,"4,011,329","983,053,833"
Trevor Daniel-Falling,527,89,5,,"4,412,756","982,655,543"
KAROL G-Tusa,501,92,3,(x16),"6,437,662","981,019,287"
Lil Nas X-Old Town Road - Remix,471,131,2,(x27),"5,546,821","972,399,663"
DJ Snake-Let Me Love You,575,155,2,(x7),"4,901,972","971,741,440"
Hotel Ugly-Shut up My Moms Calling,706,,63,,"1,893,587","971,434,162"
Michael Bublé-It's Beginning to Look a Lot Like Christmas,417,74,3,(x1),"14,790,986","971,304,720"
Jimin-Like Crazy,480,2,1,(x1),"6,013,972","967,510,834"
benny blanco-Eastside,667,75,3,(x8),"3,488,754","966,793,467"
5 Seconds of Summer-Youngblood,821,6,6,,"3,369,480","959,545,880"
The Weeknd-Timeless,280,36,2,(x1),"10,043,439","945,559,710"
Post Malone-Wow.,577,98,1,(x1),"4,715,948","942,911,527"
Justin Bieber-Sorry,653,145,1,(x55),"5,324,014","941,521,752"
JVKE-golden hour,503,,11,,"3,100,355","940,331,723"
Ava Max-Sweet but Psycho,685,49,5,,"3,733,923","936,176,235"
Eminem-Lose Yourself,1618,,27,,"1,935,396","935,591,976"
The Chainsmokers-Don't Let Me Down,656,151,3,(x13),"3,238,214","930,379,946"
Ariana Grande-positions,550,93,1,(x11),"7,829,519","916,255,755"
Twenty One Pilots-Stressed Out,906,83,5,,"2,698,436","911,640,855"
Eminem-The Real Slim Shady,866,,36,,"1,966,501","910,398,351"
Miguel-Sure Thing,605,,14,,"3,286,146","910,114,352"
Cardi B-I Like It,526,108,2,(x3),"4,170,983","909,100,262"
Grupo Frontera-un x100to,322,84,1,(x20),"10,134,420","906,155,872"
Major Lazer-Lean On,812,215,1,(x73),"3,022,720","903,501,246"
Joji-Glimpse of Us,370,71,1,(x10),"8,707,455","903,289,026"
Rauw Alejandro-Todo De Ti,431,71,2,(x29),"7,399,812","902,083,204"
Tyla-Water,445,3,8,,"3,903,939","897,931,179"
Post Malone-Psycho,557,95,1,(x3),"6,546,243","897,922,392"
DJ Snake-Taki Taki,441,121,1,(x32),"6,255,332","894,324,275"
Arctic Monkeys-Why'd You Only Call Me When You're High?,828,,85,,"1,605,573","891,412,794"
Zach Bryan-I Remember Everything,462,,13,,"3,131,093","891,119,776"
Yng Lvcas-La Bebe - Remix,312,113,2,(x3),"6,495,208","886,845,966"
Chris Brown-Under The Influence,421,51,6,,"4,029,771","886,080,983"
Mike Posner-I Took A Pill In Ibiza - Seeb Remix,698,156,2,(x24),"3,515,689","885,579,145"
Bad Bunny-DtMF,180,126,1,(x16),"14,369,234","884,770,282"
Coldplay-My Universe,508,44,3,(x4),"6,768,788","878,060,454"
Internet Money-Lemonade,459,92,2,(x12),"4,676,627","875,296,416"
Bad Bunny-PERRO NEGRO,377,43,3,(x1),"7,787,911","874,554,918"
Dean Lewis-Be Alright,824,,12,,"2,571,940","868,812,578"
Cardi B-WAP,386,103,1,(x37),"7,175,768","865,593,647"
Ed Sheeran-Beautiful People,500,111,3,(x21),"6,042,828","864,985,505"
Billie Eilish-CHIHIRO,407,14,3,(x1),"10,051,791","864,923,069"
Zach Bryan-Something in the Orange,657,,53,,"1,617,183","860,700,275"
Fleetwood Mac-Dreams - 2004 Remaster,745,,17,,"2,441,194","852,830,471"
KAROL G-TQG,307,86,1,(x6),"9,024,770","852,694,525"
Andy Williams-It's the Most Wonderful Time of the Year,374,41,5,,"13,789,130","847,368,061"
Myke Towers-LALA,282,93,1,(x6),"6,561,472","844,606,688"
KAROL G-PROVENZA,421,33,4,,"4,074,136","842,909,731"
Drake-In My Feelings,364,99,1,(x57),"9,847,333","842,567,102"
Regard-Ride It,679,,12,,"2,795,908","834,423,749"
The Weeknd-Popular,397,1,10,,"4,056,748","828,126,328"
Billie Eilish-Happier Than Ever,482,31,6,,"5,185,866","827,082,250"
Avicii-Wake Me Up,1135,2,4,,"4,470,595","826,030,659"
Billie Eilish-everything i wanted,530,35,1,(x1),"6,706,379","822,587,129"
Doja Cat-Need To Know,422,23,6,,"4,538,806","820,296,282"
Panic! At The Disco-High Hopes,706,9,8,,"2,913,355","819,003,001"
Radiohead-Creep,581,,50,,"2,055,280","808,976,172"
Lil Mosey-Blueberry Faygo,473,41,8,,"3,722,129","807,671,989"
Lost Frequencies-Where Are You Now,521,,17,,"2,581,666","806,820,022"
The Weeknd-Stargirl Interlude,666,,39,,"1,685,404","803,215,601"
Bruno Mars-Leave The Door Open,435,76,4,,"3,931,158","802,639,623"
Rihanna-We Found Love,684,,18,,"2,720,075","802,598,760"
Major Lazer-Cold Water,415,124,1,(x30),"5,821,243","802,152,562"
Taylor Swift-cardigan,509,14,1,(x4),"7,742,178","798,592,854"
Tate McRae-you broke me first,575,,12,,"2,846,451","797,209,064"
Dua Lipa-Dance The Night (From Barbie The Album),332,51,4,,"5,162,419","795,316,102"
Taylor Swift-Lover,509,9,2,(x2),"5,550,879","794,918,070"
Stephen Sanchez-Until I Found You,439,8,6,,"3,717,786","794,509,946"
V-Love Me Again,486,3,10,,"3,773,666","793,978,896"
TV Girl-Lovers Rock,603,,92,,"1,604,623","793,907,358"
Feid-Classy 101,373,21,6,,"4,381,012","793,499,049"
Maluma-Hawái,421,86,2,(x13),"6,400,816","793,442,452"
Gunna-fukumean,368,40,6,,"3,947,656","790,785,629"
Luis Fonsi-Despacito (Featuring Daddy Yankee),437,105,3,(x4),"4,125,267","789,414,310"
Bad Bunny-Moscow Mule,314,83,1,(x1),"11,746,115","782,378,105"
Drake-Jimmy Cooks,533,7,4,,"6,639,768","781,719,845"
Masked Wolf-Astronaut In The Ocean,387,91,2,(x5),"4,628,495","780,496,141"
Imagine Dragons-Enemy,429,91,3,(x31),"4,045,965","777,625,894"
Steve Lacy-Bad Habit,352,29,8,,"3,404,739","776,530,316"
GAYLE-abcdefu,305,136,1,(x28),"5,475,075","776,489,541"
Joel Corry-Head & Heart,481,1,10,,"3,192,515","775,664,589"
Natasha Bedingfield-Unwritten,439,,14,,"3,475,439","774,759,070"
Taylor Swift-Don’t Blame Me,597,,68,,"1,686,630","774,460,715"
Jung Kook-Standing Next to You,373,25,1,(x3),"6,472,019","773,538,917"
BTS-Butter,428,43,2,(x8),"11,042,335","773,357,950"
Sam Smith-Too Good At Goodbyes,748,45,3,(x14),"4,134,961","769,575,302"
Sia-Cheap Thrills,581,131,3,(x11),"3,612,966","769,075,819"
Jawsh 685-Savage Love (Laxed - Sired Beat),381,103,1,(x10),"5,222,103","769,072,293"
Bad Bunny-Callaita,497,61,5,,"4,194,487","768,647,082"
KAROL G-AMARGURA,517,,50,,"1,999,201","767,766,548"
Adele-Set Fire to the Rain,615,,46,,"1,719,764","766,219,355"
Ozuna-Hey Mor,356,,11,,"3,245,523","765,218,719"
Myles Smith-Stargazing,354,,14,,"4,450,434","764,285,997"
Dua Lipa-IDGAF,553,79,3,(x1),"3,463,420","764,027,263"
Tiësto-The Business,499,19,8,,"2,975,887","761,936,265"
Don Omar-Danza Kuduro,555,,64,,"1,968,077","758,032,039"
Kate Bush-Running Up That Hill (A Deal With God),240,92,1,(x17),"8,559,687","756,894,641"
Lil Tecca-Ransom,502,65,3,(x14),"3,925,157","756,056,987"
Justin Bieber-What Do You Mean?,532,170,1,(x53),"4,480,610","755,059,282"
Taylor Swift-Fortnight,235,28,1,(x10),"25,204,472","754,553,837"
Post Malone-I Fall Apart,627,6,10,,"2,648,763","751,801,044"
The Weeknd-Call Out My Name,574,25,1,(x4),"6,473,226","750,481,622"
Jonas Brothers-Sucker,494,72,2,(x11),"5,168,503","750,194,203"
Daddy Yankee-Con Calma,378,107,1,(x2),"4,840,712","747,154,168"
SZA-Saturn,371,,12,,"3,908,695","744,842,025"
Eminem-Godzilla,587,22,3,(x2),"5,932,521","740,089,787"
"Bizarrap-Shakira: Bzrp Music Sessions, Vol. 53",213,74,1,(x3),"14,393,342","739,876,069"
Zedd-The Middle,580,55,6,,"3,232,350","737,695,785"
Topic-Breaking Me,490,42,6,,"3,168,249","737,440,575"
blackbear-hot girl bummer,578,17,9,,"3,190,797","734,801,592"
Future-Life Is Good,492,35,3,(x4),"5,812,401","730,884,163"
Shawn Mendes-Treat You Better,601,82,4,,"3,039,522","729,653,010"
ROSALÍA-DESPECHÁ,311,53,5,,"4,819,385","728,112,787"
Rosa Linn-SNAP,400,,15,,"2,871,217","726,561,118"
Calvin Harris-This Is What You Came For,464,125,2,(x76),"4,121,279","726,247,480"
Charlie Puth-Attention,450,95,5,,"3,327,835","725,384,482"
Taylor Swift-august,488,2,4,,"5,133,322","724,492,425"
Coldplay-A Sky Full of Stars,1000,1,10,,"1,991,371","722,001,239"
Shawn Mendes-There's Nothing Holdin' Me Back,563,34,5,,"3,282,626","721,133,919"
Lil Nas X-THATS WHAT I WANT,382,18,3,(x5),"5,208,116","712,683,820"
DJ Khaled-I'm the One,354,111,2,(x56),"6,004,412","710,871,645"
Linkin Park-Numb,476,,12,,"3,129,200","706,378,298"
Marshmello-FRIENDS,468,90,3,(x2),"3,794,741","705,121,626"
Benson Boone-Slow It Down,369,,26,,"3,082,662","703,780,712"
J Balvin-Mi Gente,398,102,1,(x29),"4,967,261","700,647,325"
Anuel AA-China,373,79,2,(x33),"5,025,519","700,299,345"
Charlie Puth-We Don't Talk Anymore,744,8,9,,"2,699,700","698,996,405"
Calle 24-Que Onda,330,,13,,"3,275,918","697,995,153"
Coolio-Gangsta's Paradise,667,,11,,"3,234,609","696,814,316"
"Justin Timberlake-CAN'T STOP THE FEELING! (Original Song from DreamWorks Animation's ""TROLLS"")",534,97,3,(x40),"3,828,848","696,761,933"
Alan Walker-Faded,645,108,6,,"2,617,975","695,662,686"
Stephen Sanchez-Until I Found You,409,,19,,"2,563,874","695,173,569"
Dasha-Austin,302,,17,,"3,376,339","691,923,182"
Fifth Harmony-Work from Home,518,140,2,(x14),"3,464,320","691,600,792"
Sam Smith-Dancing With A Stranger,528,63,6,,"3,446,291","689,734,075"
Bad Bunny-BAILE INoLVIDABLE,180,72,3,(x1),"8,776,907","689,649,973"
Lola Young-Messy,213,18,8,,"5,133,611","688,536,177"
Bad Bunny-MIA,362,100,1,(x1),"6,592,787","687,139,530"
Tyga-Taste,472,27,5,,"3,743,170","686,007,252"
Justin Bieber-Intentions,378,59,4,,"5,863,115","684,618,862"
Lukas Graham-7 Years,602,97,2,(x14),"3,227,270","682,797,214"
Bebe Rexha-Meant to Be,604,,16,,"2,202,025","678,676,587"
Pedro Capó-Calma - Remix,423,60,5,,"3,597,909","677,924,614"
Dua Lipa-Break My Heart,454,19,6,,"4,276,985","677,077,932"
Ariana Grande-no tears left to cry,430,60,2,(x5),"5,457,046","676,765,440"
Drake-Toosie Slide,325,97,1,(x4),"6,574,812","676,648,172"
a-ha-Take on Me,503,,36,,"2,428,140","676,590,702"
Kenya Grace-Strangers,232,42,3,(x1),"5,042,688","674,352,203"
FIFTY FIFTY-Cupid - Twin Ver.,260,80,3,(x2),"5,408,180","674,345,340"
Jack Harlow-Lovin On Me,223,74,2,(x8),"5,284,347","672,278,136"
Clean Bandit-Rockabye,460,98,3,(x16),"3,988,539","671,697,572"
Pop Smoke-For The Night,411,36,6,,"3,541,237","671,301,822"
ZAYN-I Don’t Wanna Live Forever (Fifty Shades Darker),470,89,2,(x11),"4,587,208","670,849,071"
Dynoro-In My Mind,465,61,4,,"3,399,551","669,517,982"
Doja Cat-Say So,409,56,5,,"3,797,897","668,965,840"
Xavi-La Diabla,208,73,1,(x21),"6,012,846","668,957,026"
Sia-Snowman,283,15,9,,"12,956,323","667,523,002"
PinkPantheress-Boy's a liar Pt. 2,244,64,3,(x6),"6,115,975","666,437,216"
The Weeknd-Save Your Tears,332,16,3,(x1),"5,039,298","666,311,826"
Juice WRLD-Robbery,656,,11,,"2,946,918","664,186,208"
"Gracie Abrams-I Love You, I'm Sorry",327,,15,,"3,223,003","660,498,930"
Marshmello-Silence,481,62,7,,"3,073,182","660,087,451"
Elley Duhé-MIDDLE OF THE NIGHT,410,8,9,,"2,708,200","659,624,921"
Kendrick Lamar-Money Trees,515,,31,,"3,105,268","657,375,901"
Harry Styles-Late Night Talking,347,20,2,(x6),"10,105,889","655,670,922"
Alex Warren-Ordinary,147,105,1,(x50),"6,117,943","655,431,384"
Adele-Hello,515,106,1,(x19),"7,060,919","654,392,042"
Kelly Clarkson-Underneath the Tree,269,11,6,,"14,543,628","653,851,998"
Danny Ocean-Me Rehúso,502,,18,,"2,075,957","653,589,618"
Feid-Feliz Cumpleaños Ferxxo,383,,27,,"2,514,906","652,418,152"
Maroon 5-What Lovers Do,482,78,4,,"3,535,745","649,656,956"
Rihanna-Work,419,99,1,(x63),"5,311,344","647,817,743"
Anne-Marie-2002,622,,25,,"2,009,520","646,948,543"
Kygo-It Ain't Me,380,98,2,(x11),"4,923,684","646,149,695"
José Feliciano-Feliz Navidad,300,14,7,,"12,993,457","645,036,849"
Dean Martin-Let It Snow! Let It Snow! Let It Snow!,255,22,6,,"14,324,413","644,930,938"
Charlie Puth-Left and Right (Feat. Jung Kook of BTS),356,21,3,(x1),"6,792,908","643,640,467"
Post Malone-Goodbyes (Feat. Young Thug),329,91,2,(x4),"5,447,814","642,262,659"
Maluma-Según Quién,336,,16,,"3,043,340","642,000,250"
Chappell Roan-Pink Pony Club,321,,18,,"4,125,297","637,952,741"
The Weeknd-Can't Feel My Face,577,189,1,(x5),"2,925,515","637,039,729"
Shawn Mendes-Stitches,683,142,5,,"2,291,821","635,743,564"
Justin Bieber-Mistletoe,362,,11,,"10,213,509","632,794,891"
Yandel-Yandel 150,244,52,7,,"4,238,967","630,470,976"
Rauw Alejandro-Desesperados,378,52,8,,"3,113,737","628,708,102"
Logic-1-800-273-8255,448,56,3,(x1),"3,458,946","626,129,879"
cassö-Prada,319,,14,,"3,202,209","625,532,304"
Quevedo-Columbia,252,62,5,,"4,556,279","623,093,837"
Charli xcx-Guess featuring billie eilish,305,14,3,(x1),"6,857,314","622,607,989"
Twenty One Pilots-Heathens,437,85,4,,"3,863,076","622,389,311"
Mark Ronson-Uptown Funk,738,151,1,(x63),"2,421,134","620,555,229"
Billie Eilish-LUNCH,198,30,1,(x5),"12,168,561","611,567,800"
Desiigner-Panda,497,93,3,(x11),"3,714,266","609,762,129"
The Weeknd-I Feel It Coming,475,56,4,,"3,435,234","608,108,332"
Major Lazer-Light It Up,524,3,8,,"2,425,423","605,924,015"
Kendrick Lamar-tv off,223,25,5,,"7,484,875","605,327,467"
The Neighbourhood-Daddy Issues,693,,91,,"1,289,430","604,813,843"
Oscar Maydon-Tu Boda,241,36,4,,"6,237,387","601,796,111"
Michael Bublé-Holly Jolly Christmas,329,2,10,,"9,979,369","600,167,781"
Billie Eilish-bury a friend,401,53,2,(x7),"5,563,996","598,467,877"
Lizzo-About Damn Time,307,19,7,,"4,088,930","597,904,592"
Journey-Don't Stop Believin' (2022 Remaster),407,,61,,"1,974,814","596,701,166"
Khalid-Young Dumb & Broke,544,,11,,"2,368,458","595,568,074"
Lady Gaga-Rain On Me,380,49,1,(x6),"6,894,472","593,097,652"
Y2K-Lalala,392,29,4,,"3,613,343","592,313,504"
Khalid-Better,446,16,7,,"3,411,739","591,620,073"
Peso Pluma-LADY GAGA,262,12,6,,"3,817,424","591,410,870"
Drake-Hotline Bling,556,130,1,(x1),"3,365,102","591,265,781"
iñigo quintero-Si No Estás,210,55,1,(x3),"6,249,607","589,851,338"
Drake-Nice For What,298,71,1,(x18),"6,443,974","589,260,626"
Olivia Rodrigo-happier,456,,12,,"4,422,879","589,128,302"
Sabrina Carpenter-Feather,328,,31,,"2,489,216","584,511,152"
Selena Gomez-Wolves,400,94,3,(x9),"3,722,111","582,792,356"
Pop Smoke-What You Know Bout Love,345,42,5,,"3,821,525","581,103,859"
Future-Like That,222,28,4,,"7,424,723","580,254,084"
Tainy-Lo Siento BB:/,364,2,7,,"3,833,415","578,952,205"
Creedence Clearwater Revival-Have You Ever Seen The Rain,410,,58,,"2,097,322","577,991,045"
Alec Benjamin-Let Me Down Slowly,586,,21,,"2,117,171","577,951,301"
Zedd-Stay,381,78,5,,"3,449,228","577,000,515"
Mark Ambor-Belong Together,268,,18,,"3,865,058","575,887,259"
Martin Garrix-In the Name of Love,414,70,5,,"3,245,603","575,747,087"
Nio Garcia-Te Boté - Remix,366,18,7,,"3,082,629","574,736,720"
The Weeknd-Die For You,263,28,3,(x2),"6,413,659","572,611,838"
Black Eyed Peas-RITMO (Bad Boys For Life),330,33,6,,"3,895,457","572,464,627"
Future-Mask Off,400,59,5,,"3,722,691","571,042,619"
Sia-Unstoppable,537,,89,,"1,420,085","570,236,042"
Riton-Friday,343,,11,,"3,391,219","569,644,083"
Camila Cabello-Bam Bam,281,29,5,,"3,320,445","566,167,429"
Bad Bunny-WHERE SHE GOES,183,63,1,(x2),"8,237,840","565,528,743"
Bruno Mars-Talking to the Moon,528,,42,,"1,838,568","563,315,027"
Juice WRLD-All Girls Are The Same,636,,22,,"2,332,215","560,706,165"
"G-Eazy-Me, Myself & I",490,101,3,(x4),"2,715,808","560,137,570"
Bad Bunny-Neverita,321,,11,,"6,148,906","558,855,581"
Avicii-The Nights,775,,15,,"2,676,227","558,342,055"
JP Saxe-If The World Was Ending,543,,37,,"1,622,945","556,523,647"
Jason Derulo-Swalla,377,43,5,,"3,397,657","556,313,459"
Clean Bandit-Symphony,419,11,9,,"3,175,664","554,856,999"
Coldplay-The Scientist,720,,63,,"1,838,896","553,776,098"
Chappell Roan-HOT TO GO!,279,,19,,"2,977,476","552,448,731"
The Kid LAROI-WITHOUT YOU,328,49,6,,"2,951,839","551,151,192"
Unknown Artist-No Me Conoce - Remix,420,,17,,"2,285,536","550,798,902"
Bad Bunny-NUEVAYoL,180,29,5,,"8,031,545","550,367,087"
Harry Styles-Falling,618,,18,,"3,073,344","549,628,217"
Sabrina Carpenter-Bed Chem,247,9,9,,"4,301,297","549,081,206"
Dave-Sprinter,227,35,4,,"4,580,405","548,993,255"
BlocBoy JB-Look Alive,392,48,6,,"3,456,501","547,583,102"
Kali Uchis-Moonlight,330,,34,,"2,202,739","546,198,904"
Zara Larsson-Lush Life,637,,14,,"1,871,808","545,990,676"
Rvssian-Santa,237,,12,,"4,874,921","544,804,225"
Beyoncé-CUFF IT,303,,11,,"3,450,238","542,712,809"
DNCE-Cake By The Ocean,559,,12,,"2,345,115","540,907,345"
Drake-Too Good,339,117,5,,"2,990,051","539,908,098"
Clean Bandit-Solo,339,48,7,,"3,625,328","538,330,585"
Drake-Rich Flex,227,29,1,(x2),"10,479,067","536,529,430"
Ed Sheeran-Galway Girl,408,35,2,(x7),"4,758,418","536,301,550"
Hailee Steinfeld-Starving,468,,11,,"2,397,722","536,221,362"
Dua Lipa-Houdini,252,7,2,(x1),"5,424,356","535,327,813"
Twenty One Pilots-Ride,547,9,9,,"2,311,720","535,230,933"
Ariana Grande-Side To Side,417,73,6,,"3,081,499","534,974,548"
MEDUZA-Piece Of Your Heart,427,,13,,"2,571,819","534,038,311"
The Kid LAROI-NIGHTS LIKE THIS,292,,34,,"2,477,910","533,817,805"
The Chainsmokers-Paris,348,77,2,(x23),"4,279,110","531,460,400"
Måneskin-I WANNA BE YOUR SLAVE,272,32,8,,"4,338,367","531,189,317"
XXXTENTACION-Revenge,503,,24,,"2,377,815","529,832,796"
SZA-Nobody Gets Me,335,2,7,,"4,524,097","528,233,624"
Khalid-Location,549,,33,,"1,618,740","527,974,262"
Travis Scott-BUTTERFLY EFFECT,573,,30,,"2,701,244","527,592,249"
Rauw Alejandro-Qué Pasaría...,231,,13,,"4,298,237","527,560,291"
Bruno Mars-24K Magic,437,43,5,,"3,109,808","526,733,023"
Sam Smith-How Do You Sleep?,304,45,7,,"3,323,651","526,607,118"
Ariana Grande-34+35,314,26,2,(x1),"6,029,516","525,225,592"
Ed Sheeran-Castle on the Hill,389,70,2,(x15),"5,631,276","521,758,591"
Julia Michaels-Issues,447,4,9,,"2,995,183","521,324,799"
Richy Mitch & The Coal Miners-Evergreen,301,,31,,"2,401,898","521,216,863"
GIVĒON-Heartbreak Anniversary,331,25,8,,"3,483,944","521,117,880"
Calvin Harris-Promises,363,50,4,,"3,491,483","520,088,625"
Jack Ü-Where Are Ü Now,549,144,3,(x3),"1,952,323","519,124,349"
Jack Harlow-First Class,199,43,1,(x1),"10,665,270","519,064,354"
Meek Mill-Going Bad,393,6,8,,"2,777,063","518,669,657"
The Ronettes-Sleigh Ride,248,2,9,,"10,884,432","518,452,605"
Bad Bunny-LA NOCHE DE ANOCHE,283,23,2,(x2),"6,631,602","515,478,688"
Ali Gatie-It's You,462,,27,,"1,911,957","515,455,971"
Sam Smith-Stay With Me,901,147,2,(x8),"1,283,703","514,907,518"
Becky G-MAMIII,270,50,5,,"3,724,525","512,627,407"
Arcángel-La Jumpa,210,31,7,,"4,234,260","511,364,205"
Axwell /\ Ingrosso-More Than You Know,431,,14,,"2,526,853","511,247,072"
Taylor Swift-Karma,302,8,8,,"10,776,931","510,340,340"
Drake-Laugh Now Cry Later,308,38,2,(x7),"4,940,552","509,626,265"
Demi Lovato-Sorry Not Sorry,381,16,7,,"2,952,488","507,635,767"
Queen-Another One Bites The Dust - Remastered 2011,602,,32,,"1,663,155","506,194,386"
J. Cole-MIDDLE CHILD,382,29,2,(x4),"5,564,318","505,742,320"
Shawn Mendes-If I Can't Have You,366,51,3,(x3),"4,389,428","504,465,150"
DJ Khaled-Wild Thoughts,284,79,2,(x28),"4,822,700","503,946,320"
Kali Uchis-telepatía,287,41,2,(x7),"4,194,349","503,089,033"
XXXTENTACION-changes,487,7,4,,"6,141,143","501,903,226"
Taylor Swift-Style,279,,12,,"3,188,443","501,391,084"
Loud Luxury-Body,456,,18,,"2,464,650","500,601,776"
RAYE-Escapism.,216,16,9,,"3,787,106","500,599,996"
Surf Mesa-ily,321,15,9,,"2,956,048","500,335,917"
TOTO-Africa,623,,113,,"1,565,682","499,917,010"
Drake-Money In The Grave (Drake ft. Rick Ross),378,30,4,,"4,019,849","499,848,542"
Portugal. The Man-Feel It Still,448,,17,,"2,138,241","498,277,206"
Jonas Blue-Fast Car,432,31,10,,"2,504,935","498,114,284"
Polo G-RAPSTAR,302,35,3,(x14),"4,940,022","498,088,134"
Liam Payne-Strip That Down,329,59,8,,"3,002,377","497,367,993"
Ariana Grande-Stuck with U,333,20,1,(x1),"6,583,884","496,819,267"
Junior H-El Azul,254,,11,,"3,529,514","496,307,413"
Surfaces-Sunday Best,312,,12,,"2,925,191","496,024,986"
Martin Garrix-Scared to Be Lonely,397,27,5,,"3,450,826","493,845,185"
Lizzo-Truth Hurts,316,,15,,"2,464,925","492,421,247"
NF-Let You Down,327,77,6,,"3,032,537","492,237,653"
Drake-Passionfruit,399,40,2,(x16),"5,587,887","491,722,119"
Band Aid-Do They Know It's Christmas? - 1984 Version,293,4,3,(x1),"7,690,866","490,291,472"
Rudimental-These Days,359,11,9,,"2,928,307","489,637,307"
Frank Sinatra-Let It Snow! Let It Snow! Let It Snow!,318,2,10,,"7,848,893","489,559,270"
XXXTENTACION-Fuck Love,545,3,5,,"5,398,344","488,482,779"
ZAYN-Dusk Till Dawn,291,73,3,(x2),"3,365,644","486,959,789"
Post Malone-I Like You (A Happier Song),291,3,6,,"4,373,313","486,900,993"
"Tyler, The Creator-Like Him",243,,20,,"4,552,988","485,334,472"
Travis Scott-I KNOW ?,278,,11,,"6,789,555","485,248,773"
ZAYN-PILLOWTALK,413,87,1,(x11),"3,781,525","484,589,224"
Selena Gomez-Lose You To Love Me,266,37,1,(x3),"8,166,076","482,751,556"
The Chainsmokers-Roses,488,43,7,,"2,161,881","482,541,088"
J Balvin-UN DIA (ONE DAY) (Feat. Tainy),342,11,9,,"3,171,918","482,046,740"
Surf Curse-Freaks,450,,50,,"1,542,683","481,934,352"
Bad Bunny-VOY A LLeVARTE PA PR,180,25,7,,"6,323,200","481,731,201"
Bad Bunny-EoO,180,7,9,,"5,418,939","481,720,976"
Bad Bunny-Party,232,25,6,,"7,130,704","481,255,049"
Khalid-Love Lies,349,5,9,,"3,002,171","480,886,683"
The Weeknd-I Was Never There,357,1,8,,"3,535,917","480,668,998"
"Dan + Shay-10,000 Hours",391,21,5,,"3,675,426","480,638,282"
Maroon 5-Payphone,492,,63,,"1,363,984","480,461,317"
Wiz Khalifa-See You Again,567,111,1,(x34),"3,578,943","480,069,378"
Duncan Laurence-Arcade,405,,14,,"2,315,473","480,064,510"
CKay-love nwantiti (ah ah ah),285,6,9,,"3,529,602","479,396,386"
Offset-Ric Flair Drip,476,,29,,"1,682,554","478,857,864"
ROSALÍA-BESO,195,31,4,,"5,349,715","477,500,978"
Oasis-Wonderwall - Remastered,746,,16,,"3,494,822","477,405,441"
"gnash-i hate u, i love u",403,,13,,"2,022,716","476,399,590"
Jung Kook-3D,213,25,1,(x1),"8,470,334","476,368,539"
Nicky Jam-X,234,72,3,(x1),"3,945,044","476,282,186"
J Balvin-Qué Más Pues?,249,9,9,,"4,139,680","473,158,904"
Bad Bunny-Tarot,240,6,5,,"7,642,942","472,434,945"
WALK THE MOON-Shut Up and Dance,701,,13,,"1,519,047","471,933,393"
The Weeknd-Save Your Tears (Remix),418,,42,,"1,838,630","471,524,517"
Nirvana-Smells Like Teen Spirit - Remastered,470,,98,,"1,444,327","471,402,090"
Tory Lanez-The Color Violet,380,,60,,"1,692,553","471,377,989"
Tito Double P-DOS DÍAS,244,,24,,"2,755,400","471,142,451"
Kodak Black-ZEZE,273,67,3,(x5),"4,452,210","470,553,282"
Taylor Swift-I Can Do It With a Broken Heart,178,12,3,(x1),"13,650,325","469,720,658"
Carín León-Primera Cita,275,,18,,"2,640,819","469,275,094"
Linkin Park-The Emptiness Machine,197,26,5,,"6,441,158","468,866,546"
Metro Boomin-Too Many Nights,359,,26,,"2,795,996","468,255,768"
Nicky Youre-Sunroof,331,,27,,"2,220,588","468,233,889"
Drake-Fake Love,329,68,5,,"3,161,371","468,058,701"
yung kai-blue,215,,22,,"2,961,787","467,097,703"
Lil Nas X-Old Town Road,258,70,2,(x1),"4,331,942","466,704,871"
KAROL G-BICHOTA,231,67,2,(x1),"3,903,196","465,700,353"
Juice WRLD-Come & Go,325,33,2,(x1),"5,350,650","465,253,095"
The Weeknd-In Your Eyes,363,7,4,,"4,822,111","465,080,582"
Michael Marcagi-Scared To Start,258,,22,,"2,942,309","463,814,659"
Ed Sheeran-Happier,628,5,7,,"3,524,292","463,581,393"
ACRAZE-Do It To It,281,17,6,,"4,648,931","463,480,303"
New West-Those Eyes,358,,75,,"1,546,922","462,363,405"
Bazzi-Mine,345,44,3,(x7),"3,442,457","462,048,429"
Robin Schulz-Sugar,488,35,7,,"2,046,642","461,442,340"
Shakira-Te Felicito,273,,12,,"3,473,687","460,727,036"
Jaymes Young-Infinity,298,4,10,,"2,671,517","459,392,948"
Aventura-Volví,282,7,7,,"4,408,752","459,276,354"
Maluma-Felices los 4,331,,16,,"2,638,301","459,227,992"
¥$-CARNIVAL,137,48,1,(x1),"6,842,727","458,896,948"
Beyoncé-TEXAS HOLD 'EM,146,49,1,(x2),"6,630,465","457,396,714"
Starley-Call On Me - Ryan Riback Extended Remix,330,,12,,"2,574,373","457,018,897"
Calvin Harris-Feels,265,74,5,,"3,499,197","456,897,665"
Pitbull-Give Me Everything,324,,58,,"2,124,394","456,892,679"
Doja Cat-Streets,329,12,7,,"2,765,213","456,882,894"
LISA-MONEY,266,31,5,,"4,359,380","456,750,403"
Cris MJ-Una Noche en Medellín,268,16,6,,"2,919,397","456,544,356"
Lady Gaga-Abracadabra,151,22,2,(x1),"8,450,162","455,923,237"
MEDUZA-Lose Control,382,,27,,"2,036,769","454,152,887"
Sia-Chandelier,791,124,2,(x1),"1,305,917","453,681,884"
Rihanna-Needed Me,409,,13,,"2,104,004","451,689,841"
NewJeans-OMG,230,,11,,"3,140,808","451,165,651"
Doja Cat-Agora Hills,212,,13,,"3,163,985","451,020,545"
Maroon 5-Sugar,630,79,3,(x27),"1,951,680","450,265,505"
Luis Fonsi-Échame La Culpa,281,52,5,,"2,948,993","449,846,353"
Maroon 5-Don't Wanna Know,284,90,4,,"3,122,855","449,618,312"
Justin Bieber-Holy,255,41,4,,"4,687,166","449,332,869"
Drake-Nonstop,306,18,1,(x3),"9,298,297","449,175,595"
Taylor Swift-Lavender Haze,238,18,2,(x5),"16,419,161","447,677,666"
Peso Pluma-PRC,190,11,8,,"4,053,056","446,473,148"
Jonas Blue-Mama,312,,11,,"2,831,676","445,091,863"
Eminem-Houdini,146,22,2,(x3),"9,187,418","444,466,440"
Natanael Cano-Madonna,220,,15,,"3,611,369","443,726,321"
Myke Towers-LA FALDA,245,,20,,"3,003,443","443,234,063"
Bad Bunny-VeLDÁ,180,14,8,,"5,881,515","443,079,008"
Lil Baby-Drip Too Hard (Lil Baby & Gunna),343,,12,,"2,521,699","441,029,078"
Paulo Londra-Adan y Eva,291,1,10,,"2,701,993","440,769,331"
21 Savage-redrum,164,28,6,,"4,392,161","440,050,958"
21 Savage-Bank Account,367,,21,,"2,110,041","439,636,001"
Queen-Don't Stop Me Now - Remastered 2011,511,,47,,"1,539,298","438,821,496"
Adam Port-Move,231,,17,,"3,225,246","438,617,990"
"Ariana Grande-break up with your girlfriend, i'm bored",237,49,2,(x17),"7,709,744","437,732,762"
Xavi-La Víctima,180,19,6,,"4,148,718","437,442,061"
Meghan Trainor-Made You Look,205,8,9,,"3,412,241","436,275,519"
DJ Snake-Middle,443,,15,,"2,166,471","436,216,031"
Tiësto-The Motto,305,,20,,"2,177,584","435,785,120"
Nat King Cole-The Christmas Song (Merry Christmas To You),240,,14,,"9,014,824","434,861,502"
Hailee Steinfeld-Let Me Go,340,,14,,"2,180,938","434,632,263"
Plan B-Es un Secreto,330,,82,,"1,730,840","434,529,317"
Jonas Blue-Perfect Strangers,409,,12,,"2,592,140","434,087,179"
Olivia Rodrigo-favorite crime,338,,11,,"3,789,940","433,840,875"
Myke Towers-Bandido,236,43,5,,"3,152,486","433,748,141"
The Marías-No One Noticed,237,,32,,"2,451,627","433,187,521"
Luis R Conriquez-Si No Quieres No,225,,21,,"3,263,223","432,531,390"
Sheck Wes-Mo Bamba,296,1,10,,"2,697,820","431,461,701"
Carín León-Que Vuelvas,278,,30,,"2,409,277","429,890,862"
Justin Bieber-Yummy,202,50,2,(x6),"5,715,468","428,561,308"
Mabel-Don't Call Me Up,310,3,9,,"2,683,806","426,511,177"
BENEE-Supalonely,226,2,10,,"2,999,999","426,415,038"
SZA-Good Days,282,32,5,,"3,131,896","426,139,423"
Grupo Frontera-EL AMOR DE SU VIDA,266,,24,,"2,192,746","425,499,533"
Childish Gambino-Redbone,521,,34,,"1,761,215","425,196,987"
Calvin Harris-How Deep Is Your Love,442,98,3,(x11),"2,088,623","425,117,823"
Teddy Swims-Bad Dreams,243,,41,,"2,457,331","424,256,384"
W Sound-La Plena - W Sound 05,128,89,4,,"4,187,761","421,865,585"
DJ Snake-Loco Contigo,247,10,8,,"3,128,737","421,359,572"
Khalid-Talk,307,9,10,,"2,986,035","420,957,076"
Juice WRLD-Wishing Well,306,14,6,,"4,340,046","420,630,823"
Lil Uzi Vert-Just Wanna Rock,250,,27,,"2,473,640","420,344,496"
Billie Eilish-Therefore I Am,235,28,2,(x7),"5,829,722","420,200,116"
Shakira-Chantaje,352,,11,,"2,522,138","420,178,904"
Jonas Blue-Rise,311,,11,,"3,084,279","419,661,649"
Libianca-People,240,,34,,"2,336,360","419,641,214"
CJ-Whoopty,255,25,8,,"2,889,189","418,959,455"
Natanael Cano-AMG,184,,11,,"3,626,717","417,971,315"
Jay Wheeler-La Curiosidad,287,,19,,"2,379,352","415,811,917"
David Guetta-2U,219,76,3,(x10),"4,407,218","415,539,830"
Selena Gomez-Back To You,305,19,4,,"3,546,654","414,829,197"
Miley Cyrus-Angels Like You,247,,19,,"2,542,994","414,543,956"
Fetty Wap-Trap Queen,561,68,7,,"1,654,480","412,797,596"
Maroon 5-Maps,615,50,5,,"1,508,556","410,941,964"
Chris Brown-No Guidance,319,1,8,,"3,048,025","410,659,384"
Doja Cat-You Right,360,,14,,"3,834,435","410,249,087"
Feid-Normal,333,,27,,"2,096,930","410,100,172"
Sebastian Yatra-Pareja Del Año,245,7,9,,"3,424,701","409,836,602"
Ellie Goulding-Love Me Like You Do,525,98,2,(x2),"2,736,325","407,547,214"
Pop Smoke-Dior,469,,34,,"1,894,448","406,659,769"
Migos-Bad and Boujee,409,10,8,,"2,912,104","406,657,213"
Lunay-Soltera - Remix,263,24,7,,"3,064,807","406,319,389"
Los Legendarios-Fiel,211,43,7,,"3,804,749","405,556,753"
The Weeknd-Reminder,353,,25,,"1,783,256","405,373,518"
Billie Eilish-ocean eyes,518,,83,,"1,618,720","404,852,625"
Neton Vega-Loco,181,,14,,"4,403,686","404,525,909"
Calvin Harris-Slide,257,,12,,"2,756,988","404,437,723"
Fuerza Regida-HARLEY QUINN,176,1,10,,"3,771,128","402,932,190"
Shawn Mendes-Mercy,406,,19,,"1,915,350","402,786,765"
Peso Pluma-LA PATRULLA,219,,29,,"2,602,093","402,777,043"
Ozuna-Vaina Loca,278,,12,,"2,506,025","402,745,785"
NewJeans-Super Shy,192,8,4,,"4,726,910","401,458,677"
Alleh-capaz (merengueton),194,,34,,"2,783,445","401,310,695"
6ix9ine-FEFE,212,56,2,(x11),"4,552,685","399,749,761"
Kygo-Higher Love,397,,25,,"2,125,893","399,605,223"
Oliver Tree-Miss You,180,2,9,,"3,331,100","399,444,717"
Juice WRLD-Bandit,325,1,6,,"3,354,970","398,769,847"
ROSALÍA-Con Altura,322,,28,,"1,918,789","398,495,826"
David Guetta-I Don't Wanna Wait,215,,33,,"2,747,461","396,712,188"
Tate McRae-Sports car,161,,14,,"3,536,111","396,633,282"
Rae Sremmurd-Black Beatles,306,56,1,(x11),"4,839,904","396,390,487"
Bad Bunny-Safaera,260,11,7,,"3,694,044","396,269,194"
Tiësto-Jackie Chan,267,,11,,"3,282,147","396,140,498"
Rauw Alejandro-Khé?,194,,21,,"3,337,499","395,713,930"
Mora-Volando - Remix,297,,19,,"2,811,719","393,603,448"
Kanye West-Heartless,303,,72,,"1,881,409","393,249,659"
Coldplay-Sparks,301,,47,,"1,950,923","392,749,414"
Bad Bunny-MONACO,146,26,1,(x7),"12,445,382","391,727,754"
"Ariana Grande-yes, and?",138,29,1,(x8),"11,212,602","390,055,717"
Kygo-Firestone,579,53,4,,"1,354,798","388,100,502"
NATTI NATASHA-Criminal,329,,16,,"1,955,034","388,049,247"
Lauv-i'm so tired...,305,,17,,"2,351,454","387,164,446"
Justin Bieber-Lonely,215,31,5,,"3,672,939","385,388,896"
BLACKPINK-Pink Venom,187,35,1,(x3),"7,937,046","384,934,801"
BLACKPINK-Shut Down,227,17,1,(x6),"6,601,921","384,743,677"
Calvin Harris-My Way,276,34,7,,"2,908,256","382,393,243"
Jason Derulo-Want to Want Me,499,97,3,(x28),"2,110,635","382,237,095"
The Neighbourhood-Softcore,330,,31,,"1,704,140","381,951,089"
Ariana Grande-Into You,346,,12,,"2,265,842","381,650,138"
Metro Boomin-Superhero (Heroes & Villains) [with Future & Chris Brown],217,1,9,,"3,539,810","381,226,013"
Sevdaliza-Alibi,153,,12,,"4,570,682","379,953,817"
OMI-Cheerleader (Felix Jaehn Remix),312,181,2,(x14),"2,177,833","379,323,288"
Sech-Otro Trago,208,64,4,,"3,873,412","379,255,058"
MEDUZA-Paradise,299,,24,,"2,005,116","378,173,508"
THE SCOTTS-THE SCOTTS,192,48,1,(x7),"7,446,848","376,778,402"
Zara Larsson-Never Forget You,398,,21,,"1,612,602","376,580,925"
Imagine Dragons-Natural,326,,13,,"2,633,269","376,064,392"
Future-WAIT FOR U,263,2,5,,"3,389,422","375,638,009"
FloyyMenor-PELIGROSA,227,,23,,"2,751,782","375,372,576"
Post Malone-White Iverson,729,,36,,"917,051","374,104,170"
Shawn Mendes-In My Blood,360,4,4,,"3,842,434","373,232,548"
Lil Nas X-Panini,221,21,6,,"3,824,604","372,265,570"
Bing Crosby-White Christmas,267,1,10,,"6,557,406","371,981,989"
Galantis-No Money,292,41,9,,"2,678,457","371,953,792"
JENNIE-like JENNIE,119,54,5,,"4,370,596","370,536,348"
Wisin-Escápate Conmigo,354,,36,,"1,605,002","370,528,815"
DJ Khaled-POPSTAR,280,7,4,,"4,282,116","370,178,717"
Rauw Alejandro-LOKERA,245,,37,,"2,134,213","370,033,935"
Tito Double P-EL LOKERON,182,,19,,"3,095,262","369,544,193"
sombr-back to friends,108,60,2,(x15),"5,278,429","369,481,526"
Zion & Lennox-Otra vez,462,,38,,"1,176,076","369,056,927"
Cheat Codes-Sex,328,6,10,,"2,543,625","368,802,602"
Ariana Grande-God is a woman,228,35,2,(x7),"4,258,244","368,492,837"
Metro Boomin-Trance,271,,42,,"2,384,243","368,321,591"
Jin-Running Wild,183,4,6,,"5,394,468","368,284,118"
KAROL G-MI EX TENÍA RAZÓN,235,,15,,"3,172,787","367,921,040"
Passenger-Let Her Go,922,,47,,"1,140,796","367,357,322"
Nio Garcia-AM Remix,247,,11,,"3,683,264","367,271,465"
Teddy Swims-The Door,269,,88,,"1,713,919","366,831,958"
XXXTENTACION-Look At Me!,518,,21,,"2,448,985","365,132,150"
BLACKPINK-How You Like That,257,14,2,(x2),"4,894,830","364,910,816"
Post Malone-Candy Paint,354,,16,,"3,007,149","364,888,257"
zzoilo-Mon Amour - Remix,315,,30,,"1,847,480","364,236,867"
Mike Perry-The Ocean,284,,11,,"2,255,510","364,142,361"
Shakin' Stevens-Merry Christmas Everyone,213,,16,,"8,465,910","363,987,982"
Lil Wayne-Sucker For Pain,348,19,10,,"2,731,930","362,506,220"
Chris Rea-Driving Home for Christmas - 2019 Remaster,176,1,9,,"8,436,727","361,732,066"
KYLE-iSpy,338,,18,,"2,099,569","361,633,750"
Kendrick Lamar-DNA.,331,15,3,(x5),"5,247,033","361,390,580"
Dennis Lloyd-Nevermind,247,,17,,"2,354,159","360,631,826"
Burl Ives-A Holly Jolly Christmas - Single Version,230,,13,,"8,634,458","360,151,435"
Sech-Relación - Remix,222,,11,,"2,762,369","359,409,969"
Anuel AA-Secreto,226,8,9,,"3,086,532","358,927,858"
Alemán-Te Quería Ver,149,,13,,"3,399,821","358,745,407"
DRAM-Broccoli,405,,23,,"1,606,391","358,456,348"
Maggie Lindemann-Pretty Girl - Cheat Codes X CADE Remix,310,,21,,"2,248,426","356,882,781"
Doechii-Anxiety,121,36,2,(x6),"6,747,953","356,762,523"
Travis Scott-Goosebumps - Remix,271,,31,,"1,934,278","356,408,615"
Lil Pump-Gucci Gang,227,49,4,,"3,489,690","356,386,000"
Junior H-Y LLORO,239,,53,,"2,258,459","355,833,257"
Drake-Jumpman,500,,14,,"1,334,273","355,521,010"
BTS-Boy With Luv,316,21,3,(x4),"4,589,347","355,218,547"
John Lennon-Happy Xmas (War Is Over) - Remastered 2010,152,,12,,"9,395,288","355,070,946"
Becky G-Sin Pijama,276,,20,,"2,329,186","354,719,751"
Avicii-SOS,195,52,3,(x1),"5,101,320","354,516,064"
Eminem-River,196,64,2,(x4),"4,495,842","354,278,282"
Bad Bunny-La Corriente,225,,12,,"6,117,130","352,793,231"
Don Toliver-No Pole,230,,58,,"2,102,738","352,645,707"
ILLIT-Magnetic,151,1,10,,"4,023,140","352,534,289"
Bad Bunny-Vete,214,1,6,,"3,863,395","351,979,210"
Cardi B-Bodak Yellow,332,,15,,"2,343,380","351,893,466"
Martin Jensen-Solo Dance,350,,24,,"1,828,124","351,441,113"
Justin Bieber-Hold On,215,27,2,(x1),"4,699,653","350,895,239"
Jason Mraz-I'm Yours,734,,110,,"1,386,324","350,705,453"
Dua Lipa-Physical,242,2,8,,"3,799,456","350,654,940"
Fuerza Regida-Bebe Dame,195,,17,,"2,911,324","349,890,505"
A Boogie Wit da Hoodie-Swervin,322,,23,,"2,152,336","349,631,682"
Drake-Controlla,328,,22,,"1,843,014","349,587,944"
Sabrina Carpenter-Juno,214,,22,,"3,601,118","349,133,616"
V-Winter Ahead,212,,15,,"4,219,748","349,115,627"
*NSYNC-Bye Bye Bye,147,8,8,,"5,087,372","347,617,870"
Taylor Swift-Is It Over Now? (Taylor's Version) (From The Vault),153,19,1,(x3),"10,029,659","347,475,382"
Camila Cabello-Never Be the Same,262,27,4,,"3,334,515","347,446,417"
Anitta-Envolver,197,38,1,(x3),"7,278,115","347,409,580"
Lana Del Rey-Say Yes To Heaven,247,1,7,,"4,102,365","347,402,095"
Bad Bunny-Yo Perreo Sola,238,,16,,"3,188,473","346,879,568"
Perry Como-It's Beginning to Look a Lot Like Christmas,209,,17,,"8,095,145","345,565,264"
Jack Harlow-WHATS POPPIN,271,,11,,"2,536,919","344,486,459"
Fuerza Regida-ME JALO,187,,38,,"2,419,281","343,789,946"
Kendrick Lamar-LOVE. FEAT. ZACARI.,387,,15,,"2,993,089","343,289,361"
Flo Rida-My House,402,,13,,"1,934,359","342,623,779"
ATB-Your Love (9PM),241,,24,,"2,090,904","342,475,762"
DaBaby-BOP,296,,21,,"2,327,200","342,194,945"
Arctic Monkeys-No. 1 Party Anthem,227,,70,,"1,905,570","340,239,591"
Jessie J-Bang Bang,638,88,4,,"1,238,424","339,788,195"
Pop Smoke-Mood Swings,252,2,10,,"2,779,526","339,355,315"
XXXTENTACION-Everybody Dies In Their Nightmares,433,1,6,,"4,620,477","338,957,626"
Young Thug-The London,249,11,4,,"4,036,952","338,527,796"
Nicki Minaj-Barbie World,146,30,4,,"5,220,880","337,770,498"
Kygo-Stole the Show,458,73,3,(x1),"1,746,125","336,020,253"
Kygo-Stay,328,22,8,,"1,796,878","335,790,434"
Avicii-Lonely Together,280,,17,,"3,223,513","335,238,632"
Post Malone-One Right Now,240,5,7,,"4,252,161","334,490,677"
BoyWithUke-Toxic,233,,19,,"2,325,939","333,915,657"
Drake-NOKIA,140,,15,,"3,350,460","333,735,091"
Kina-Get You The Moon,456,,90,,"995,956","333,141,265"
NewJeans-Ditto,165,2,9,,"3,324,434","332,653,707"
Reik-Me Niego,256,,20,,"2,045,998","332,540,769"
Ed Sheeran-South of the Border,248,4,9,,"3,941,042","332,051,750"
Cardi B-Up,190,,13,,"2,839,310","332,026,103"
FRENSHIP-Capsize,323,,23,,"1,829,684","331,803,535"
Ellie Goulding-Close To Me,286,,18,,"2,060,406","330,642,802"
Jack Harlow-WHATS POPPIN,242,,23,,"2,055,760","330,144,277"
Jason Derulo-Take You Dancing,265,,26,,"2,026,190","330,141,872"
Boza-Hecha Pa' Mi,213,,14,,"2,501,983","330,029,766"
"KAROL G-Ay, DiOs Mío!",224,,12,,"2,683,122","329,946,008"
Ed Sheeran-Perfect Duet (Ed Sheeran & Beyoncé),308,20,3,(x6),"4,250,965","329,897,898"
J Balvin-Rojo,254,,14,,"3,568,919","329,665,954"
Taylor Swift-You Need To Calm Down,252,21,3,(x1),"5,011,975","329,597,903"
Beéle-Mi Refe,183,,47,,"2,288,344","329,507,567"
Fuerza Regida-SABOR FRESA,193,,15,,"3,245,400","329,368,195"
"Olivia Rodrigo-jealousy, jealousy",254,,14,,"3,908,159","329,086,857"
Cris MJ-SI NO ES CONTIGO,172,,30,,"2,890,319","328,862,532"
Miley Cyrus-Prisoner,230,1,10,,"4,022,659","328,626,610"
Billie Eilish-wish you were gay,264,14,2,(x2),"4,694,627","328,119,723"
Kendrick Lamar-squabble up,137,8,3,(x1),"8,815,927","327,903,493"
Macklemore-Glorious,249,,13,,"2,678,079","327,836,438"
CKay-love nwantiti,195,,13,,"3,169,405","326,585,349"
Kiiara-Gold,388,,29,,"1,520,364","326,530,573"
Justin Bieber-Friends,212,35,2,(x5),"4,053,188","326,074,930"
Mora-LA INOCENTE,287,,68,,"1,397,754","326,018,002"
Drake-Knife Talk,247,,11,,"7,071,572","325,916,259"
Kanye West-I Love It (& Lil Pump),180,41,1,(x21),"5,466,955","325,719,578"
Dua Lipa-Training Season,173,1,7,,"4,293,993","325,510,024"
Avicii-Without You,306,1,7,,"4,297,592","325,422,497"
Rauw Alejandro-Reloj,251,,25,,"2,076,454","324,842,957"
Rauw Alejandro-Fantasias,266,,25,,"1,964,614","324,450,772"
Future-Type Shit,168,2,5,,"6,009,059","324,385,933"
Drake-IDGAF,157,8,3,(x1),"7,596,720","324,289,197"
Avicii-Waiting For Love,420,69,4,,"4,250,176","324,195,864"
Adele-Send My Love (To Your New Lover),318,,13,,"2,083,135","324,033,866"
Chase Atlantic-Swim,225,,46,,"2,266,910","323,974,121"
Dalex-Pa Mí - Remix,239,,15,,"2,401,166","323,868,171"
Marshmello-El Merengue,217,,43,,"2,069,406","323,839,481"
The Weeknd-Earned It (Fifty Shades Of Grey),491,47,6,,"1,838,320","323,722,622"
Coldplay-Adventure of a Lifetime,404,10,7,,"1,828,178","322,371,799"
Manuel Turizo-La Nota,240,,21,,"2,209,319","322,129,578"
Paul McCartney-Wonderful Christmastime - Edited Version / Remastered 2011,137,,14,,"9,217,618","321,850,456"
Sam Smith-I'm Not The Only One,569,,21,,"1,372,576","320,995,436"
Central Cee-Doja,187,,14,,"2,866,753","320,699,138"
Mau y Ricky-Desconocidos,300,,28,,"1,835,585","320,639,348"
CYRIL-Stumblin' In,192,,47,,"2,178,394","319,638,091"
Mustard-Ballin',323,,35,,"1,771,331","318,748,156"
R. City-Locked Away,345,74,4,,"2,005,579","318,317,625"
Lewis Capaldi-Bruises,405,,53,,"1,269,691","317,925,320"
Niall Horan-Slow Hands,272,,28,,"1,842,919","317,920,839"
Fuerza Regida-TQM,162,8,8,,"4,247,396","317,715,353"
Daddy Yankee-Dura,219,8,8,,"2,882,201","317,586,973"
Quevedo-PUNTO G,198,,19,,"3,032,878","317,551,536"
Shakira-Hips Don't Lie,239,,63,,"1,913,386","317,307,493"
Cheat Codes-No Promises,289,,24,,"2,173,358","316,991,247"
Nicki Minaj-Super Freaky Girl,165,,13,,"3,251,058","315,811,482"
Feid-CHORRITO PA LAS ANIMAS,200,,40,,"2,199,927","314,355,462"
Post Malone-Chemical,198,,17,,"4,084,883","313,481,023"
Bad Bunny-Después de la Playa,170,5,3,(x1),"8,741,780","313,048,680"
Imagine Dragons-Enemy,98,63,4,,"3,987,909","313,016,395"
Gucci Mane-Wake Up in the Sky,257,,24,,"1,973,042","312,915,459"
Bazzi-Beautiful,278,,28,,"1,764,805","312,832,210"
Piso 21-Déjala Que Vuelva,282,,29,,"1,780,146","311,930,882"
Charlie Puth-Light Switch,219,,11,,"2,767,221","311,126,935"
George Ezra-Shotgun,316,,35,,"1,681,691","311,040,546"
Lil Tjay-Calling My Phone,185,25,3,(x2),"4,527,281","310,569,820"
Taylor Swift-Midnight Rain,156,22,4,,"12,578,139","310,349,931"
Ozuna-Caramelo,217,,15,,"2,399,094","310,106,719"
Ava Max-Kings & Queens,272,,37,,"1,749,742","309,643,378"
Peso Pluma-BELLAKEO,141,5,8,,"3,576,642","309,374,001"
Tito Double P-ROSONES,144,,16,,"3,242,611","306,536,779"
Coldplay-Hymn for the Weekend - Seeb Remix,268,,16,,"2,123,003","306,140,028"
Taylor Swift-Look What You Made Me Do,167,44,1,(x15),"7,908,492","305,549,210"
Tiësto-Don't Be Shy,266,,37,,"1,811,351","305,215,061"
Dove Cameron-Boyfriend,214,,11,,"2,423,970","304,651,042"
Harry Styles-Sign of the Times,294,,13,,"2,913,674","304,519,570"
Dominic Fike-3 Nights,343,,46,,"1,518,491","303,526,966"
Drake-Rich Baby Daddy,184,,22,,"3,639,944","303,459,970"
"Bizarrap-Peso Pluma: Bzrp Music Sessions, Vol. 55",122,24,1,(x2),"7,913,713","303,105,982"
Calvin Harris-Blame,473,128,1,(x31),"1,888,171","302,992,654"
DaBaby-Suge,292,,23,,"1,910,197","302,535,980"
Tito Double P-NADIE,159,,32,,"2,888,187","302,535,470"
Camila Cabello-My Oh My,191,,14,,"2,838,823","302,186,950"
Adele-Rolling in the Deep,405,,28,,"1,892,231","301,966,402"
Enrique Iglesias-SUBEME LA RADIO,217,,23,,"2,167,417","301,732,326"
Ozuna-Baila Baila Baila,210,1,9,,"2,663,132","301,330,276"
Kungs-This Girl - Kungs Vs. Cookin' On 3 Burners,203,,13,,"2,414,813","300,433,811"
The Chainsmokers-All We Know,212,10,9,,"2,602,515","300,392,684"
Oscar Maydon-Fin de Semana,186,,39,,"2,215,040","300,285,796"
"Beach Weather-Sex, Drugs, Etc.",243,,53,,"1,519,143","299,824,019"
Maluma-11 PM,250,,28,,"1,863,817","299,779,234"
StaySolidRocky-Party Girl,194,12,8,,"2,946,506","299,521,244"
mgk-my ex's best friend,310,,36,,"1,841,713","299,276,073"
Nicky Jam-El Perdón,512,,16,,"1,164,583","298,515,974"
Maroon 5-Beautiful Mistakes,219,,32,,"2,035,906","297,969,587"
CNCO-Reggaetón Lento (Bailemos),339,,30,,"1,594,281","297,110,378"
Calvin Harris-Outside,477,93,4,,"1,406,546","296,605,369"
Harry Styles-Lights Up,245,13,3,(x1),"4,666,429","296,283,888"
THE ANXIETY-Meet Me At Our Spot,221,,23,,"2,198,947","296,022,978"
Elvis Presley-Blue Christmas,236,,14,,"6,915,919","295,576,652"
Chino Pacas-El Gordo Trae El Mando,177,,21,,"2,781,129","295,126,774"
Trueno-REAL GANGSTA LOVE,109,1,10,,"4,914,785","295,125,739"
Maluma-Corazón,245,,14,,"2,099,160","294,709,391"
Kordhell-Murder In My Mind,244,,71,,"1,402,465","294,694,103"
Gorillaz-Feel Good Inc,212,,94,,"1,644,210","294,634,214"
Maluma-HP,217,,16,,"2,366,224","294,170,748"
Chrystal-The Days - NOTION Remix,179,,49,,"2,203,114","294,105,810"
Flume-Never Be Like You,382,,31,,"1,415,379","294,087,112"
Ritt Momney-Put Your Records On,228,,15,,"2,410,834","293,904,398"
BTS-Permission to Dance,184,14,2,(x1),"7,339,385","293,654,905"
"Tyler, The Creator-Sticky",137,2,9,,"6,143,339","293,572,483"
Justin Bieber-Anyone,173,20,4,,"3,327,798","293,543,796"
Swedish House Mafia-Moth To A Flame,194,6,4,,"4,913,963","293,363,587"
Dalex-Hola - Remix,261,,28,,"2,002,507","293,249,385"
Alessia Cara-Scars To Your Beautiful,308,,22,,"1,556,485","293,163,265"
Harry Styles-Golden,277,,21,,"2,965,398","292,249,617"
Coldplay-Hymn for the Weekend,385,,24,,"1,522,043","292,233,814"
Eladio Carrion-Coco Chanel,163,3,9,,"3,826,006","292,192,129"
Neton Vega-Morena,139,,23,,"2,833,981","291,676,432"
Enrique Iglesias-DUELE EL CORAZON,324,,24,,"1,627,812","291,315,254"
Doja Cat-Get Into It (Yuh),267,,35,,"1,849,958","291,076,280"
Maluma-Sobrio,249,,36,,"1,798,169","290,956,361"
XXXTENTACION-Arms Around You,180,33,3,(x1),"4,078,146","290,810,103"
David Guetta-Baby Don't Hurt Me,180,,44,,"2,179,589","290,356,627"
Lil Baby-Yes Indeed,245,,12,,"2,664,433","290,349,656"
Big Sean-Bounce Back,335,,19,,"2,052,027","290,259,364"
Nicky Jam-Te Robaré,223,,24,,"1,895,860","290,244,899"
Lil Dicky-Freaky Friday,184,20,7,,"3,675,243","290,176,541"
Anuel AA-Ella Quiere Beber - Remix,253,,30,,"1,744,253","289,697,724"
Black Eyed Peas-MAMACITA,197,,17,,"2,460,639","288,842,182"
Oliver Tree-Life Goes On,170,,14,,"3,030,521","288,324,781"
MØ-Final Song,288,,20,,"2,003,923","288,284,746"
TINI-Miénteme,232,,37,,"1,852,975","288,035,516"
Coi Leray-Players,156,,19,,"2,672,256","287,699,243"
Taiu-Rara Vez,190,,36,,"2,302,239","287,497,097"
Zach Bryan-Pink Skies,160,,18,,"3,920,369","287,231,255"
Gabito Ballesteros-Presidente,153,,32,,"2,497,382","287,011,894"
Bad Bunny-KLOuFRENS,158,,18,,"4,042,502","286,989,984"
Bruno Mars-Finesse - Remix; feat. Cardi B,192,39,4,,"3,135,025","286,887,856"
Martin Garrix-There for You,215,,17,,"2,446,201","286,810,077"
Shakira-Monotonía,154,,12,,"3,914,846","285,796,324"
A$AP Rocky-Praise The Lord (Da Shine),261,,14,,"2,498,337","285,754,795"
Tainy-Adicto,206,,21,,"2,025,017","285,634,300"
Luke Combs-Fast Car,210,,75,,"1,669,753","284,423,118"
The Weeknd-Take My Breath,159,7,7,,"4,861,544","284,136,517"
G-Eazy-Him & I,175,32,6,,"2,809,055","283,979,204"
Grupo Frontera-No Se Va - En Vivo,200,,30,,"2,135,431","283,465,393"
Benson Boone-In The Stars,245,,49,,"1,732,744","283,170,216"
Selena Gomez-Good For You,364,70,6,,"1,601,802","282,861,904"
Mr.Kitty-After Dark,280,,97,,"1,177,373","282,669,315"
The Pogues-Fairytale of New York,237,,18,,"5,582,578","282,619,497"
Arcángel-Sigues Con El,212,,19,,"2,392,969","282,401,990"
David Guetta-Flames,225,,17,,"2,139,524","282,339,021"
J Balvin-QUE PRETENDES,237,,11,,"2,891,186","281,478,602"
Peso Pluma-Por las Noches,169,,22,,"2,691,459","281,155,645"
Becky G-Mayores,263,,30,,"1,638,335","280,737,654"
Charlie Puth-How Long,224,,15,,"2,132,535","280,441,688"
Nio Garcia-La Jeepeta - Remix,190,,12,,"2,581,230","279,693,433"
Farruko-La Tóxica,201,,19,,"2,237,945","279,685,146"
Ozuna-Se Preparó,256,,27,,"1,739,012","279,445,548"
Lil Peep-Falling Down - Bonus Track,181,29,2,(x8),"5,251,813","279,433,576"
Drake-Way 2 Sexy,158,12,4,,"9,551,514","279,259,509"
Felix Jaehn-Ain't Nobody (Loves Me Better),374,,11,,"1,393,529","279,114,391"
Clean Bandit-I Miss You,226,,20,,"2,033,145","278,895,921"
Calvin Harris-Giant,208,,19,,"2,367,650","278,801,574"
"Sofía Reyes-1, 2, 3",256,,31,,"1,772,795","278,716,494"
Queen-Under Pressure - Remastered,364,,11,,"1,374,748","277,835,139"
Marshmello-Be Kind,229,,19,,"2,428,184","277,186,255"
Hanumankind-Big Dawgs,98,24,7,,"4,734,493","276,899,077"
Shawn Mendes-Monster (Shawn Mendes & Justin Bieber),164,10,6,,"4,839,390","276,851,056"
Chris Brown-Go Crazy,235,,36,,"1,824,626","276,347,219"
Central Cee-BAND4BAND,103,,11,,"5,494,335","276,209,555"
Imagine Dragons-Bad Liar,252,,12,,"2,651,606","275,242,403"
6ix9ine-BEBE,191,,13,,"2,665,148","275,011,737"
The Weeknd-Heartless,202,9,2,(x2),"5,983,842","274,979,030"
Doja Cat-Vegas (From the Original Motion Picture Soundtrack ELVIS),187,,26,,"2,075,337","274,945,595"
Peggy Gou-(It Goes Like) Nanana - Edit,151,,20,,"2,757,441","274,341,717"
Anitta-Downtown,217,,19,,"1,948,369","273,943,375"
Chris Jedi-Ahora Dice,295,,44,,"1,461,687","273,852,428"
Rita Ora-Your Song,241,,28,,"1,882,997","273,758,529"
Loreen-Tattoo,180,4,5,,"4,275,290","273,651,545"
Sleepy Hallow-2055,223,,30,,"1,995,048","273,541,055"
Darlene Love-Christmas (Baby Please Come Home),158,,20,,"7,163,907","273,003,394"
Bad Bunny-Sensualidad,225,,19,,"1,920,543","272,839,143"
Imagine Dragons-Whatever It Takes,413,,46,,"1,450,256","272,618,577"
Marshmello-Here With Me,207,,11,,"2,378,803","272,374,472"
Nicky Jam-El Amante,260,,32,,"1,660,705","272,370,526"
WizTheMc-Show Me Love,121,,17,,"3,055,678","270,936,441"
Rema-Calm Down,250,,68,,"1,606,874","270,159,318"
Dua Lipa-Levitating,285,,35,,"1,945,105","269,604,164"
One Direction-Drag Me Down,296,62,1,(x1),"3,110,064","269,555,015"
Taylor Swift-All Too Well (10 Minute Version) (Taylor's Version) (From The Vault),156,21,1,(x6),"6,673,846","269,514,967"
Clean Bandit-Rather Be,620,,12,,"1,044,748","268,444,959"
H.E.R.-Best Part,246,,84,,"1,566,896","267,252,717"
Drake-Wants and Needs,215,4,2,(x1),"6,145,492","267,176,934"
Doja Cat-Boss Bitch,201,,18,,"2,267,055","267,088,580"
James Hype-Ferrari,195,,29,,"2,157,589","266,880,666"
David Guetta-Bang My Head,300,,14,,"1,634,783","266,792,733"
sombr-undressed,99,42,6,,"3,832,133","266,502,293"
DJ Luian-Verte Ir,205,,22,,"1,995,873","266,393,254"
Yahritza Y Su Esencia-Frágil,151,,26,,"2,394,363","266,168,297"
James Bay-Let It Go,658,,56,,"626,725","266,019,647"
Ariana Grande-breathin,190,11,2,(x2),"4,082,390","264,929,699"
The Chainsmokers-Takeaway,241,,26,,"1,995,566","264,529,066"
Louis Tomlinson-Back to You,214,,14,,"2,565,513","264,501,813"
Ozuna-Una Locura,214,,30,,"1,908,990","264,207,305"
Carolina Gaitán - La Gaita-We Don't Talk About Bruno,134,37,7,,"3,392,705","264,033,756"
Meghan Trainor-All About That Bass,364,125,1,(x3),"1,660,932","263,806,497"
Khalid-Saturday Nights,230,,18,,"2,233,859","263,704,162"
Bad Bunny-Un Ratito,158,2,7,,"7,539,323","263,393,406"
Katy Perry-Never Really Over,196,6,9,,"3,035,332","262,717,058"
Adele-Oh My God,172,9,2,(x1),"6,785,654","262,360,382"
Selena Gomez-Hands To Myself,292,2,10,,"1,881,798","262,186,812"
Omar Courtz-Q U E V A S H A C E R H O Y ?,129,,11,,"3,663,433","262,154,909"
Jax Jones-You Don't Know Me,245,,17,,"2,308,596","261,548,916"
Quevedo-VISTA AL MAR,189,,43,,"1,995,154","260,742,167"
Miley Cyrus-Midnight Sky,181,1,10,,"2,742,579","260,565,050"
Lost Frequencies-Are You With Me,411,3,10,,"1,455,943","260,343,755"
Fetty Wap-679,429,,11,,"1,444,452","260,110,991"
Adele-Someone Like You,385,,31,,"2,013,682","259,972,857"
Taylor Swift-Shake It Off,212,42,1,(x35),"1,888,054","259,911,908"
Selena Gomez-Baila Conmigo,168,,16,,"2,647,852","259,740,100"
Eminem-Superman,229,,93,,"1,316,863","259,552,228"
Alessia Cara-How Far I'll Go,245,,18,,"2,100,899","259,077,790"
Jordan Adetunji-KEHLANI,146,,33,,"2,601,569","258,681,372"
Flo Rida-GDFR,430,60,6,,"1,484,181","258,425,205"
Ravyn Lenae-Love Me Not,107,26,8,,"3,526,237","258,123,575"
Migos-Walk It Talk It,244,,14,,"2,438,262","257,914,087"
YNW Melly-Murder On My Mind,228,,18,,"2,456,570","257,473,961"
Camilo-Vida de Rico,185,,23,,"2,151,599","257,271,286"
J Balvin-Bonita,254,,37,,"1,534,419","256,656,065"
The Weeknd-São Paulo,139,4,7,,"4,952,967","256,542,368"
DJ Khaled-No Brainer,133,34,2,(x6),"4,388,771","256,299,194"
Camilo-Tutu,216,,24,,"2,192,172","256,116,122"
Taylor Swift-Down Bad,88,10,2,(x2),"17,431,926","256,094,647"
Lady Gaga-Always Remember Us This Way,275,,33,,"1,544,385","256,001,542"
A Boogie Wit da Hoodie-Look Back At It,204,,20,,"2,257,098","255,805,598"
J Balvin-Morado,203,,27,,"2,756,514","255,677,816"
Kygo-Stargazing,209,,15,,"2,227,381","255,474,652"
Kanye West-Father Stretch My Hands Pt. 1,323,,29,,"1,919,568","255,156,549"
Doechii-DENIAL IS A RIVER,114,,16,,"4,088,151","254,893,324"
Sech-Otro Trago - Remix,196,3,9,,"3,114,393","254,539,053"
Lukas Graham-Love Someone,253,,50,,"1,332,438","254,490,440"
Myke Towers-DEGENERE 👑,122,,18,,"3,248,982","254,242,795"
Olivia Rodrigo-bad idea right?,109,20,3,(x1),"6,558,285","254,091,865"
J Balvin-No Es Justo,209,,27,,"1,871,542","254,070,142"
Sech-Relación,183,,21,,"2,297,405","253,280,344"
Taylor Swift-Enchanted,200,,41,,"2,101,190","253,054,509"
Billie Eilish-idontwannabeyouanymore,306,,60,,"1,175,065","252,909,806"
JID-Surround Sound,137,,30,,"2,469,850","252,888,132"
Lil Nas X-HOLIDAY,183,,16,,"2,424,589","252,508,376"
Rvssian-Nostálgico,214,,37,,"1,695,657","252,481,699"
J Balvin-Azul,279,,37,,"2,295,701","251,624,739"
Imagine Dragons-Radioactive,763,,43,,"592,677","251,193,371"
Sebastian Yatra-Tacones Rojos,223,,38,,"1,585,145","251,057,848"
Calvin Harris-Miracle,169,,56,,"1,948,101","250,957,318"
Katy Perry-Chained To The Rhythm,181,21,6,,"3,304,019","250,833,952"
Bad Bunny-Ignorantes,162,9,4,,"5,040,301","250,578,526"
Ellie Goulding-On My Mind,236,74,6,,"1,973,250","250,474,623"
Blessd-Mirame,138,,31,,"2,631,112","250,043,305"
David Guetta-This One's for You,199,17,9,,"2,621,647","249,681,333"
Arcane-Ma Meilleure Ennemie - from the series Arcane League of Legends,96,10,3,(x4),"8,007,681","249,398,855"
BTS-Life Goes On,199,7,3,(x3),"6,450,392","249,200,566"
Paulo Londra-Tal Vez,201,,21,,"2,076,864","248,951,627"
d4vd-Feel It,156,,43,,"2,134,747","248,771,659"
Fifth Harmony-Worth It,443,2,10,,"1,367,839","248,749,485"
Imogen Heap-Headlock,165,,63,,"1,914,324","247,942,137"
Camilo-Favorito,218,,28,,"2,050,220","247,445,334"
Jaxomy-Pedro,117,,23,,"3,585,491","247,355,027"
Marshmello-Leave Before You Love Me,226,,51,,"1,472,298","247,220,818"
Fuerza Regida-Por Esos Ojos,135,,26,,"2,562,115","245,286,485"
P!nk-What About Us,231,,14,,"2,209,448","245,254,353"
Macklemore & Ryan Lewis-Can't Hold Us,720,,57,,"1,348,365","245,109,896"
Manuel Turizo-Una Lady Como Tú,271,,38,,"1,529,049","244,759,255"
Rauw Alejandro-Cúrame,200,,34,,"1,844,807","244,634,675"
Mustard-Pure Water,230,,35,,"1,670,193","244,589,209"
Rich The Kid-Plug Walk,226,,18,,"2,396,547","244,489,731"
Peso Pluma-TULUM,136,,23,,"2,478,435","244,465,619"
Saweetie-Best Friend,203,,42,,"1,619,773","244,269,655"
YG Marley-Praise Jah In The Moonlight,102,1,10,,"3,928,582","244,195,710"
Nirvana-Smells Like Teen Spirit,330,,92,,"1,158,852","243,807,781"
Martin Garrix-Summer Days,166,,18,,"2,374,199","243,224,760"
Drake-Fair Trade,150,13,3,(x3),"11,642,541","243,209,270"
Gera MX-Botella Tras Botella,171,4,4,,"4,890,744","243,023,026"
"ROSALÍA-Yo x Ti, Tu x Mi",183,,19,,"2,316,059","242,823,702"
G-Eazy-No Limit,213,,18,,"2,143,869","242,718,604"
Tate McRae-exes,141,,20,,"2,903,895","242,685,409"
AgroPlay-Nosso Quadro,171,,31,,"2,471,541","242,582,842"
Future-Low Life,398,,43,,"1,088,662","242,427,901"
Tate McRae-Revolving door,129,,18,,"3,433,940","242,402,493"
Adele-When We Were Young,365,,22,,"2,321,137","242,254,391"
Ariana Grande-Dangerous Woman,240,,13,,"2,062,701","239,912,699"
Tito Double P-ESCAPATE,139,,38,,"2,450,730","239,118,551"
Eminem-Lucky You,155,28,1,(x6),"5,360,080","238,879,692"
Bad Bunny-TE MUDASTE,200,2,3,(x1),"6,125,084","238,397,018"
Galantis-Runaway (U & I),606,,33,,"791,274","238,314,608"
Maroon 5-Animals,432,67,3,(x7),"1,223,931","238,170,822"
"Earth, Wind & Fire-September",188,,46,,"2,219,256","237,657,767"
David Guetta-Hey Mama,315,60,4,,"1,935,863","237,435,713"
Chezile-Beanie,152,,53,,"2,168,681","236,868,968"
mgk-Bad Things - With Camila Cabello,205,,16,,"2,155,609","236,598,533"
Miley Cyrus-Malibu,193,9,5,,"3,252,029","236,594,026"
Kanye West-Flashing Lights,190,,113,,"1,500,152","236,571,952"
Ñengo Flow-Gato de Noche,135,,13,,"4,342,113","236,541,778"
Wisin-Mi Niña,210,,37,,"1,827,456","236,187,152"
Joel Adams-Please Don't Go,231,,25,,"1,627,927","236,122,201"
Flipp Dinero-Leave Me Alone,233,,31,,"1,686,958","235,851,201"
Pop Smoke-The Woo,179,,12,,"2,918,502","235,737,195"
Sophie Ellis-Bextor-Murder On The Dancefloor,110,,12,,"3,750,617","235,380,074"
J Balvin-Safari,318,,33,,"1,402,861","235,285,298"
Ozuna-Síguelo Bailando,249,,40,,"1,479,788","234,720,061"
KAROL G-EL MAKINON,177,,28,,"2,075,322","234,704,231"
Polo G-Martin & Gina,279,,77,,"1,098,423","234,452,637"
Sam Hunt-Body Like A Back Road,306,,55,,"1,051,671","234,245,896"
Lil Nas X-STAR WALKIN' (League of Legends Worlds Anthem),159,,19,,"2,683,801","234,156,278"
Noah Cyrus-July,301,,75,,"1,349,292","233,817,759"
Maluma-Parce,216,,35,,"1,820,878","233,664,203"
Lady Gaga-Poker Face,161,,24,,"2,497,363","233,640,233"
The Vamps-All Night,224,,21,,"1,805,900","233,630,567"
Doja Cat-Ain't Shit,177,,21,,"2,440,122","233,364,879"
6ix9ine-GOOBA,138,14,2,(x1),"4,456,057","233,332,921"
Tame Impala-The Less I Know The Better,342,,139,,"1,208,815","233,252,726"
Bad Bunny-WELTiTA,101,5,10,,"5,191,558","232,668,589"
Sia-Elastic Heart,459,30,7,,"1,316,953","232,555,641"
MAGIC!-Rude,409,74,1,(x22),"1,529,747","232,540,852"
Migos-Slippery,321,,67,,"950,690","232,235,285"
Guns N' Roses-Sweet Child O' Mine,223,,94,,"1,415,637","231,997,329"
Blessd-Medallo,192,,43,,"1,549,545","231,991,286"
Martin Garrix-Ocean,172,,13,,"3,101,516","231,607,377"
Bad Bunny-La Difícil,147,16,4,,"4,944,733","231,054,904"
Lele Pons-Se Te Nota,176,,23,,"2,163,750","230,805,529"
Pitbull-Time of Our Lives,406,33,8,,"1,391,103","230,732,200"
Rihanna-FourFiveSeconds,391,32,1,(x18),"2,420,310","230,517,246"
Rich Amiri-ONE CALL,134,,39,,"2,288,635","230,430,034"
Kygo-Whatever,153,,78,,"1,835,048","230,422,050"
Danny Ocean-Fuera del mercado,178,,21,,"2,157,399","230,190,527"
Ricky Martin-Vente Pa' Ca,315,,37,,"1,159,097","230,167,030"
Ed Sheeran-Merry Christmas,106,,16,,"8,364,952","230,110,891"
Halsey-You should be sad,144,,16,,"3,087,369","230,085,411"
Ariana Grande-the boy is mine,126,3,9,,"4,916,944","229,793,746"
Steve Aoki-Just Hold On,180,,15,,"2,263,211","229,102,308"
Shawn Mendes-Wonder,150,,12,,"3,415,334","228,970,920"
Alok-Hear Me Now,270,,26,,"1,674,405","228,850,353"
Chuck Berry-Run Rudolph Run - Single Version,150,,27,,"6,171,157","228,648,863"
Rita Ora-Let You Love Me,195,,24,,"1,908,718","228,571,868"
Maroon 5-Cold,181,,17,,"2,394,254","228,542,862"
Don Toliver-No Idea,212,,26,,"2,002,311","228,389,378"
Becky G-Cuando Te Besé,201,,39,,"1,512,550","228,341,391"
girl in red-we fell in love in october,176,,32,,"2,322,902","227,389,949"
The Weeknd-Pray For Me,136,35,3,(x4),"3,807,792","227,314,201"
LIT killah-Los del Espacio,122,,16,,"2,869,711","227,287,253"
Mark Ronson-Nothing Breaks Like a Heart,174,,19,,"2,064,426","227,080,349"
Kent Jones-Don't Mind,200,,15,,"2,114,380","226,682,675"
Black Eyed Peas-GIRL LIKE ME,186,,34,,"1,700,182","226,658,507"
Dua Lipa-We're Good,154,1,10,,"2,757,148","226,446,002"
Ariana Grande-intro (end of the world),114,,14,,"4,656,358","226,288,946"
Britney Spears-My Only Wish (This Year),184,,29,,"5,805,911","225,724,454"
21 Savage-a lot,183,,16,,"2,581,753","225,240,567"
Taylor Swift-ME!,193,,12,,"2,614,948","225,201,995"
Ellie Goulding-Hate Me,251,,25,,"2,198,926","225,173,212"
AJR-Weak,243,,25,,"1,792,423","225,088,263"
Bad Bunny-La Santa,210,1,10,,"4,238,798","224,905,141"
Travis Scott-MY EYES,144,1,7,,"7,690,559","224,824,931"
Myke Towers-ADIVINO,113,,12,,"5,074,498","224,443,362"
Camila Cabello-Liar,152,,20,,"2,534,465","224,334,641"
Fuerza Regida-Ch y la Pizza,153,,44,,"2,134,953","223,536,999"
Melanie Martinez-Play Date,188,,27,,"1,996,619","223,450,524"
Elton John-Step Into Christmas,152,,19,,"5,952,873","223,424,354"
Ariana Grande-Break Free,379,78,2,(x10),"1,400,059","223,266,385"
Justin Quiles-Jeans,190,,31,,"1,903,144","223,128,208"
Roddy Ricch-High Fashion,195,,26,,"1,993,498","222,761,594"
Tiësto-10:35,147,,46,,"2,173,505","222,729,678"
Rauw Alejandro-Tattoo - Remix,126,,21,,"2,278,864","222,266,943"
Sebastian Yatra-Chica Ideal,176,,32,,"1,949,701","222,134,265"
Olivia Rodrigo-brutal,142,6,7,,"5,508,799","222,103,863"
NIKI-You'll Be in My Heart - Spotify Singles,103,,15,,"2,875,886","221,798,283"
WILLOW-Wait a Minute!,179,,25,,"2,061,608","221,479,038"
The Chainsmokers-This Feeling,235,,19,,"2,114,622","220,918,497"
Calvin Harris-Summer,438,12,4,,"1,465,435","220,866,245"
Silk City-Electricity,187,,13,,"2,458,612","220,853,050"
Ariana Grande-boyfriend,124,21,3,(x7),"4,907,855","220,843,950"
JACKBOYS-OUT WEST,254,,11,,"3,185,180","220,825,450"
NEIKED-Better Days (NEIKED x Mae Muller x Polo G),198,,29,,"1,885,878","220,638,093"
BLACKPINK-Ice Cream,127,12,4,,"5,060,036","220,392,949"
Addison Rae-Diet Pepsi,125,,28,,"2,956,708","220,293,837"
Kendrick Lamar-euphoria,82,9,2,(x1),"9,206,498","220,203,583"
Lilly Wood and The Prick-Prayer in C - Robin Schulz Radio Edit,450,34,5,,"1,071,264","219,943,743"
J Balvin-In Da Getto,159,,22,,"2,616,946","219,808,017"
Danny Ocean-Imagínate,139,,37,,"2,625,323","219,312,677"
Bad Bunny-Un Coco,172,,22,,"4,657,868","218,870,748"
Childish Gambino-This Is America,125,27,1,(x9),"5,762,441","218,862,014"
The Chainsmokers-Who Do You Love,196,,31,,"2,271,755","218,680,839"
Alex Favela-Elovrga,147,,50,,"1,938,421","218,587,173"
Beyoncé-BREAK MY SOUL,123,6,5,,"5,145,450","217,759,680"
Jonas Brothers-Only Human,238,,21,,"2,139,502","217,027,586"
Nacho-Báilame - Remix,249,,52,,"1,214,222","216,643,329"
The Outfield-Your Love,160,,115,,"1,582,046","216,601,643"
Charlie Puth-Marvin Gaye,355,,14,,"1,202,528","216,482,278"
Carlos Vives-La Bicicleta,346,,54,,"892,646","216,263,504"
KAROL G-CAIRO,152,,32,,"2,474,965","216,239,579"
Kygo-Remind Me to Forget,200,,26,,"1,863,680","216,154,268"
Migos-Stir Fry,172,,15,,"2,308,109","216,152,092"
Wolfine-Bella,170,,24,,"1,920,012","216,037,128"
Cigarettes After Sex-Cry,167,,116,,"1,479,483","215,863,692"
Anuel AA-Amanece,198,,39,,"1,630,678","215,771,143"
Dante Klein-Let Me Hold You (Turn Me On),210,,22,,"1,827,445","215,267,568"
Demi Lovato-Cool for the Summer,297,,15,,"1,627,374","215,150,925"
Seafret-Atlantis,185,,55,,"1,447,051","214,635,438"
Central Cee-LET GO,106,,12,,"4,034,603","213,984,039"
KAROL G-X SI VOLVEMOS,117,2,9,,"4,238,157","213,871,626"
Halsey-Now Or Never,200,,28,,"1,921,285","213,751,976"
Billie Eilish-you should see me in a crown,229,,11,,"3,432,074","213,705,386"
Ariana Grande-One Last Time,428,2,9,,"1,160,411","213,560,186"
ROSALÍA-TKN,148,1,8,,"3,436,187","213,406,139"
Drake-First Person Shooter,121,5,2,(x1),"8,066,220","213,104,097"
Alphaville-Forever Young,128,,42,,"2,195,933","212,574,346"
Zion & Lennox-La Player (Bandolera),227,,47,,"1,331,801","212,301,309"
Drake-Don’t Matter To Me,110,22,1,(x6),"7,207,106","211,997,531"
Taylor Swift-Guilty as Sin?,89,,11,,"12,651,611","211,776,879"
Rudimental-Lay It All on Me,262,,17,,"1,457,242","211,669,177"
Disturbed-The Sound of Silence - CYRIL Remix,152,,80,,"1,789,439","211,560,583"
David Guetta-Say My Name,241,,37,,"1,761,099","211,208,832"
Kapo-UWAIE,105,,16,,"3,247,281","211,001,614"
Polo G-Pop Out,209,,37,,"1,709,061","210,945,832"
Kygo-Born To Be Yours,171,,22,,"2,135,514","210,109,307"
Rita Ora-Anywhere,212,,35,,"1,556,639","209,954,096"
Megan Thee Stallion-Savage Remix,139,,11,,"3,263,894","209,947,924"
Piso 21-Te Vi,192,,43,,"1,524,027","209,597,510"
Joel Corry-BED,173,,40,,"1,756,122","209,311,296"
Gabito Ballesteros-7 Dias,104,,15,,"3,900,049","209,121,021"
Sech-911,153,,22,,"2,173,319","208,999,915"
Don Toliver-After Party,205,,40,,"1,666,180","208,670,113"
A$AP Ferg-Plain Jane,237,,33,,"1,537,360","208,290,695"
Selena Gomez-Bad Liar,151,1,5,,"3,460,367","208,271,154"
Kygo-First Time,169,,17,,"2,546,984","207,885,286"
Selena Gomez-Same Old Love,267,,13,,"1,415,228","207,799,516"
Taylor Swift-Snow On The Beach,80,15,3,(x4),"15,030,183","207,333,725"
The Chainsmokers-Call You Mine,178,,17,,"2,352,384","207,328,266"
Jombriel-VITAMINA,119,,24,,"2,625,391","207,193,563"
Lady Gaga-Bloody Mary,113,,24,,"2,814,555","207,093,622"
Bebe Rexha-I'm a Mess,244,,47,,"1,266,777","206,816,866"
Ryan Castro-Jordan,162,,27,,"2,017,218","206,669,090"
SZA-Shirt,125,,18,,"3,949,534","206,400,376"
JENNIE-Mantra,94,6,5,,"5,247,858","206,233,719"
XXXTENTACION-Hope,276,,16,,"3,046,403","206,232,211"
Wisin & Yandel-Besos Moja2,160,,55,,"1,773,414","206,072,616"
NewJeans-Hype Boy,177,,69,,"1,484,178","205,968,898"
Timeflies-Once In a While,245,,35,,"1,385,070","205,587,483"
Aminé-Caroline,261,,37,,"1,278,758","205,329,779"
Tito Double P-TATTOO,111,,21,,"3,156,166","205,321,044"
Lil Tecca-Dark Thoughts,111,,18,,"3,432,607","205,236,121"
LiL CaKe-MERCHO,129,,36,,"2,344,888","204,941,456"
Sean Paul-No Lie,298,,72,,"969,913","204,852,326"
OneRepublic-Rescue Me,184,,30,,"1,737,721","204,469,447"
Post Malone-Go Flex,324,,51,,"1,292,006","204,219,463"
Ava Max-So Am I,198,,40,,"1,647,742","203,823,993"
Rauw Alejandro-2/Catorce,155,,29,,"2,348,584","203,587,835"
Tainy-Agua,142,,16,,"2,293,470","203,571,866"
CNCO-Hey DJ,244,,48,,"1,358,460","203,083,136"
Anuel AA-Sola (Remix),310,,86,,"846,561","202,558,466"
Dua Lipa-Kiss and Make Up,175,,13,,"2,423,056","202,530,865"
Bad Bunny-Si Veo a Tu Mamá,141,12,6,,"4,742,097","202,506,223"
Majestic-Rasputin,160,,35,,"1,905,574","202,482,732"
Tainy-MOJABI GHOST,116,1,10,,"3,734,382","202,432,809"
Bazzi-I.F.L.Y.,220,,44,,"1,394,588","201,940,166"
Rauw Alejandro-Elegí,200,,53,,"1,347,261","201,839,200"
Maluma-Borro Cassette,488,,64,,"621,184","201,672,218"
Rihanna-Breakin' Dishes,139,,85,,"1,867,356","201,642,565"
Post Malone-Take What You Want,132,7,5,,"4,843,981","201,505,707"
Chappell Roan-Red Wine Supernova,129,,68,,"1,946,109","201,492,437"
Rihanna-Lift Me Up,118,2,3,(x1),"7,605,514","201,469,976"
One Direction-Perfect,217,14,2,(x1),"2,611,830","201,390,121"
Khalid-OTW,194,,23,,"1,884,339","201,200,444"
Nick Jonas-Close,190,,23,,"1,730,025","201,047,486"
Taylor Swift-willow,133,7,1,(x1),"7,268,039","200,958,507"
"Flo Rida-I Don't Like It, I Love It",344,10,9,,"1,339,798","200,629,707"
Shawn Mendes-Lost In Japan,247,,20,,"2,151,292","200,351,927"
Lil Tecca-500lbs,150,,82,,"1,711,334","200,210,410"
Bad Bunny-Andrea,142,,21,,"4,719,701","200,153,019"
Jin-Don’t Say You Love Me,49,45,1,(x1),"5,693,634","200,026,429"
Bad Bunny-Dos Mil 16,156,,17,,"5,637,087","200,015,120"
Charlie Puth-One Call Away,292,,25,,"1,332,187","199,775,336"
James Arthur-Train Wreck,200,,52,,"1,317,476","199,727,622"
Eminem-Till I Collapse,234,,63,,"1,336,293","199,696,778"
Bella Poarch-Build a Bitch,112,,20,,"2,925,180","199,535,779"
LISA-Rockstar,86,1,8,,"5,890,735","199,455,881"
Daddy Yankee-La Rompe Corazones,268,,69,,"947,886","199,083,204"
SZA-BMF,95,,16,,"3,209,421","198,815,280"
Ozuna-Despeinada,171,,33,,"1,905,368","198,779,079"
INTERWORLD-METAMORPHOSIS,161,,88,,"1,453,382","198,576,163"
Carlos Vives-Robarte un Beso,241,,61,,"1,073,286","198,538,486"
Nio Garcia-AM,104,,12,,"3,156,484","198,450,881"
Selena Gomez-Kill Em With Kindness,209,,21,,"1,868,718","197,940,426"
Daddy Yankee-Adictiva,182,,34,,"1,674,778","197,535,058"
Rihanna-Bitch Better Have My Money,391,,16,,"2,273,612","197,528,269"
Bryson Tiller-Don't,382,,36,,"936,320","197,453,110"
Bad Bunny-A Tu Merced,202,,39,,"2,314,387","196,946,473"
Deorro-Five More Hours - Deorro x Chris Brown,348,,16,,"1,196,884","196,927,212"
Kali Uchis-Igual Que Un Ángel,77,6,8,,"4,326,494","196,815,650"
SHAED-Trampoline,152,,18,,"2,224,704","196,726,572"
AURORA-Runaway,144,,16,,"2,631,344","196,525,293"
Sia-The Greatest,136,42,5,,"3,169,154","196,281,228"
Billie Eilish-all the good girls go to hell,210,4,6,,"4,044,926","196,278,116"
Anuel AA-Hasta Que Dios Diga,172,,23,,"2,063,467","196,213,717"
Baby Keem-family ties,178,,22,,"2,575,820","196,158,420"
Juice WRLD-Righteous,155,2,7,,"4,139,236","196,094,485"
Fuerza Regida-NEL,106,,39,,"2,367,134","194,553,147"
Sabrina Carpenter-Busy Woman,106,,11,,"5,275,495","194,538,833"
JHAYCO-Ley Seca,179,,42,,"1,799,830","194,507,005"
Tate McRae-she's all i wanna be,168,,28,,"2,015,034","194,438,124"
Joji-SLOW DANCING IN THE DARK,264,,82,,"1,216,539","194,252,220"
Daddy Yankee-X ÚLTIMA VEZ,142,1,8,,"3,113,298","194,182,851"
Alex Sensation-Que Va,226,,47,,"1,261,559","193,974,298"
Alex Warren-Carry You Home,145,,85,,"1,696,761","193,507,416"
Travis Scott-STARGAZING,164,8,2,(x1),"7,138,624","193,327,090"
King-Maan Meri Jaan,118,,25,,"2,163,734","192,967,478"
Chris Jedi-La Llevo Al Cielo (Ft. Ñengo Flow),149,,50,,"1,634,067","192,545,807"
Gucci Mane-I Get The Bag,225,,42,,"1,459,804","192,453,170"
Daya-Hide Away,305,,31,,"1,385,124","192,275,038"
Major Lazer-Know No Better,152,,28,,"1,886,306","192,240,853"
"Tyler, The Creator-EARFQUAKE",153,13,5,,"3,609,474","192,075,369"
Troye Sivan-YOUTH,288,,34,,"1,159,781","191,892,520"
Piso 21-Me Llamas,309,,80,,"811,886","191,848,308"
Aya Nakamura-Djadja,154,,33,,"1,896,457","191,174,505"
Travis Scott-MELTDOWN,88,11,2,(x1),"9,508,572","190,885,615"
Marc Seguí-Tiroteo - Remix,172,,47,,"1,574,978","190,861,425"
Alessia Cara-Here,303,,20,,"1,171,507","190,744,732"
Billie Eilish-i love you,236,,19,,"2,642,970","190,095,710"
Keala Settle-This Is Me,199,,26,,"1,839,101","190,025,856"
OMI-Cheerleader - Felix Jaehn Remix Radio Edit,342,,14,,"1,545,106","189,536,489"
Jerry Di-Mi Cuarto,174,,43,,"1,618,560","189,510,303"
Ed Sheeran-Eyes Closed,117,,18,,"3,095,483","189,442,237"
Megan Thee Stallion-Savage,141,,15,,"2,514,757","189,408,009"
Sam Smith-Have Yourself A Merry Little Christmas,185,,16,,"3,993,757","189,215,105"
David Guetta-Like I Do,161,,24,,"2,173,814","189,171,899"
ATLXS-PASSO BEM SOLTO - Slowed,99,,35,,"2,322,229","189,141,584"
The Weeknd-After Hours,123,11,4,,"5,999,269","188,920,169"
HVME-Goosebumps,172,,26,,"2,073,656","188,821,386"
BLACKPINK-Kill This Love,145,7,4,,"4,003,909","188,202,751"
Kendrick Lamar-LOYALTY. FEAT. RIHANNA.,203,4,4,,"4,160,770","188,153,511"
Bad Bunny-Dakiti,28,28,1,(x24),"8,118,121","187,932,142"
Famous Dex-PICK IT UP,227,,53,,"1,167,527","187,824,825"
Rauw Alejandro-Tattoo,167,,41,,"1,509,149","187,779,742"
BØRNS-Electric Love,245,,60,,"1,264,288","187,558,590"
Sebastian Yatra-Traicionera,336,,63,,"825,696","187,379,328"
Snakehips-All My Friends,272,,31,,"1,153,692","187,260,737"
Major Lazer-Run Up,148,,16,,"2,146,444","187,187,857"
Mariah Carey-Christmas (Baby Please Come Home),129,,31,,"4,944,552","187,154,434"
Bad Bunny-EL CLúB,82,1,10,,"4,652,903","187,090,548"
Ed Sheeran-Don't,388,,13,,"873,332","186,860,058"
Zara Larsson-Ruin My Life,161,,26,,"1,850,552","186,781,512"
JISOO-FLOWER,91,2,6,,"4,674,337","186,611,270"
Camila Cabello-Crying in the Club,165,,30,,"1,813,578","186,509,810"
Sky Rompiendo-El Cielo,110,,15,,"2,870,426","186,381,346"
YNW Melly-Suicidal,148,,23,,"2,181,193","186,151,920"
Bad Bunny-Yo No Soy Celoso,122,1,10,,"6,728,646","185,622,214"
KAROL G-GATÚBELA,131,,28,,"2,183,691","185,507,648"
Marshmello-One Thing Right,168,,26,,"2,058,847","185,504,454"
Lizzy McAlpine-ceilings,110,,28,,"2,414,688","185,375,212"
Ed Sheeran-Cross Me,115,3,7,,"3,284,601","185,084,170"
Justin Timberlake-Say Something,143,,21,,"1,937,314","184,992,257"
Pop Smoke-Hello,212,,81,,"1,151,809","184,962,025"
Lil Durk-All My Life,105,,14,,"3,353,981","184,952,632"
Rochy RD-Ella No Es Tuya - Remix,130,,21,,"2,432,034","184,944,994"
Zion & Lennox-Yo Voy,178,,52,,"1,333,110","184,898,784"
Kodak Black-Tunnel Vision,221,,37,,"1,577,385","184,873,540"
Bruno Mars-Smokin Out The Window,112,8,6,,"4,468,749","184,842,709"
Zac Efron-Rewrite The Stars,184,,18,,"2,082,501","184,731,168"
Marília Mendonça-Leão,117,,28,,"2,465,980","184,577,943"
AC/DC-Highway to Hell,148,,53,,"1,927,510","184,415,058"
Sam Feldt-Post Malone,196,,57,,"1,341,613","184,153,377"
French Montana-No Stylist,172,,23,,"1,958,445","183,799,468"
Sam Smith-Too Good At Goodbyes - Edit,54,54,1,(x4),"4,489,244","183,582,476"
LE SSERAFIM-ANTIFRAGILE,138,,50,,"1,608,367","183,319,876"
SZA-Low,121,,17,,"3,706,158","183,055,508"
Taylor Swift-Who’s Afraid of Little Old Me?,68,2,9,,"12,966,995","182,822,331"
Alesso-Heroes (we could be),353,3,9,,"1,132,045","182,437,793"
JHAYCO-Holanda,102,,27,,"2,503,798","182,142,562"
Migos-T-Shirt,238,,37,,"1,439,911","181,910,520"
Pink Sweat$-At My Worst,191,,66,,"1,221,202","181,892,677"
Ed Sheeran-I See Fire,505,,30,,"710,642","181,292,751"
Sia-Thunderclouds,181,,30,,"1,758,895","181,272,332"
Sam Smith-Like I Can,352,,18,,"1,543,015","181,242,697"
Creepy Nuts-Bling-Bang-Bang-Born,107,,52,,"1,974,947","181,152,146"
Rihanna-Love On The Brain,284,,26,,"2,504,010","180,734,257"
"Lauv-fuck, i'm lonely",148,,26,,"1,853,049","180,679,246"
ThxSoMch-SPIT IN MY FACE!,139,,60,,"1,763,748","180,420,611"
LISA-Moonlit Floor,68,1,9,,"4,482,210","180,419,690"
Kapo-Ohnana,100,,37,,"2,484,648","180,253,913"
Gunna-one of wun,121,,49,,"2,307,885","179,900,163"
BENNETT-Vois sur ton chemin - Techno Mix,134,,65,,"1,890,818","179,262,449"
Tove Lo-Cool Girl,160,,24,,"1,688,194","179,251,344"
Frank Sinatra-Jingle Bells - Remastered 1999,101,,25,,"5,852,329","178,998,649"
Jay Rock-King's Dead,168,,26,,"1,941,776","178,977,562"
Joel Corry-OUT OUT,157,,40,,"1,707,857","178,913,639"
Kanye West-Praise God,158,2,7,,"5,363,987","178,373,918"
Rauw Alejandro-PUNTO 40,122,,42,,"2,213,400","178,361,163"
Tiago PZK-Entre Nosotros,144,,31,,"1,959,905","177,801,345"
Neton Vega-M&M,110,,53,,"2,087,878","177,796,112"
Drake-Portland,167,6,3,(x1),"3,967,179","177,780,262"
DENNIS-Tá OK,104,,25,,"2,572,867","177,616,083"
Charli xcx-360,106,,36,,"2,658,446","177,578,710"
Migos-MotorSport,175,,30,,"1,756,307","177,505,897"
Fuerza Regida-TÚ NAME,106,,50,,"2,254,587","177,431,727"
J Balvin-Sigo Extrañándote,240,,66,,"1,047,876","176,959,602"
Halsey-Graveyard,146,,25,,"2,312,853","176,927,942"
Flo Milli-Never Lose Me,89,,23,,"2,836,943","176,822,999"
ROSÉ-toxic till the end,98,,24,,"3,837,354","176,590,715"
"Taylor Swift-You're On Your Own, Kid",72,9,5,,"12,842,734","176,533,638"
Kygo-Lose Somebody,158,,30,,"1,992,542","176,437,808"
Hailee Steinfeld-Most Girls,211,,48,,"1,323,404","176,407,937"
David Guetta-Dangerous,259,78,1,(x2),"1,501,748","176,226,383"
SZA-30 For 30,98,,28,,"3,446,606","176,036,167"
Bad Bunny-Me Fui de Vacaciones,121,,12,,"5,804,487","175,931,050"
Sia-The Greatest,95,28,5,,"3,087,684","175,863,657"
OneRepublic-Run,159,,54,,"1,425,463","175,482,849"
DJ Khaled-GREECE,129,,18,,"2,358,568","175,370,169"
Xavi-Corazón de Piedra,85,,19,,"3,173,749","175,081,549"
Måneskin-ZITTI E BUONI,104,2,9,,"4,238,506","175,040,204"
Lizzo-Good As Hell,167,,24,,"2,052,552","174,508,951"
Drake-I'm Upset,118,5,6,,"6,528,547","174,456,788"
JP Cooper-September Song,250,,52,,"1,249,375","174,214,970"
"Taylor Swift-So Long, London",55,7,4,,"17,176,465","174,205,256"
Sabrina Carpenter-Good Graces,87,2,9,,"4,665,511","174,137,392"
Shakira-Clandestino,170,,34,,"1,589,920","174,001,357"
Nathan Evans-Wellerman - 220 KID x Billen Ted Remix,136,,29,,"2,015,631","173,756,236"
Camila Cabello-Don't Go Yet,127,,28,,"2,011,134","173,523,756"
Anirudh Ravichander-Chaleya,96,,17,,"2,677,970","173,340,958"
The Chainsmokers-Sick Boy,118,,13,,"2,404,647","173,178,021"
TINI-Cupido,111,,41,,"2,169,309","172,798,424"
Fourtwnty-Mangu,75,6,7,,"3,316,221","172,579,147"
Ingratax-París,122,,24,,"2,165,914","172,194,282"
Coldplay-Christmas Lights,161,,23,,"4,498,005","172,098,484"
A Boogie Wit da Hoodie-Drowning,260,,83,,"855,854","171,775,553"
Jonas Brothers-What A Man Gotta Do,149,,24,,"2,370,330","171,624,554"
Lil Xan-Betrayed,205,,52,,"1,145,205","171,340,986"
"Bizarrap-Tiago PZK: Bzrp Music Sessions, Vol. 48",167,,19,,"2,030,230","171,297,261"
Cardi B-Money,168,,28,,"1,938,570","170,983,592"
Jon Bellion-All Time Low,172,,29,,"1,743,140","170,967,031"
Cup of Joe-Multo,90,,24,,"2,633,991","170,770,446"
Marc E. Bassy-You & Me,193,,33,,"1,453,236","170,487,787"
Alessia Cara-Wild Things,207,,33,,"1,296,942","170,336,484"
Justin Bieber-Company,347,,16,,"1,393,094","170,178,243"
Alan Walker-On My Way,158,,37,,"1,619,899","170,060,450"
Charli xcx-Apple,87,,27,,"2,730,162","169,987,351"
Kanye West-Famous,264,,15,,"1,959,257","169,738,859"
Gesaffelstein-Lost in the Fire,158,,12,,"2,637,793","169,406,052"
Kodak Black-Roll In Peace,238,,33,,"1,973,108","169,364,932"
Danny Ocean-Dembow,206,,59,,"1,181,095","169,363,895"
The Jackson 5-Santa Claus Is Coming To Town,124,,26,,"4,807,124","169,157,128"
Rag'n'Bone Man-Human,252,,51,,"1,051,681","169,100,403"
Meghan Trainor-NO,189,,17,,"1,904,752","168,983,630"
Luis Fonsi-Imposible,166,,54,,"1,291,304","168,910,719"
Nicky Jam-Whine Up,142,,41,,"1,601,092","168,596,581"
Rauw Alejandro-DILUVIO,116,,58,,"1,849,145","168,484,449"
Ariana Grande-Love Me Harder,288,52,6,,"1,113,607","168,463,797"
Reik-Indeciso,175,,55,,"1,276,599","167,935,571"
Daryl Hall & John Oates-Jingle Bell Rock - Daryl's Version,123,,25,,"4,656,618","167,572,431"
Julión Álvarez y su Norteño Banda-Regalo De Dios,119,,76,,"1,735,545","167,438,105"
Zedd-Happy Now,151,,27,,"1,849,211","167,310,317"
Shawn Mendes-I Know What You Did Last Summer,213,,21,,"1,319,558","167,135,413"
Daddy Yankee-Que Tire Pa Lante,141,,19,,"1,919,499","167,106,271"
KYLE-Playinwitme,145,,26,,"1,822,546","167,055,615"
Hailee Steinfeld-Love Myself,272,,22,,"1,101,700","166,923,043"
Flume-Say It,244,,51,,"994,926","166,906,514"
Joey Montana-Suena El Dembow,210,,59,,"1,085,385","166,892,395"
OneRepublic-Wherever I Go,189,,37,,"1,375,046","166,869,544"
Billie Eilish-Bored,176,,46,,"1,494,084","166,611,285"
Megan Thee Stallion-Sweetest Pie,154,,13,,"2,431,789","166,381,319"
Galantis-Heartbreak Anthem,140,,46,,"1,675,597","166,126,723"
Jason Derulo-Tip Toe,171,,44,,"1,501,643","165,947,243"
Chance the Rapper-No Problem,342,,55,,"961,392","165,815,041"
MC PH-Let's Go 4,120,,59,,"1,734,571","165,579,197"
Alan Walker-All Falls Down,189,,52,,"1,211,468","164,813,768"
Sebastian Yatra-Ya No Tiene Novio,189,,61,,"1,218,372","164,798,697"
Anggi Marito-Tak Segampang Itu,117,,56,,"1,719,563","164,722,152"
Tyla-PUSH 2 START,106,,52,,"2,167,817","164,717,657"
Myke Towers-Diosa,159,,49,,"1,650,856","164,661,557"
Taylor Swift-Maroon,56,13,4,,"14,422,463","164,574,320"
Fifth Harmony-All In My Head (Flex),175,,35,,"1,430,222","164,188,386"
Feid-SORRY 4 THAT MUCH,92,,31,,"2,709,931","164,011,956"
Bryson Tiller-Whatever She Wants,88,,31,,"2,671,576","163,994,733"
Zara Larsson-Ain't My Fault,152,,22,,"1,778,509","163,471,251"
Luar La L-Caile,111,,29,,"2,222,169","163,396,513"
Rob $tone-Chill Bill,258,,54,,"927,201","163,139,059"
Linkin Park-Heavy Is the Crown,83,1,9,,"4,553,201","162,802,034"
Shouse-Love Tonight - Edit,138,,34,,"1,838,731","162,588,216"
Rels B-cómo dormiste?,119,,22,,"2,332,886","162,418,884"
Juice WRLD-Smile,116,14,5,,"4,082,751","162,174,408"
Bazzi-Paradise,161,,26,,"1,834,017","162,060,985"
Harry Styles-Matilda,105,7,5,,"7,513,826","161,887,385"
Billie Eilish-bellyache,210,,55,,"1,190,234","161,780,470"
Empire Of The Sun-We Are The People,118,,89,,"1,652,621","161,669,014"
John Legend-Love Me Now,174,,28,,"1,476,855","161,460,577"
Burak Yeter-Tuesday,203,,53,,"1,232,313","161,445,659"
Ed Sheeran-Azizam,87,,27,,"2,844,051","161,418,316"
Andy Grammer-Fresh Eyes,207,,26,,"1,392,804","161,317,610"
Echosmith-Cool Kids,305,,13,,"879,636","161,308,733"
Rae Sremmurd-Swang,254,,67,,"941,713","161,258,860"
Imanbek-Belly Dancer,150,,67,,"1,440,240","161,176,855"
Lana Del Rey-Young And Beautiful,134,,120,,"1,539,192","161,065,588"
J Balvin-Amarillo,143,,17,,"3,411,563","160,887,101"
Robin Schulz-Shed a Light,166,,29,,"1,585,611","160,646,661"
XXXTENTACION-the remedy for a broken heart (why am I so in love),190,1,7,,"4,481,804","160,569,497"
Silentó-Watch Me (Whip / Nae Nae),268,,14,,"1,195,702","160,466,761"
Kodak Black-Super Gremlin,140,,41,,"1,621,616","160,394,308"
Eartha Kitt-Santa Baby,105,,30,,"5,318,317","160,292,357"
Jonas Blue-By Your Side,197,,31,,"1,463,358","160,095,685"
The Weeknd-Party Monster,161,8,5,,"3,077,101","159,960,783"
Mykola Dmytrovych Leontovych-Carol of the Bells,94,,24,,"6,882,544","159,893,505"
Paloma Faith-Only Love Can Hurt Like This,155,,83,,"1,168,433","159,758,627"
Sech-Si Te Vas,156,,44,,"1,445,220","159,750,379"
Gunna-pushin P,105,,12,,"2,533,587","159,731,403"
LISA-New Woman,65,3,4,,"6,007,496","159,610,542"
Sean Paul-Contra La Pared,161,,55,,"1,330,925","159,477,301"
Billie Eilish-BLUE,71,,16,,"5,935,478","159,436,202"
Oscar Ortiz-FIRST LOVE,92,,31,,"2,416,170","159,302,916"
Justin Quiles-Loco,159,,55,,"1,424,406","159,302,883"
Sean Paul-Mad Love,164,,33,,"1,710,875","159,198,637"
Sam Smith-I'm Not The Only One,167,55,4,,"1,271,206","159,028,406"
Polimá Westcoast-ULTRA SOLO,126,,41,,"1,868,453","158,926,740"
Taylor Swift-My Boy Only Breaks His Favorite Toys,53,4,5,,"17,101,904","158,725,838"
Lil Mosey-Noticed,181,,38,,"1,535,020","158,700,921"
Ariana Grande-imagine,106,2,5,,"4,298,231","158,636,596"
Playboi Carti-Magnolia,210,,54,,"1,142,368","158,610,071"
Post Malone-Saint-Tropez,90,12,3,(x1),"6,207,837","158,601,690"
DaBaby-VIBEZ,169,,34,,"1,797,537","158,592,157"
Benson Boone-Sorry I'm Here For Someone Else,105,,58,,"1,977,815","158,462,579"
"Bizarrap-Young Miko: Bzrp Music Sessions, Vol. 58",67,1,10,,"3,704,780","158,411,609"
Fujii Kaze-Shinunoga E-Wa,116,,60,,"1,574,595","158,294,879"
Selena Gomez-Fetish,140,1,9,,"3,342,341","158,169,400"
Bad Bunny-Aguacero,115,,18,,"5,297,911","158,162,710"
NLE Choppa-Walk Em Down,149,,48,,"1,430,737","158,006,460"
Billie Eilish-L’AMOUR DE MA VIE,75,,15,,"6,235,946","157,981,879"
Anne-Marie-Alarm,189,,38,,"1,260,433","157,791,715"
Lost Frequencies-Reality,302,,28,,"994,273","157,736,806"
KAROL G-MIENTRAS ME CURO DEL CORA,101,,39,,"2,233,051","157,685,650"
YNW Melly-223's,144,,29,,"1,935,775","157,668,159"
Olivia Rodrigo-Can’t Catch Me Now - from The Hunger Games: The Ballad of Songbirds & Snakes,94,,22,,"2,606,830","157,426,633"
Ndotz-Embrace It,76,,25,,"2,756,041","156,857,697"
Robin Schulz-OK,191,,55,,"1,168,434","156,797,919"
Lauren Spencer Smith-Fingers Crossed,116,1,10,,"3,221,761","156,766,811"
Nicky Jam-Hasta el Amanecer,301,,50,,"740,097","156,742,375"
Sech-Que Mas Pues - Remix,174,,65,,"1,230,557","156,585,347"
Pitbull-Hey Ma,192,,57,,"1,192,377","156,545,816"
Bad Bunny-Amorfoda,117,1,10,,"2,951,316","156,414,720"
Ariana Grande-Problem,334,23,4,,"1,077,458","156,135,694"
Clairo-Sofia,148,,44,,"1,558,429","155,930,716"
LE SSERAFIM-Perfect Night,111,,53,,"1,717,966","155,818,185"
Lorde-Green Light,141,,22,,"2,463,451","155,740,166"
Nico & Vinz-Am I Wrong,326,18,5,,"986,491","155,369,192"
Drake-Chicago Freestyle,147,1,8,,"3,513,032","155,121,415"
Travis Scott-YOSEMITE,188,,17,,"3,303,008","155,087,510"
Taylor Swift-Bejeweled,63,4,9,,"10,483,302","155,030,583"
YG-Go Loko,141,,33,,"1,637,822","155,020,998"
Tyga-Ayy Macarena,125,,34,,"1,875,759","154,912,554"
John Lennon-Happy Xmas (War Is Over) - Remastered,129,6,7,,"5,872,023","154,721,733"
Cris MJ-Después De La 1,84,,29,,"2,599,489","154,679,613"
DripReport-Skechers,138,,32,,"1,678,437","154,676,074"
Dua Lipa-Love Again,152,,49,,"1,653,143","154,469,130"
Good Neighbours-Home,95,,56,,"1,972,296","154,414,940"
Romeo Santos-Bella y Sensual,228,,95,,"821,046","154,247,411"
James Bay-Hold Back The River,365,,18,,"980,688","154,238,667"
The Kid LAROI-SO DONE,135,,40,,"1,643,255","154,165,439"
Ed Sheeran-Afterglow,116,,12,,"2,368,447","154,100,045"
Harry Styles-Music For a Sushi Restaurant,94,6,3,(x2),"8,690,034","154,015,270"
Maluma-Mala Mía,159,,47,,"1,357,943","153,889,362"
V-Slow Dancing,83,1,10,,"4,743,367","153,856,062"
Jere Klein-ANDO,115,,81,,"1,558,155","153,801,365"
NEIKED-Sexual,206,,37,,"1,244,601","153,449,985"
Conan Gray-Maniac,201,,100,,"1,000,917","153,214,331"
Ashnikko-Daisy,140,,44,,"1,589,380","153,038,842"
J Balvin-Poblado - Remix,119,,31,,"2,003,471","152,990,939"
Jung Kook-Dreamers [Music from the FIFA World Cup Qatar 2022 Official Soundtrack],87,6,2,(x1),"4,887,791","152,419,296"
Charli xcx-party 4 u,74,,27,,"2,383,356","152,412,529"
Billie Eilish-No Time To Die,88,14,1,(x1),"7,166,720","152,297,732"
Cardi B-Bartier Cardi,140,,20,,"1,992,722","152,268,241"
Post Malone-Ball For Me,138,,12,,"4,295,836","152,082,540"
Meghan Trainor-Like I'm Gonna Lose You,321,,37,,"868,055","151,996,167"
Liam Payne-For You (Fifty Shades Freed) (& Rita Ora),133,,24,,"1,970,093","151,930,637"
Amaarae-SAD GIRLZ LUV MONEY Remix,115,,18,,"2,355,033","151,762,387"
Cosculluela-Madura,183,,61,,"1,131,182","151,637,831"
Kanye West-Hurricane,75,6,3,(x5),"7,750,774","151,542,438"
Lay Bankz-Tell Ur Girlfriend,65,,18,,"3,947,554","151,451,246"
Maluma-El Préstamo,167,,47,,"1,323,682","151,171,476"
Sebastian Yatra-Un Año,145,,49,,"1,443,622","151,149,121"
Shakira-Perro Fiel,156,,40,,"1,405,061","150,949,303"
Becky G-Bubalu,159,,63,,"1,170,397","150,617,358"
Drake-Girls Want Girls,75,8,1,(x1),"12,384,750","150,440,670"
Bad Gyal-Chulo pt.2,99,,54,,"1,870,577","150,335,621"
Ofenbach-Head Shoulders Knees & Toes,175,,50,,"1,660,605","150,094,648"
Beach House-Space Song,154,,99,,"1,259,386","150,040,661"
Justin Bieber-I'll Show You,172,31,5,,"2,618,236","149,861,508"
Rich Music LTD-Quizas,146,,50,,"1,345,693","149,760,216"
Taylor Swift-But Daddy I Love Him,51,4,6,,"15,542,560","149,491,465"
Megan Thee Stallion-Mamushi,81,,38,,"2,426,912","149,455,778"
Katy Perry-Dark Horse,494,,29,,"1,146,006","149,346,436"
Juice WRLD-Armed And Dangerous,153,,35,,"1,802,509","149,175,876"
Daddy Yankee-Dura - Remix,154,,39,,"1,385,541","148,994,437"
Bad Bunny-Otro Atardecer,119,,20,,"4,878,492","148,886,605"
George Ezra-Budapest,430,,37,,"559,387","148,761,515"
Darell-Lollipop,79,,16,,"3,103,853","148,688,269"
Khalid-Know Your Worth,145,,27,,"2,091,637","148,497,236"
Ghost-Mary On A Cross,104,,31,,"1,976,566","148,490,015"
Sebastian Yatra-VAGABUNDO,115,,102,,"1,506,571","148,444,530"
Travis Scott-K-POP,56,12,2,(x1),"7,274,132","148,410,249"
ROSALÍA-LA FAMA,134,,30,,"2,708,022","148,389,026"
Billie Eilish-Your Power,84,12,3,(x1),"6,239,924","148,323,766"
SZA-I Hate U,112,,12,,"2,753,079","148,233,846"
Rae Sremmurd-Powerglide,154,,40,,"1,531,354","148,110,062"
Milky Chance-Stolen Dance,358,4,10,,"925,984","148,037,577"
J Balvin-Reggaeton,160,,64,,"1,181,523","147,962,616"
Feid-PORFA,145,,51,,"1,325,153","147,188,393"
Israel & Rodolffo-Bombonzinho - Ao Vivo,117,,45,,"1,917,654","147,143,643"
Big One-Un Finde | CROSSOVER #2,112,,64,,"1,771,232","146,909,431"
Nicky Jam-Muévelo,136,,35,,"1,744,669","146,737,599"
Lizzo-Good As Hell,130,,41,,"1,568,572","146,659,717"
Cartel De Santa-Shorty Party,79,1,10,,"3,407,912","146,644,236"
Taylor Swift-Now That We Don't Talk (Taylor's Version) (From The Vault),63,7,2,(x1),"9,731,151","146,617,529"
Xavi-Poco A Poco,98,,58,,"1,882,425","146,596,872"
Reik-Amigos Con Derechos,161,,64,,"1,190,407","146,464,915"
V-FRI(END)S,88,1,7,,"4,728,233","146,415,042"
21 Savage-X,262,,67,,"789,585","146,032,304"
Sigala-Easy Love,242,,14,,"1,299,779","146,012,538"
X Ambassadors-Renegades,342,,39,,"797,755","145,847,896"
Frank Ocean-Lost,126,,36,,"1,646,211","145,655,613"
IAmChino-Ay Mi Dios,277,,72,,"831,048","145,583,547"
Bad Bunny-UN PREVIEW,61,6,3,(x1),"6,167,165","144,667,110"
Blueface-Thotiana,112,,22,,"2,126,870","144,487,661"
J Balvin-Blanco,159,,50,,"1,714,648","144,428,885"
Zara Larsson-I Would Like,150,,28,,"1,561,707","144,412,091"
Chuyin-Pika Pika,100,,71,,"1,862,539","144,344,048"
The Weeknd-Cry For Me,68,2,5,,"5,923,122","144,033,201"
Enrique Iglesias-EL BAÑO,145,,36,,"1,609,764","143,945,195"
Little Mix-Touch,193,,55,,"1,145,579","143,877,822"
Little Mix-Woman Like Me,117,,21,,"2,037,855","143,876,035"
Fetty Wap-Again,266,,39,,"1,651,060","143,801,439"
BROCKHAMPTON-SUGAR,128,,34,,"1,804,516","143,731,269"
Cris MJ-Marisola - Remix,108,,66,,"1,690,470","143,569,303"
Bellakath-Reggaeton Champagne,102,,69,,"1,725,212","143,556,313"
Mesita-Una Foto Remix,91,,51,,"2,028,286","143,505,636"
Taylor Swift-Wildest Dreams (Taylor's Version),103,,12,,"7,871,021","142,542,362"
Kygo-Happy Now,145,,34,,"1,665,964","142,523,031"
Iggy Azalea-Black Widow,252,18,8,,"1,115,687","142,438,609"
Lunay-Aventura,139,,47,,"1,387,371","142,437,501"
MC Tuto-Barbie,80,,23,,"2,913,395","142,423,069"
Jasleen Royal-Heeriye,80,,23,,"2,472,137","142,323,306"
J Balvin-Ginza,281,,30,,"919,944","142,176,249"
Post Malone-Cooped Up,95,,13,,"3,694,300","142,158,532"
Troye Sivan-Angel Baby,138,,56,,"1,272,049","142,133,607"
JHAYCO-CÓMO SE SIENTE - Remix,161,,21,,"2,370,986","142,117,297"
Chino & Nacho-Andas En Mi Cabeza,316,,98,,"586,747","141,665,466"
JENNIE-ExtraL,77,,18,,"3,676,085","141,533,506"
Martin Garrix-So Far Away,140,,40,,"1,469,681","141,491,444"
Sech-911 - Remix,112,,32,,"1,946,264","141,480,771"
Nat King Cole-Deck The Hall,75,,23,,"5,367,193","141,438,015"
The Weeknd-Sacrifice,81,14,1,(x1),"5,625,428","141,435,735"
Camilo-BEBÉ,123,,39,,"1,796,933","141,421,526"
Ariana Grande-pov,104,,18,,"3,334,692","141,366,874"
Ariana Grande-Focus,156,18,7,,"1,939,103","141,249,200"
KAROL G-Culpables,169,,80,,"1,043,361","141,226,370"
Carly Rae Jepsen-I Really Like You,226,,14,,"1,199,943","141,210,173"
Mr. Probz-Waves - Robin Schulz Radio Edit,336,,22,,"840,051","140,942,765"
Drake-Search & Rescue,75,6,4,,"4,632,244","140,897,533"
Katy Perry-Swish Swish,168,,41,,"1,623,471","140,692,206"
Cardi B-Please Me,109,,16,,"2,743,727","140,443,870"
Eminem-'Till I Collapse,375,,134,,"609,115","140,436,544"
The Beach Boys-Little Saint Nick - 1991 Remix,80,,27,,"5,653,117","140,292,897"
Michael Jackson-Billie Jean,124,,52,,"1,739,075","139,919,982"
MOLIY-Shake It To The Max (FLY) - Remix,58,,12,,"2,960,534","139,802,773"
Pentatonix-Hallelujah,102,,31,,"6,271,583","139,534,563"
Panic! At The Disco-House of Memories,127,,58,,"1,534,243","139,437,905"
Ava Max-My Head & My Heart,127,,56,,"1,397,173","139,139,570"
Sabrina Carpenter-Manchild,28,28,1,(x5),"8,052,003","139,118,256"
Dean Lewis-How Do I Say Goodbye,115,,68,,"1,466,321","138,543,361"
Queen-Thank God It's Christmas - Non-Album Single,85,,25,,"5,890,733","138,519,306"
Drake-Signs,118,,14,,"2,615,738","138,518,298"
Famous Dex-JAPAN,150,,32,,"1,631,110","138,411,216"
Elton John-Hold Me Closer,94,,14,,"3,133,797","138,369,603"
BLACKPINK-Lovesick Girls,101,7,3,(x1),"4,880,132","138,354,482"
"Taylor Swift-""Slut!"" (Taylor's Version) (From The Vault)",69,5,2,(x2),"11,307,621","138,046,106"
Beyoncé-7/11,369,,16,,"920,866","138,037,578"
Gotye-Somebody That I Used To Know,176,,122,,"1,326,221","137,989,003"
JAY-Z-Ni**as In Paris,554,,120,,"394,271","137,819,788"
Marshmello-Numb,139,,93,,"1,323,276","137,817,751"
Lil Baby-Woah,143,,49,,"1,680,145","137,791,538"
Bebe Rexha-I Got You,198,,53,,"1,079,526","137,784,330"
Quevedo-PLAYA DEL INGLÉS,110,,65,,"1,910,569","137,759,479"
Tones And I-Never Seen the Rain,156,,70,,"1,165,766","137,751,822"
Travis Scott-TELEKINESIS,80,,20,,"5,032,917","137,540,825"
Halsey-Bad At Love,180,,57,,"1,114,354","137,507,943"
Joji-Die For You,88,,16,,"3,569,865","137,235,268"
Shakira-Me Enamoré,187,,64,,"1,010,420","137,215,491"
Macklemore & Ryan Lewis-Downtown,210,,14,,"1,350,778","136,920,087"
Alex Rose-Jangueo,191,,113,,"844,400","136,831,794"
Little Mix-Shout Out to My Ex,141,,17,,"1,897,977","136,749,681"
Sage The Gemini-Now and Later,129,,29,,"1,594,561","136,664,871"
Sia-Cheap Thrills,260,,57,,"774,399","136,456,066"
Oscar Maydon-Amigos? No.,96,,88,,"1,646,531","136,347,304"
Taylor Swift-The Tortured Poets Department,42,4,2,(x1),"19,089,937","136,276,197"
Lil Uzi Vert-The Way Life Goes,160,,39,,"1,553,494","136,265,353"
Logic-Everyday,126,,14,,"2,566,874","136,194,152"
Lil Uzi Vert-Watch This - ARIZONATEARS Pluggnb Remix,92,,42,,"2,058,940","136,050,371"
BANNERS-Someone To You,180,,114,,"874,221","135,716,027"
Polimá Westcoast-ULTRA SOLO REMIX,107,,32,,"2,675,424","135,704,118"
Anuv Jain-Jo Tum Mere Ho,83,,55,,"1,944,494","135,557,433"
Ozuna-Solita,184,,68,,"1,037,631","135,382,612"
Lady Gaga-The Cure,136,,30,,"1,906,701","135,218,209"
Los Dareyes De La Sierra-Vita Fer,87,,49,,"2,101,426","135,139,307"
XXXTENTACION-BAD!,94,6,4,,"3,719,393","135,051,406"
MC Fioti-Bum Bum Tam Tam,148,,58,,"1,192,814","134,787,893"
Billie Eilish-bad guy,90,7,6,,"4,672,398","134,561,463"
Robin Schulz-Headlights,230,,17,,"1,167,531","134,505,853"
"Bruce Springsteen-Santa Claus Is Comin' to Town - Live at C.W. Post College, Greenvale, NY - December 1975",88,,25,,"6,815,036","134,478,771"
Mora-512,125,,55,,"1,552,344","134,452,371"
Alan Walker-Alone,148,,31,,"1,586,785","134,374,095"
Michael Bublé-Santa Claus Is Coming to Town,147,,26,,"3,542,838","134,296,934"
Doechii-What It Is (Solo Version),102,,81,,"1,600,788","133,931,219"
Piso 21-Te Amo,177,,74,,"991,643","133,900,665"
Taylor Swift-Love Story (Taylor’s Version),108,3,2,(x1),"6,317,462","133,872,217"
Ed Sheeran-Dive,149,3,9,,"3,373,811","133,812,816"
Wisin-Fiel - Remix,102,,26,,"2,248,698","133,776,739"
Ariana Grande-Don’t Call Me Angel (Charlie’s Angels),77,12,2,(x1),"5,878,568","133,563,043"
Dalex-Cuaderno,147,,61,,"1,245,140","133,360,949"
Major Lazer-Que Calor,159,,59,,"1,380,948","133,050,961"
Taylor Swift-...Ready For It?,132,7,3,(x1),"3,581,725","132,983,960"
Olly Alexander (Years & Years)-King,228,,16,,"1,192,374","132,902,462"
Tion Wayne-Body (Remix),86,,14,,"2,849,161","132,838,325"
Selena Gomez-Look At Her Now,97,6,8,,"3,766,086","132,605,650"
Jessica Darrow-Surface Pressure,96,,23,,"2,029,479","132,410,658"
Drake-What’s Next,86,8,1,(x1),"6,856,433","132,259,039"
Olivia Rodrigo-enough for you,83,2,10,,"4,847,062","132,256,066"
J Balvin-Mi Gente,103,,13,,"2,766,470","131,793,231"
Nicky Jam-X - Remix,130,,33,,"1,723,850","131,775,006"
LISA-Born Again,59,3,6,,"6,263,886","131,698,352"
Trippie Redd-Miss The Rage,123,,14,,"3,210,837","131,610,451"
Gwen Stefani-You Make It Feel Like Christmas,84,,38,,"5,039,965","131,561,508"
Fuerza Regida-TU SANCHO,52,2,9,,"3,074,834","130,970,210"
Xamã-Malvadão 3,104,,26,,"1,946,791","130,957,639"
Billie Eilish-Happier Than Ever - Edit,140,,68,,"1,202,880","130,777,509"
Niall Horan-This Town,160,,21,,"1,940,529","130,523,338"
Benson Boone-Mystical Magical,70,,23,,"2,621,906","130,434,055"
P!nk-Cover Me In Sunshine,130,,56,,"1,332,618","130,333,534"
Queen-Somebody To Love - Remastered 2011,151,,45,,"1,396,824","130,046,726"
The Rare Occasions-Notion,131,,61,,"1,313,666","130,029,782"
Adele-Water Under the Bridge,176,,42,,"1,270,384","129,802,127"
Jennifer Lopez-Ain't Your Mama,215,,52,,"882,270","129,735,187"
Post Malone-Paranoid,90,8,2,(x1),"6,268,762","129,346,771"
Sebastian Yatra-Por Perro,159,,72,,"1,052,551","129,220,900"
Petit Biscuit-Sunset Lover,179,,52,,"1,096,097","129,192,039"
Becky G-Chanel,80,,44,,"2,060,657","129,168,428"
Nevada-The Mack,143,,27,,"1,512,943","129,065,389"
"benny blanco-I Can’t Get Enough (benny blanco, Selena Gomez, J Balvin, Tainy)",95,,16,,"2,846,195","129,020,612"
Taylor Swift-All Of The Girls You Loved Before,73,1,4,,"5,453,121","129,019,627"
Big Shaq-Man's Not Hot,131,,28,,"1,644,960","128,847,735"
Niall Horan-Too Much To Ask,131,,29,,"1,697,802","128,739,720"
Sheppard-Geronimo,281,,16,,"839,354","128,674,618"
Bryson Tiller-Exchange,312,,62,,"621,931","128,254,640"
Tove Lo-Talking Body,250,,26,,"1,014,405","127,926,756"
Myke Towers-Si Se Da,152,,86,,"1,042,532","127,896,512"
Tiago PZK-Salimo de Noche,124,,60,,"1,482,701","127,886,690"
Bad Bunny-PERFuMITO NUEVO,50,,11,,"4,723,174","127,784,200"
Bernadya-Satu Bulan,73,,37,,"2,274,910","127,711,598"
Troye Sivan-Rush,87,,23,,"2,630,495","127,617,168"
Lil Uzi Vert-Sanguine Paradise,128,,35,,"1,767,132","127,569,510"
G-Eazy-Good Life,120,,24,,"1,866,463","127,559,297"
Fuerza Regida-Marlboro Rojo,56,,13,,"2,989,835","127,464,795"
Lady Gaga-Stupid Love,99,1,6,,"4,239,676","127,391,763"
The Weeknd-Die For You - Remix,18,18,1,(x1),"8,931,107","127,214,988"
Isabel LaRosa-favorite,82,,58,,"2,049,307","127,154,315"
Labrinth-Still Don't Know My Name,132,,51,,"1,434,763","127,131,701"
Fall Out Boy-Centuries,361,,17,,"787,189","126,999,314"
Pop Smoke-Got It On Me,133,,36,,"1,757,836","126,704,019"
Alvaro Soler-La Cintura,127,,39,,"1,624,955","126,588,087"
Calvin Harris-Rollin,120,,32,,"1,758,226","126,570,148"
Clave Especial-COMO CAPO,83,,48,,"2,142,732","126,509,349"
Daddy Yankee-Vuelve,167,,66,,"1,002,593","126,341,117"
Ofenbach-Wasted Love,141,,84,,"1,144,355","126,339,598"
Milly-No Te Enamores - Remix,129,,55,,"1,325,544","126,073,777"
Raim Laode-Komang,97,,44,,"1,872,955","126,050,530"
Post Malone-Enemies,90,5,6,,"5,397,210","126,029,133"
AronChupa-I'm an Albatraoz,292,,18,,"873,334","125,857,859"
Maluma-Hawái - Remix,105,,13,,"2,901,971","125,793,983"
Justin Quiles-DJ No Pare,156,,75,,"1,034,389","125,691,988"
Ali Gatie-What If I Told You That I Love You,105,,32,,"1,994,837","125,554,404"
"Bizarrap-Villano Antillano: Bzrp Music Sessions, Vol. 51",100,,39,,"1,739,860","125,428,305"
Gabito Ballesteros-LOU LOU,79,,38,,"2,152,978","125,357,869"
KATSEYE-Touch,82,,58,,"2,009,064","125,344,710"
Curtis Waters-Stunnin',125,,66,,"1,281,950","125,294,443"
Imagine Dragons-Follow You,136,,46,,"1,628,081","125,109,622"
Rihanna-Diamonds,217,,24,,"2,541,230","125,099,990"
Lana Del Rey-Radio,100,,108,,"1,399,414","125,038,469"
Wallows-Are You Bored Yet?,158,,96,,"973,625","124,706,803"
YOASOBI-アイドル,96,,78,,"1,496,463","124,358,439"
Drake-Pop Style,188,,22,,"1,794,166","124,176,001"
Post Malone-Hollywood's Bleeding,88,7,4,,"5,585,004","124,144,530"
Taylor Swift-Vigilante Shit,43,7,7,,"11,875,754","123,424,146"
Shakira-Soltera,71,,36,,"2,499,185","123,348,743"
Henrique & Juliano-Arranhão - Ao Vivo,126,,41,,"1,556,012","123,312,579"
Khalid-Talk,56,,16,,"2,703,793","123,286,296"
Ruth B.-Lost Boy,302,,76,,"541,545","123,169,876"
CNCO-Reggaetón Lento (Remix),146,,53,,"1,188,111","123,113,182"
Taylor Swift-Florida!!!,39,2,7,,"14,459,975","122,917,275"
Dhruv-double take,122,,61,,"1,343,888","122,477,314"
TWICE-The Feels,114,,52,,"1,433,481","122,448,494"
Peso Pluma-LAGUNAS,98,,111,,"1,433,087","122,393,751"
Ozuna-Unica,146,,55,,"1,249,784","122,345,854"
Dimitri Vegas & Like Mike-Thank You (Not So Bad),92,,116,,"1,598,687","122,164,941"
The Weeknd-In The Night,187,,27,,"1,125,312","122,110,484"
Meghan Trainor-Lips Are Movin,222,9,8,,"1,118,749","121,738,848"
Billie Eilish-TV,108,,16,,"2,741,714","121,626,899"
Sam Smith-Diamonds,120,,36,,"1,824,111","121,541,462"
Regard-Secrets,117,,57,,"1,342,435","121,478,059"
"Daya-Sit Still, Look Pretty",255,,66,,"690,894","121,255,457"
Shakira-Me Gusta,109,,37,,"1,794,822","121,243,906"
Future-Selfish,125,,41,,"1,483,269","121,087,976"
Pharrell Williams-Happy,439,,34,,"746,062","120,977,200"
Vishal Mishra-Pehle Bhi Main,74,,41,,"2,327,893","120,789,280"
Alejo-Pantysito,114,,50,,"1,456,079","120,571,282"
Tommy Richman-DEVIL IS A LIE,67,,38,,"2,420,912","120,458,286"
Jason Derulo-If It Ain't Love,142,,37,,"1,350,060","120,297,577"
bbno$-edamame,124,,74,,"1,215,455","120,181,783"
Young Thug-pick up the phone,250,,85,,"653,458","119,982,775"
Nicky Jam-Polvo,128,,78,,"1,163,837","119,885,444"
The Weeknd-Often,414,,35,,"784,102","119,759,343"
Trueno-Mamichula,95,,33,,"1,865,480","119,506,083"
Wisin-Vacaciones,214,,74,,"811,800","119,075,770"
Anuel AA-Quiere Beber,117,,39,,"1,521,339","118,961,009"
Paulo Londra-Plan A,63,16,2,(x2),"5,832,109","118,948,217"
Billie Eilish-my future,92,7,1,(x1),"5,183,389","118,785,564"
Lil Uzi Vert-Futsal Shuffle 2020,86,1,8,,"3,727,152","118,691,159"
One Direction-Steal My Girl,189,16,8,,"2,186,389","118,683,401"
Jax Jones-Breathe,143,,44,,"1,404,174","118,182,235"
Kesha-Praying,141,,37,,"1,480,330","118,042,307"
Israel & Rodolffo-Batom de Cereja - Ao Vivo,107,,28,,"1,957,012","117,990,636"
Bruno Mars-Versace on the Floor,208,,67,,"803,087","117,867,654"
KATSEYE-Gnarly,63,,35,,"2,301,693","117,855,239"
Miguel-Sky Walker,149,,63,,"1,071,682","117,752,558"
Taylor Swift-Delicate,122,,24,,"2,012,477","117,734,222"
Stormzy-Own It,105,,24,,"1,967,027","117,686,872"
Esau Ortiz-Triple Lavada,74,,57,,"1,891,595","117,109,211"
Sebastian Yatra-SUTRA,164,,86,,"975,683","116,962,854"
Logic-Homicide,83,12,2,(x1),"5,178,465","116,855,764"
Sia-Santa's Coming for Us,89,,37,,"4,482,695","116,684,407"
BABYMONSTER-SHEESH,71,,50,,"2,089,400","116,578,911"
João Gomes-Meu Pedaço de Pecado,106,,33,,"1,837,412","116,559,598"
Fuerza Regida-ROSONES,80,,74,,"1,822,989","116,544,213"
Taylor Swift-Question...?,42,4,8,,"11,563,475","116,467,195"
Eugenio Esquivel-Alucin,76,,50,,"2,003,113","116,203,155"
Jack Harlow-Tyler Herro,118,,57,,"1,523,899","116,108,933"
6ix9ine-KIKA,99,3,3,(x1),"3,559,754","116,105,012"
"Kelly Clarkson-Santa, Can’t You Hear Me",61,,32,,"5,753,060","115,572,763"
JNR CHOI-TO THE MOON,105,,52,,"1,550,911","115,490,013"
Apache 207-Roller,128,,55,,"1,496,746","115,487,068"
Normani-Motivation,98,,39,,"1,585,181","115,416,782"
KAROL G-S91,77,,27,,"2,739,644","115,402,739"
Nicki Minaj-Bed,85,,21,,"2,192,363","115,384,486"
Gustavo Mioto-Eu Gosto Assim - Ao Vivo,99,,53,,"1,797,165","115,358,602"
Kane Brown-Be Like That,132,,81,,"1,184,073","115,348,675"
Kanye West-All Mine,76,11,1,(x1),"4,536,998","115,155,282"
Taylor Swift-exile,78,11,3,(x1),"6,977,835","115,021,963"
Avicii-The Days,214,38,4,,"1,697,429","114,962,800"
Junior H-ROCKSTAR,84,,76,,"1,863,290","114,938,722"
Big Sean-I Don't Fuck With You,339,,30,,"650,289","114,861,591"
i-dle-Queencard,88,,91,,"1,555,547","114,709,412"
"Pritam-Kesariya (From ""Brahmastra"")",81,,24,,"2,035,694","114,628,288"
Julión Álvarez y su Norteño Banda-Rey Sin Reina,75,,37,,"2,401,402","114,379,985"
LE SSERAFIM-Smart,76,,68,,"1,775,855","114,274,257"
Queen-We Will Rock You - Remastered,151,,63,,"1,134,762","114,129,182"
Taylor Swift-I Can See You (Taylor’s Version) (From The Vault),60,6,4,,"6,474,007","114,057,528"
Liam Payne-Familiar,125,,51,,"1,648,136","113,943,791"
Don Toliver-NEW DROP,77,,90,,"1,830,417","113,715,301"
Olivia Rodrigo-get him back!,51,8,6,,"5,912,269","113,707,518"
"Tyler, The Creator-St. Chroma",39,7,3,(x2),"10,072,320","113,622,573"
Lil Peep-Star Shopping,156,,134,,"887,416","113,564,248"
Post Malone-Motley Crew,76,,16,,"3,298,779","113,425,265"
FloyyMenor-APAGA EL CEL,71,,60,,"2,042,381","113,217,864"
Nicky Jam-Si Tú La Ves,207,,110,,"668,542","113,207,080"
Tate McRae-It's ok I'm ok,67,,16,,"3,626,510","113,081,536"
Tinie Tempah-Girls Like,192,,52,,"896,245","112,902,229"
S3BZS-MONTAGEM - PR FUNK,85,,72,,"1,599,192","112,730,864"
Calum Scott-Dancing On My Own,219,,63,,"698,808","112,687,780"
Brytiago-Asesina,123,,66,,"1,108,665","112,534,301"
Morgan Wallen-Just In Case,80,,25,,"2,675,197","112,495,407"
Yung Gravy-Betty (Get Money),98,,64,,"1,432,326","112,438,852"
Ant Saunders-Yellow Hearts,101,,43,,"1,416,233","112,303,338"
OMI-Hula Hoop,195,,20,,"1,084,114","112,285,671"
James Arthur-Car's Outside,97,,127,,"1,269,709","112,276,342"
"Kygo-Carry On (from the Original Motion Picture ""POKÉMON Detective Pikachu"")",99,,25,,"1,869,648","111,828,515"
Ryan Castro-QUEMA,88,,101,,"1,561,903","111,695,933"
YNW Melly-Mixed Personalities,118,,53,,"1,377,154","111,679,619"
Chris Brown-Ayo,277,,21,,"962,174","111,316,945"
Kendrick Lamar-N95,58,7,1,(x1),"9,537,225","111,314,899"
OneRepublic-Rich Love,124,,47,,"1,438,835","111,248,097"
Lasso-Ojos Marrones,100,,67,,"1,376,912","111,167,852"
Rauw Alejandro-BABY HELLO,76,,48,,"2,431,739","111,111,215"
P!nk-Walk Me Home,116,,49,,"1,320,494","111,078,701"
Lil Uzi Vert-P2,104,,16,,"2,990,026","110,832,424"
Jason Derulo-Acapulco,121,,82,,"1,336,864","110,806,218"
Gunna-DOLLAZ ON MY HEAD,141,,53,,"1,480,652","110,672,794"
Nio Garcia-La Jeepeta - Remix,69,,14,,"2,662,622","110,664,272"
Doja Cat-Like That,132,,70,,"1,087,101","110,604,934"
Thalia-No Me Acuerdo,133,,62,,"1,152,812","110,598,548"
Taylor Swift-The Smallest Man Who Ever Lived,44,,14,,"10,815,874","110,524,784"
One Direction-History,239,,25,,"1,286,335","110,468,918"
Snakehips-Don't Leave,119,,38,,"1,452,252","110,371,365"
Raim Laode-Lesung Pipi,78,,72,,"1,748,222","110,310,813"
Tory Lanez-LUV,149,,38,,"1,304,757","110,296,322"
Artemas-if u think i'm pretty,71,,42,,"2,189,170","110,242,905"
"Metro Boomin-Calling (Spider-Man: Across the Spider-Verse) (Metro Boomin & Swae Lee, NAV, feat. A Boogie Wit da Hoodie)",54,,13,,"3,068,037","110,211,953"
Taylor Swift-You’re Losing Me (From The Vault),55,3,1,(x2),"6,871,881","110,157,894"
Jax Jones-Where Did You Go?,113,,89,,"1,261,568","110,157,150"
Hailee Steinfeld-Capital Letters,101,,31,,"1,724,610","109,934,269"
Chappell Roan-Casual,80,,109,,"1,555,925","109,634,861"
Drake-Back To Back,282,,52,,"566,966","109,537,339"
Natanael Cano-Amapola,77,,79,,"1,756,674","109,502,690"
Clave Especial-TU TU TU,69,,40,,"2,294,894","109,438,925"
Becky G-Shower,220,7,9,,"991,335","109,416,560"
Enrique Iglesias-Bailando - Spanish Version,337,,37,,"535,074","109,405,316"
La Pantera-Cayó La Noche,102,,51,,"1,415,975","109,400,475"
Evanescence-Bring Me To Life,88,,123,,"1,690,185","109,380,101"
Harry Nach-Tak Tiki Tak,119,,69,,"1,193,969","109,364,878"
Harry Styles-Daylight,63,4,7,,"7,150,350","109,292,793"
ROSÉ-number one girl,64,,31,,"3,230,275","109,221,306"
Paul McCartney-Wonderful Christmastime [Edited Version] - Remastered 2011 / Edited Version,76,2,10,,"5,040,731","109,215,904"
"Olivia Rodrigo-1 step forward, 3 steps back",73,,12,,"4,486,549","109,017,878"
Naughty Boy-La La La,117,,53,,"2,317,052","108,951,801"
LISA-LALISA,70,,15,,"3,253,193","108,900,615"
Jeremy Zucker-comethru,145,,104,,"883,176","108,588,995"
5 Seconds of Summer-Teeth,103,,46,,"1,469,182","108,588,312"
Oscar Maydon-Volver Al Futuro,65,,34,,"2,671,627","108,544,664"
Bad Bunny-Un Verano Sin Ti,83,,16,,"5,731,167","108,478,318"
Sech-Sal y Perrea,101,,51,,"1,608,354","108,123,209"
SZA-Love Galore,156,,69,,"950,584","108,025,626"
Drake-Gyalchester,116,2,9,,"3,315,968","107,872,095"
KAROL G-Créeme,141,,106,,"945,405","107,814,358"
Eagles-Please Come Home for Christmas - Eagles 2013 Remaster,58,,31,,"5,526,135","107,791,325"
Maroon 5-Wait,141,,51,,"1,306,473","107,706,462"
BTS-Yet To Come,57,7,3,(x1),"7,178,605","107,685,238"
"Alan Walker-Alone, Pt. II",128,,77,,"1,137,237","107,668,921"
5 Seconds of Summer-Easier,93,,21,,"2,205,364","107,659,347"
The Kid LAROI-GO,116,,54,,"1,483,718","107,295,209"
Eminem-Venom - Music From The Motion Picture,110,,32,,"2,209,058","107,150,723"
Selena Gomez-Rare,61,1,10,,"4,003,549","107,085,286"
Alex Rose-Toda - Remix,143,,97,,"910,123","106,922,097"
David Guetta-Lovers on the Sun,228,,12,,"914,672","106,908,709"
Dr. Dre-Still D.R.E.,97,,12,,"2,433,712","106,867,195"
Zay Hilfigerrr-Juju On That Beat (TZ Anthem),121,,23,,"1,528,643","106,811,570"
KAROL G-CONTIGO,61,,22,,"2,925,642","106,691,375"
ZAYN-Still Got Time,121,,40,,"1,541,323","106,584,089"
Fuerza Regida-COQUETA,76,,82,,"1,721,466","106,510,345"
Bastille-Pompeii,374,,36,,"553,900","106,469,483"
Peso Pluma-BYE,69,,32,,"2,400,036","106,415,416"
J Balvin-Bobo,212,,67,,"685,054","106,350,031"
AC/DC-You Shook Me All Night Long,81,,102,,"1,625,887","106,199,374"
Young Miko-offline,65,,57,,"2,192,369","106,183,574"
Chris Brown-Questions,118,,53,,"1,184,330","106,153,302"
Pitbull-Timber,310,,40,,"1,881,134","106,063,085"
Mabel-Mad Love,109,,52,,"1,394,810","106,004,659"
Linkin Park-Faint,72,,52,,"2,144,037","105,604,327"
R3HAB-All Around The World (La La La),108,,56,,"1,427,495","105,576,121"
Natalie La Rose-Somebody,190,,26,,"941,751","105,459,222"
David Guetta-Don't Leave Me Alone,108,,40,,"1,585,349","105,427,447"
Manuel Turizo-Esclavo de Tus Besos,112,,67,,"1,202,104","105,148,236"
salem ilese-Mad at Disney,95,,40,,"1,540,905","105,030,197"
Kina-Can We Kiss Forever?,147,,131,,"810,719","104,836,137"
Trinidad Cardona-Dinero,81,,31,,"1,967,203","104,791,759"
Veigh-Novo Balanço,85,,103,,"1,469,378","104,730,228"
Megan Thee Stallion-Thot Shit,86,,43,,"1,655,764","104,661,215"
Kylie Minogue-Santa Baby,84,,26,,"4,100,668","104,608,244"
Lost Frequencies-Black Friday (pretty like the sun),68,,65,,"1,916,546","104,602,371"
24kGoldn-CITY OF ANGELS,98,,52,,"1,357,756","104,503,388"
DJ Snake-You Know You Like It,235,,20,,"1,055,618","104,468,128"
Wisin & Yandel-Aullando,126,,98,,"1,004,023","104,407,936"
Kendrick Lamar-ELEMENT.,112,2,5,,"4,084,332","104,346,080"
Burna Boy-Last Last,99,,82,,"1,311,848","104,155,138"
Disclosure-Latch,333,,28,,"582,495","103,949,646"
David Guetta-Crazy What Love Can Do,116,,94,,"1,122,224","103,913,405"
Jess Glynne-Hold My Hand,227,,28,,"931,211","103,850,318"
Billie Eilish-my strange addiction,94,,14,,"3,251,040","103,791,287"
Ozuna-Tú Foto,141,,65,,"1,042,437","103,769,443"
Sebastian Yatra-Runaway,107,,54,,"1,342,506","103,747,537"
Ashe-Moral of the Story,87,,33,,"1,979,060","103,744,051"
Blxst-Chosen,109,,79,,"1,168,824","103,698,222"
Playboi Carti-RATHER LIE,42,7,3,(x1),"7,392,291","103,613,638"
Playboi Carti-EVIL J0RDAN,36,8,1,(x2),"9,515,551","103,555,445"
Eliza Rose-B.O.T.A. (Baddest Of Them All) - Edit,80,,48,,"1,778,548","103,548,916"
Travis Scott-Antidote,258,,50,,"706,068","103,542,214"
Drake-Sneakin’,151,,27,,"1,456,105","103,435,061"
Anuel AA-Keii,93,,35,,"1,929,096","103,272,487"
Bill Withers-Ain't No Sunshine,76,,66,,"1,813,542","103,261,101"
Omar Apollo-Evergreen,84,,45,,"1,652,059","103,063,257"
Maisak-SE ME OLVIDA,60,,27,,"2,862,604","102,826,016"
Diplo-Be Right There,225,,53,,"678,155","102,807,808"
Ed Sheeran-Sing,287,,25,,"582,121","102,718,655"
Morgan Wallen-What I Want,49,1,5,,"3,978,500","102,646,379"
Camila Cabello-Havana - Remix,118,,50,,"1,249,279","102,548,093"
Rachel Platten-Fight Song,241,,34,,"796,484","102,525,320"
Bad Bunny-Enséñame a Bailar,79,,19,,"4,954,797","102,336,881"
Beéle-no tiene sentido,44,,15,,"2,879,936","102,290,213"
Dimitri Vegas & Like Mike-Instagram,121,,75,,"1,103,311","102,232,830"
Charli xcx-Speed Drive (From Barbie The Album),67,,37,,"2,222,553","102,178,420"
Bad Bunny-Solo de Mi,98,,32,,"1,625,164","102,148,504"
Armani White-BILLIE EILISH.,85,,65,,"1,525,285","102,115,598"
Ed Sheeran-Tenerife Sea,419,,86,,"494,205","102,086,953"
Blanco Brown-The Git Up,117,,61,,"1,197,188","102,067,400"
Juice WRLD-Lean Wit Me,126,,33,,"1,763,266","101,838,305"
Bad Bunny-FINA,44,4,3,(x1),"9,781,294","101,721,780"
Ella Henderson-Ghost,233,,24,,"702,088","101,409,114"
Peso Pluma-Siempre Pendientes,95,,80,,"1,324,116","101,364,726"
ZAYN-LIKE I WOULD,119,,22,,"1,567,263","101,333,039"
Tiësto-Ritual,112,,64,,"1,308,536","101,321,426"
Shawn Mendes-It'll Be Okay,89,,47,,"1,759,559","101,276,673"
Joey Montana-Picky,243,,63,,"582,073","101,240,851"
Kodak Black-Angel Pt. 1,46,3,9,,"4,080,652","101,164,656"
Drake-Energy,319,,16,,"875,470","101,040,206"
Katy Perry-Last Friday Night (T.G.I.F.),81,,111,,"1,413,736","100,845,636"
Rauw Alejandro-Tattoo - Remix with Camilo,102,,53,,"1,455,683","100,741,125"
Aaron Smith-Dancin,139,,98,,"953,572","100,432,584"
Playboi Carti-Sky,115,,88,,"1,075,549","100,267,110"
"Feid-PORFA Remix ( Feat. Maluma, Nicky Jam, Sech) - Remix",106,,74,,"1,257,060","100,149,337"
Kodak Black-Codeine Dreaming,123,,47,,"1,377,047","100,037,757"
George Henrique & Rodrigo-Vai Lá Em Casa Hoje,100,,23,,"1,752,066","100,015,266"
Labrinth-Mount Everest,88,,35,,"1,607,677","99,971,504"
Shakira-Acróstico,49,3,9,,"3,758,478","99,880,513"
Bibi Babydoll-Automotivo Bibi Fogosa,75,,82,,"1,538,375","99,800,705"
Megan Thee Stallion-Body,89,,54,,"1,592,149","99,786,684"
The Kid LAROI-Thousand Miles,80,,13,,"2,519,325","99,686,115"
Post Malone-Spoil My Night,77,6,4,,"5,359,543","99,563,977"
Bad Bunny-NI BIEN NI MAL,103,,54,,"1,331,051","99,294,357"
Lil Mosey-Stuck In A Dream,106,,30,,"1,758,109","99,265,077"
Wolfine-Bella - Remix,128,,71,,"991,715","99,249,738"
Jason Derulo-Goodbye,98,,44,,"1,533,315","99,223,082"
One Direction-Story of My Life,78,,11,,"4,268,457","99,184,985"
Gabry Ponte-Thunder,116,,77,,"1,368,664","99,095,410"
SZA-Open Arms,74,,57,,"2,267,300","98,883,272"
Dawin-Dessert,233,,55,,"634,820","98,786,857"
Emmy Meli-I AM WOMAN,88,,45,,"1,548,512","98,725,986"
Astrid S-Hurts So Good,193,,71,,"702,118","98,706,955"
Kehlani-Nights Like This,90,,35,,"1,729,580","98,657,395"
Clinton Kane-I GUESS I'M IN LOVE,92,,68,,"1,330,292","98,529,948"
BTS-Take Two,46,5,1,(x1),"7,279,978","98,421,287"
Lady Gaga-Sour Candy,67,7,2,(x1),"6,225,375","98,177,594"
Lil Uzi Vert-Myron,112,,14,,"3,094,018","98,159,769"
Jimin-Set Me Free Pt.2,55,2,6,,"4,820,096","98,112,739"
Tito Double P-AY MAMÁ,69,,93,,"1,661,513","98,033,531"
Fujii Kaze-死ぬのがいいわ,75,,57,,"1,563,106","97,979,378"
Young Thug-Hot (Remix),100,,29,,"1,756,219","97,936,033"
Oruam-Oh Garota Eu Quero Você Só Pra Mim,62,,25,,"2,668,400","97,883,230"
Taylor Swift-Mastermind,41,,12,,"9,137,209","97,779,361"
Billie Eilish-xanny,87,1,7,,"3,829,019","97,689,835"
MC MENOR HR-Evoque Prata,73,,50,,"1,929,175","97,630,717"
Elle King-Ex's & Oh's,235,,51,,"603,516","97,604,970"
Ariana Grande-twilight zone,46,6,3,(x1),"5,380,531","97,493,723"
Marília Mendonça-Esqueça-Me Se For Capaz,94,,32,,"1,664,646","97,291,155"
Yuridia-Qué Agonía,88,,86,,"1,346,353","97,262,690"
Ozuna-Baila Baila Baila - Remix,112,,59,,"1,233,069","97,166,469"
Young Thug-Hot,91,,43,,"1,562,255","97,026,659"
Foster The People-Pumped Up Kicks,150,,96,,"1,448,440","96,727,264"
The Chainsmokers-Somebody,105,,46,,"1,792,336","96,713,967"
Kushagra-Finding Her,73,,89,,"1,508,647","96,682,490"
Future-Fine China,104,,15,,"2,612,845","96,526,818"
Kris Kross Amsterdam-Whenever,103,,42,,"1,515,716","96,333,321"
Kenshi Yonezu-KICK BACK,81,,47,,"1,635,207","96,331,584"
Ed Sheeran-What Do I Know?,98,,12,,"3,290,719","96,113,341"
MKTO-Classic,252,,21,,"953,384","96,075,175"
Drake-Mob Ties,82,1,10,,"6,018,735","96,031,675"
Yng Lvcas-La Bebe,74,,64,,"1,788,917","96,015,652"
PEDRO SAMPAIO-DANÇARINA,82,,24,,"1,941,754","95,931,225"
Luke Christopher-Lot to Learn,137,,57,,"940,792","95,927,613"
Don Omar-Te Quiero Pa´Mi,189,,133,,"620,135","95,923,663"
Morgan Wallen-Love Somebody,59,,18,,"3,510,411","95,902,501"
Em Beihold-Numb Little Bug,95,,62,,"1,218,377","95,711,859"
Ozuna-Tu Foto,116,,63,,"961,292","95,607,234"
V-Rainy Days,56,,12,,"3,576,108","95,570,340"
Quavo-Tough,47,,16,,"3,438,965","95,525,503"
Jimin-Smeraldo Garden Marching Band,35,3,4,,"6,625,387","95,226,945"
King Princess-1950,110,,54,,"1,229,564","95,139,270"
Shae Gill-Pasoori,103,,89,,"1,142,809","95,131,237"
Avicii-Heaven,74,1,6,,"3,339,581","94,962,901"
Drake-Know Yourself,286,,22,,"745,508","94,896,540"
Lauv-Mean It,86,,24,,"1,856,275","94,882,058"
NLE Choppa-Camelot,88,,46,,"1,461,300","94,846,197"
Myke Towers-Si Se Da - Remix,111,,61,,"1,198,391","94,739,913"
James Arthur-Naked,122,,70,,"1,035,553","94,710,463"
"Lil Baby-Never Recover (Lil Baby & Gunna, Drake)",98,,15,,"2,457,436","94,674,615"
Yandel-Explícale,146,,92,,"803,485","94,646,021"
Billie Eilish-Lost Cause,66,1,10,,"4,133,823","94,584,088"
Fifth Harmony-Down,106,,49,,"1,416,901","94,548,383"
"Bizarrap-Natanael Cano: Bzrp Music Sessions, Vol. 59",41,1,10,,"4,574,307","94,477,485"
Jain-Makeba,64,,53,,"1,964,433","94,405,242"
Calboy-Envy Me,120,,88,,"984,322","94,402,452"
Ava Max-Salt,104,,63,,"1,192,430","94,401,169"
Gente De Zona-La Gozadera,314,,69,,"462,628","94,384,746"
Dionela-sining,59,,59,,"1,867,656","94,325,894"
Ed Sheeran-Antisocial,61,8,6,,"4,265,602","94,212,394"
Metallica-Master Of Puppets,64,,12,,"2,766,757","94,189,680"
Tom Grennan-Little Bit of Love,111,,108,,"1,011,207","94,090,902"
Fousheé-Deep End,92,,62,,"1,304,129","94,056,642"
Taylor Swift-loml,35,,12,,"12,080,644","94,025,099"
Jonas Brothers-Like It's Christmas,66,,44,,"4,104,021","94,008,428"
LE SSERAFIM-CRAZY,63,,49,,"2,100,628","93,866,018"
Jeremih-oui,206,,63,,"675,546","93,859,651"
blackbear-do re mi,157,,71,,"964,755","93,850,701"
Matoma-Running Out,202,,55,,"595,513","93,778,454"
Juice WRLD-Hate The Other Side,84,2,7,,"4,353,990","93,769,699"
Tate McRae-Just Keep Watching (From F1® The Movie),35,7,7,,"3,629,025","93,583,599"
PARTYNEXTDOOR-BELIEVE IT,81,,16,,"2,873,556","93,422,322"
Nea-Some Say - Felix Jaehn Remix,98,,68,,"1,233,129","93,293,207"
aespa-Supernova,53,,41,,"2,565,327","93,267,559"
Juice WRLD-Conversations,77,4,4,,"5,271,158","93,238,396"
Daddy Yankee-Shaky Shaky,202,,70,,"711,895","93,227,424"
Taylor Swift-You Belong With Me (Taylor’s Version),79,,16,,"3,056,100","93,209,892"
Taylor Swift-Labyrinth,39,,11,,"9,841,164","93,147,488"
Drake-Slime You Out,39,6,3,(x2),"5,410,869","93,129,754"
Niall Horan-Nice To Meet Ya,97,,47,,"1,404,340","93,072,935"
Eminem-The Ringer,60,8,1,(x1),"5,186,590","93,033,398"
DNCE-Toothbrush,150,,53,,"909,364","92,994,684"
Henry Moodie-drunk text,67,,86,,"1,628,766","92,939,828"
XXXTENTACION-whoa (mind in awe),74,3,3,(x1),"3,566,723","92,864,289"
Adele-Skyfall - Full Length,73,,96,,"1,643,030","92,767,263"
Victor Valverde-El Mayor De Los Ranas,67,,88,,"1,667,034","92,743,354"
Taylor Swift-ME!,24,21,1,(x1),"7,945,784","92,665,016"
Peso Pluma-LOS CUADROS,66,,93,,"1,700,577","92,437,887"
Kungs-This Girl (Kungs Vs. Cookin' On 3 Burners) - Kungs Vs. Cookin' On 3 Burners,176,,77,,"911,943","92,410,562"
The Script-Superheroes,205,,12,,"883,686","92,351,446"
benny blanco-Bad Decisions,56,1,7,,"4,157,585","92,221,401"
Dalex-Bellaquita - Remix,101,,82,,"1,091,890","92,145,856"
Miley Cyrus-Mother's Daughter,82,,14,,"2,634,609","92,062,874"
Post Malone-Stay,69,,11,,"4,105,429","92,029,738"
Labrinth-Formula,89,,53,,"1,342,136","91,901,136"
A Boogie Wit da Hoodie-Startender,99,,52,,"1,295,302","91,846,816"
Nadhif Basalamah-penjaga hati,68,,65,,"1,543,608","91,826,066"
Justin Wellington-Iko Iko,91,,62,,"1,305,195","91,802,654"
j-hope-MONA LISA,52,,12,,"3,890,995","91,783,968"
Ayo & Teo-Rolex,159,,87,,"771,757","91,728,602"
6ix9ine-MALA,102,,44,,"1,585,826","91,628,236"
Peso Pluma-Las Morras,68,,70,,"1,744,830","91,604,250"
J. Cole-KOD,67,4,2,(x1),"5,838,691","91,462,426"
NATTI NATASHA-Ram Pam Pam,92,,66,,"1,262,521","91,459,204"
Chino Pacas-Morena Canela,66,,110,,"1,595,554","91,432,383"
DJ Snake-A Different Way,118,,56,,"1,130,989","91,337,357"
Brytiago-Asesina - Remix,124,,111,,"928,395","91,248,633"
Metro Boomin-Space Cadet,116,,47,,"1,418,913","90,944,112"
The Lumineers-Ophelia,264,,71,,"580,357","90,894,042"
Kygo-Raging,146,,43,,"1,084,212","90,820,477"
Super Yei-Lean,96,,71,,"1,209,374","90,746,686"
2 Chainz-It's A Vibe,149,,101,,"759,638","90,532,207"
Calvin Harris-Potion,70,,19,,"2,851,367","90,302,275"
Jack Harlow-Nail Tech,84,,31,,"1,823,065","90,238,717"
PARTYNEXTDOOR-Come and See Me,244,,89,,"472,811","90,175,552"
Billie Eilish-THE GREATEST,39,,16,,"6,230,104","90,168,687"
Kevin Gates-2 Phones,201,,57,,"726,709","90,148,113"
Gorillaz-Tormenta,42,,12,,"3,590,571","90,041,612"
Journey-Don't Stop Believin',144,,141,,"1,233,869","89,954,265"
ElyOtto-SugarCrash!,83,,50,,"1,424,992","89,932,128"
Macklemore-Good Old Days,107,,51,,"1,173,889","89,879,101"
Ozuna-Dile Que Tu Me Quieres,176,,86,,"741,945","89,788,277"
DaBaby-TOES,90,,60,,"1,345,206","89,677,041"
Ozuna-El Farsante,143,,95,,"762,974","89,636,833"
BTS-Run BTS,63,3,6,,"5,477,304","89,609,530"
Surf Curse-Disco,62,,76,,"1,796,842","89,605,891"
"Metro Boomin-Am I Dreaming (Metro Boomin & A$AP Rocky, Roisee)",49,,20,,"2,623,625","89,564,837"
Gym Class Heroes-Stereo Hearts,119,,131,,"856,372","89,277,239"
Chris Rea-Driving Home for Christmas,93,1,8,,"4,918,077","89,215,701"
Sebastian Yatra-Alguien Robo,167,,129,,"621,949","89,194,899"
Kanye West-Runaway,70,,134,,"1,466,832","89,174,177"
J Balvin-Machika,96,,59,,"1,226,525","89,129,351"
Pitbull-Fireball,235,,14,,"777,795","88,917,936"
Robin Schulz-In Your Eyes,107,,81,,"1,036,042","88,910,461"
KHEA-Ayer Me Llamó Mi Ex,86,,48,,"1,607,059","88,830,195"
Dua Lipa-Illusion,47,,11,,"3,966,008","88,809,760"
Halsey-New Americana,217,,56,,"526,432","88,794,015"
Tyga-SWISH,98,,51,,"1,345,344","88,722,928"
Kendrick Lamar-peekaboo,45,,15,,"4,795,215","88,684,063"
Ozuna-El Farsante - Remix,132,,91,,"873,725","88,599,256"
Harry Styles-Little Freak,48,6,6,,"7,153,121","88,585,195"
Julia Michaels-Heaven,82,,32,,"1,669,974","88,455,318"
Lil Skies-Nowadays,118,,80,,"944,539","88,338,190"
Yo Gotti-Rake It Up,131,,74,,"938,966","88,272,072"
Ozuna-Ibiza,123,,93,,"946,698","88,163,574"
Nirvana-Something In The Way - Remastered,68,1,10,,"2,315,178","88,095,740"
Demi Lovato-Body Say,130,,55,,"893,814","87,927,817"
Mahalini-Sial,69,,62,,"1,622,766","87,893,760"
Mac DeMarco-Heart To Heart,78,,89,,"1,378,163","87,868,271"
Rich The Kid-Splashin,108,,85,,"1,063,139","87,723,900"
Peso Pluma-gervonta,53,,32,,"2,992,340","87,493,894"
Anuel AA-Hipócrita,128,,111,,"833,064","87,420,006"
Lil Pump-Esskeetit,107,,40,,"1,624,504","87,327,963"
Oscar Maydon-Elvira,66,,110,,"1,594,179","87,102,339"
Khalid-My Bad,66,,16,,"2,676,926","86,880,889"
Eslabon Armado-Jugaste y Sufrí,94,,87,,"1,101,494","86,823,058"
Lil Uzi Vert-You Was Right,222,,112,,"613,275","86,767,758"
Natanael Cano-Mi Bello Angel,71,,19,,"3,045,037","86,693,204"
Kanye West-Follow God,42,8,3,(x3),"5,650,078","86,650,523"
Feid-Niña Bonita,65,,59,,"1,851,839","86,508,436"
Lukas Graham-Mama Said,208,,67,,"766,320","86,456,501"
Jimin-Like Crazy (English Version),47,1,2,(x1),"6,634,838","86,402,224"
Drake-Massive,57,,15,,"4,222,964","86,401,904"
Kygo-Here for You,196,,33,,"923,705","86,194,243"
Noah Cyrus-Make Me (Cry),115,,52,,"962,551","86,092,146"
Alan Walker-Sing Me to Sleep,144,,57,,"822,429","86,059,528"
Galantis-Love on Me,147,,60,,"835,485","85,976,027"
Justin Bieber-Forever,56,,12,,"3,962,001","85,792,964"
Nicki Minaj-FTCU,54,,56,,"2,053,200","85,705,356"
Ed Sheeran-New Man,75,,11,,"3,261,354","85,700,883"
Manuel Turizo-Esperándote,119,,98,,"862,520","85,602,918"
Taylor Swift-Sweet Nothing,36,,12,,"9,211,064","85,560,617"
Grupo Marca Registrada-El Rescate,91,,108,,"1,103,099","85,451,698"
Adam Lambert-Ghost Town,179,,37,,"839,366","85,371,187"
Ozuna-Quiero Repetir,117,,79,,"970,850","85,338,021"
Maria Becerra-CORAZÓN VACÍO,63,,76,,"1,697,148","85,226,043"
Imany-Don't Be So Shy - Filatov & Karas Remix,159,,67,,"774,813","85,164,774"
Peso Pluma-LA PEOPLE II,46,,31,,"2,457,015","85,109,682"
Post Malone-Rich & Sad,64,4,6,,"4,869,234","84,921,986"
Ryan Castro-Mujeriego,90,,88,,"1,161,721","84,909,848"
MC Kevin o Chris-Faz um Vuk Vuk (Teto Espelhado),58,,47,,"1,980,704","84,890,415"
C. Tangana-Tú Me Dejaste De Querer,86,,31,,"1,895,996","84,806,716"
Dominic Fike-Babydoll,65,,132,,"1,573,420","84,735,126"
Quality Control-Baby (Lil Baby feat. DaBaby),98,,63,,"1,099,031","84,639,925"
The Chainsmokers-The One,78,,16,,"2,476,685","84,476,223"
IVE-After LIKE,65,,23,,"2,134,229","84,466,710"
Kaliii-Area Codes,58,,78,,"1,698,493","84,143,622"
James Arthur-Rewrite The Stars,92,,65,,"1,112,604","84,002,608"
Juice WRLD-Wasted,105,,66,,"1,099,827","83,995,836"
Gracie Abrams-Close To You,54,,41,,"2,618,329","83,904,794"
Zedd-I Want You To Know,152,,19,,"903,612","83,530,243"
Morgan Wallen-Lies Lies Lies,48,,36,,"2,635,282","83,446,910"
Kygo-Like It Is,87,,43,,"1,720,649","83,444,561"
21 Savage-No Heart,148,,88,,"715,275","83,388,318"
AUR-Tu hai kahan,60,,51,,"1,868,198","83,301,904"
Lady Gaga-Million Reasons,171,,51,,"966,144","83,218,964"
Selena Gomez-The Heart Wants What It Wants,164,,13,,"803,179","83,150,548"
S1mba-Rover,93,,69,,"1,154,150","83,088,779"
ZAYN-A Whole New World (End Title),86,,40,,"1,594,550","83,040,132"
Jess Glynne-I'll Be There,103,,54,,"1,186,643","82,990,656"
Ariana Grande-needy,56,5,3,(x1),"5,821,541","82,989,855"
Cardi B-Be Careful,80,,25,,"1,941,609","82,967,440"
Ariana Grande-NASA,56,6,5,,"5,606,877","82,943,355"
YG-BIG BANK,105,,70,,"1,167,788","82,938,894"
Olivia Rodrigo-obsessed,42,,13,,"4,557,468","82,895,156"
Kendrick Lamar-Die Hard,50,4,4,,"7,616,311","82,837,494"
NAYEON-POP!,79,,62,,"1,400,159","82,819,945"
J. Cole-Deja Vu,92,5,5,,"3,024,442","82,794,123"
Harry Styles-Satellite,52,,11,,"5,833,176","82,791,889"
Mother Mother-Hayloft,101,,112,,"902,208","82,761,226"
Capital Cities-Safe And Sound,263,,77,,"1,419,712","82,644,851"
Ed Sheeran-Overpass Graffiti,61,1,10,,"3,780,187","82,634,373"
Bad Bunny-CAFé CON RON,39,,28,,"3,218,014","82,469,127"
Bad Bunny-KETU TeCRÉ,35,,19,,"3,640,688","82,400,662"
Rauw Alejandro-El Efecto,109,,91,,"912,285","82,322,791"
Dave-Starlight,69,,42,,"1,569,494","82,300,930"
Taylor Swift-The Alchemy,31,,15,,"10,637,831","82,275,420"
Laufey-Winter Wonderland - Spotify Singles Holiday,39,,23,,"6,912,896","82,228,575"
Alan Walker-Darkside,97,,63,,"1,054,760","82,163,931"
Demi Lovato-Tell Me You Love Me,109,,65,,"1,078,878","82,101,869"
Rich The Kid-New Freezer,125,,81,,"911,488","82,074,039"
Peso Pluma-LA PEOPLE,62,,88,,"1,653,542","82,041,259"
Jesse & Joy-3 A.M.,129,,102,,"745,526","81,995,004"
Miley Cyrus-Slide Away,66,,29,,"1,860,476","81,993,232"
"Sevdaliza-Ride Or Die, Pt. 2",50,,28,,"3,051,561","81,868,723"
Billie Eilish-SKINNY,32,1,7,,"7,969,974","81,820,465"
The Chainsmokers-Setting Fires,106,,40,,"1,130,652","81,794,886"
Doja Cat-Say So,61,,22,,"2,099,558","81,738,283"
T-Wayne-Nasty Freestyle,145,,19,,"1,093,343","81,732,397"
Cashmere Cat-Trust Nobody,122,,54,,"922,809","81,680,955"
Lewis Capaldi-Forget Me,69,,46,,"1,782,486","81,676,000"
Shubh-Cheques,63,,73,,"1,552,667","81,594,221"
Justin Quiles-PAM,110,,101,,"865,446","81,552,883"
Nick Jonas-Jealous,194,,28,,"622,937","81,531,172"
aespa-Whiplash,47,,33,,"2,501,668","81,480,054"
Shawn Mendes-When You're Gone,62,1,10,,"2,715,833","81,476,535"
Fetty Wap-My Way,205,,44,,"662,215","81,429,642"
Migos-Narcos,73,,15,,"2,346,234","81,325,353"
ROSÉ-On The Ground,56,4,8,,"3,262,615","81,180,398"
Lady Gaga-Judas,54,,34,,"2,317,454","81,145,120"
Madcon-Don't Worry,224,,52,,"548,393","80,902,711"
Katy Perry-Bon Appétit,99,,38,,"1,633,861","80,892,771"
Nilo-Fui Mlk,56,,82,,"1,901,918","80,578,447"
"Bizarrap-Nicky Jam: Bzrp Music Sessions, Vol. 41",53,,15,,"3,209,881","80,323,165"
"Ram Sampath-Sajni (From ""Laapataa Ladies"")",56,,84,,"1,620,639","80,293,026"
Taylor Swift-Fresh Out The Slammer,28,1,10,,"12,758,182","80,264,622"
Jason Derulo-Wiggle,227,,14,,"713,067","80,244,630"
Lady Gaga-Disease,44,,12,,"4,452,496","80,223,820"
Ed Sheeran-How Would You Feel (Paean),71,,14,,"2,887,447","80,080,989"
Drake-Push Ups,29,,22,,"5,635,551","80,064,485"
Måneskin-SUPERMODEL,78,,84,,"1,400,153","79,976,776"
Frank Sinatra-Have Yourself A Merry Little Christmas - Remastered,44,,36,,"5,536,262","79,961,207"
HUGEL-I Adore You,62,,89,,"1,567,360","79,842,095"
Hugo & Guilherme-Mal Feito - Ao Vivo,82,,47,,"1,492,287","79,716,055"
OneRepublic-No Vacancy,107,,57,,"1,111,379","79,635,841"
Meek Mill-All Eyes on You,170,,34,,"771,164","79,596,160"
Bad Bunny-TURiSTA,35,,24,,"3,403,257","79,472,158"
Olivia Rodrigo-hope ur ok,58,,18,,"3,519,865","79,464,095"
Matt Simons-Catch & Release - Deepend Remix,205,,79,,"560,005","79,445,333"
Eden Muñoz-Chale,84,,59,,"1,269,504","79,325,219"
ZAYN-Let Me,78,,28,,"1,941,764","79,272,014"
LE SSERAFIM-EASY,51,,52,,"2,122,349","79,217,394"
Aerosmith-Dream On,71,,96,,"1,261,656","78,998,943"
Omarion-Post to Be,218,,54,,"560,972","78,909,797"
Xavi-En Privado,57,,77,,"1,740,714","78,860,833"
Clean Bandit-Tick Tock,84,,82,,"1,120,181","78,727,633"
"Brett Eldredge-Baby, It's Cold Outside",61,,33,,"3,034,953","78,365,453"
USHER-I Don't Mind,185,,30,,"657,292","78,268,272"
Peso Pluma-Rompe La Dompe,48,,22,,"2,646,525","78,261,546"
Skrillex-Would You Ever,95,,54,,"1,194,338","78,161,554"
Jason Derulo-Love Not War (The Tampa Beat),93,,101,,"1,155,513","78,095,643"
Conkarah-Banana,81,,60,,"1,336,481","78,074,584"
"Dj Guuga-Volta Bebê, Volta Neném",79,,45,,"1,601,905","78,022,250"
Drake-Still Here,172,,52,,"889,119","77,966,248"
Labrinth-Never Felt So Alone,52,,22,,"2,724,225","77,933,425"
Lil Baby-We Paid,89,,61,,"1,260,704","77,911,114"
Nicki Minaj-Anaconda,197,,19,,"775,728","77,891,531"
wifiskeleton-Nope your too late i already died,53,,70,,"1,688,589","77,848,641"
Sigala-Came Here for Love,114,,75,,"883,655","77,558,016"
Olivia Holt-History,111,,62,,"929,057","77,552,691"
WILLOW-t r a n s p a r e n t s o u l feat. Travis Barker,72,,56,,"1,395,310","77,543,505"
Lil Nas X-Rodeo,65,,25,,"2,030,581","77,500,479"
Muni Long-Made For Me,56,,97,,"1,582,873","77,401,615"
Sam Smith-To Die For,63,,30,,"2,040,059","77,393,962"
AP Dhillon-Excuses,74,,52,,"1,405,852","77,353,366"
Ellie Goulding-Sixteen,84,,59,,"1,307,112","77,350,814"
mgk-Home,93,,56,,"1,060,803","77,274,224"
Maluma-Aloha,89,,93,,"1,135,060","77,268,870"
El Chachito-En Paris,66,,110,,"1,451,204","77,256,769"
Future-Cinderella,36,,11,,"4,833,037","77,219,531"
Bad Bunny-El Apagón,61,,23,,"4,647,649","77,186,346"
"Bizarrap-Milo J: Bzrp Music Sessions, Vol. 57",37,1,8,,"4,308,036","77,085,387"
Mc Davi-Bipolar,78,,62,,"1,447,322","77,030,650"
Tai Verdes-A-O-K,88,,101,,"1,037,013","77,011,571"
DJ Khaled-For Free,135,,55,,"821,355","76,928,080"
Pritam-Kesariya,71,,69,,"1,343,882","76,867,390"
NAV-Wanted You,112,,92,,"879,445","76,842,651"
Bellakath-Gatita,61,,55,,"1,882,858","76,795,850"
Bad Bunny-Agosto,65,,24,,"4,566,774","76,756,025"
C. Tangana-Demasiadas Mujeres,77,,66,,"1,208,546","76,700,067"
Mac Miller-Good News,41,1,9,,"4,374,428","76,650,289"
Taylor Swift-Christmas Tree Farm,48,,52,,"4,069,588","76,632,471"
Nacho-Báilame,125,,85,,"784,301","76,583,258"
Justin Bieber-The Feeling,125,,12,,"1,568,950","76,526,776"
Taylor Swift-Say Don't Go (Taylor's Version) (From The Vault),29,4,4,,"10,332,466","76,516,666"
PARTYNEXTDOOR-DIE TRYING,47,,51,,"2,241,515","76,516,329"
Justin Bieber-Sorry - Latino Remix,188,,62,,"565,369","76,453,531"
The Carters-APESHIT,73,,33,,"1,832,234","76,440,853"
Anitta-Vai malandra,80,,18,,"2,184,803","76,330,964"
Camilo-El Mismo Aire - con Pablo Alborán,103,,126,,"855,564","76,015,882"
KEVIN ROLDAN-PPP,109,,117,,"834,767","75,998,307"
Leona Lewis-One More Sleep,60,,47,,"3,041,950","75,977,718"
Bizarrap-Fruto,44,,30,,"2,440,119","75,953,865"
Stormzy-Vossi Bop,88,,54,,"1,353,586","75,946,301"
Post Malone-Die For Me,55,1,8,,"4,364,654","75,936,228"
Anuv Jain-Husn,55,,71,,"1,569,465","75,660,058"
Lil Tecca-Love Me,95,,76,,"1,054,760","75,637,450"
Master KG-Jerusalema,84,,68,,"1,210,308","75,592,365"
KEVIN ROLDAN-Hasta Abajo,84,,82,,"1,115,116","75,563,022"
Creedence Clearwater Revival-Fortunate Son,59,,84,,"1,681,564","75,504,480"
Ofenbach-Overdrive,59,,134,,"1,497,899","75,437,567"
Troye Sivan-One Of Your Girls,46,,25,,"2,437,541","75,430,945"
Bad Bunny-PIToRRO DE COCO,37,,24,,"3,295,196","75,357,922"
Drake-Pussy & Millions,33,7,5,,"7,710,412","75,346,556"
Taylor Swift-So High School,35,,25,,"6,247,408","75,306,259"
Luke Combs-Ain't No Love In Oklahoma (From Twisters: The Album),55,,116,,"1,639,701","75,245,663"
Kanye West-Bound 2,66,,69,,"1,378,259","75,164,239"
Drake-Big Rings,213,,62,,"508,408","75,132,662"
Young M.A-OOOUUU,136,,65,,"765,342","75,059,613"
Mustard-Baguettes in the Face,97,,96,,"948,762","74,977,643"
Robin Schulz-Speechless,96,,110,,"978,179","74,936,100"
Lil Tecca-Did It Again,92,,63,,"1,124,229","74,867,500"
Drake-Summer Sixteen,125,,31,,"1,032,107","74,866,676"
Sech-Se Le Ve,88,,105,,"1,072,830","74,822,176"
Drake-Blem,65,4,8,,"3,464,388","74,804,799"
Ariana Grande-bloodline,49,5,5,,"5,490,853","74,791,595"
Little Mix-Black Magic,171,,34,,"787,442","74,752,887"
Daddy Yankee-Si Supieras,92,,87,,"1,015,725","74,742,943"
NOTD-I Wanna Know,95,,53,,"1,451,105","74,710,494"
Taylor Swift-the 1,48,7,2,(x1),"7,420,303","74,708,987"
Yellow Claw-In My Room,200,,92,,"488,514","74,664,448"
Harry Styles-Grapejuice,41,2,4,,"7,523,026","74,650,537"
Gene Autry-Here Comes Santa Claus (Right Down Santa Claus Lane),42,,40,,"4,389,683","74,599,078"
Ariana Grande-bye,34,1,7,,"5,350,475","74,592,374"
Lady Gaga-Just Dance,57,,77,,"1,727,039","74,494,767"
Mc Livinho-Novidade na Área,53,,62,,"1,766,204","74,478,090"
Jamie Miller-Here's Your Perfect,88,,100,,"987,513","74,387,903"
Morgan Wallen-Cowgirls,58,,152,,"1,421,496","74,306,747"
Jonas Blue-What I Like About You,98,,82,,"1,049,507","74,267,188"
Hugh Jackman-The Greatest Show,102,,63,,"1,057,173","74,264,107"
"Bizarrap-Nathy Peluso: Bzrp Music Sessions, Vol. 36",77,,74,,"1,316,202","74,242,119"
Meghan Trainor-I'll Be Home,65,,49,,"3,770,948","74,164,324"
Nat King Cole-Joy To The World,49,,38,,"3,766,240","74,057,871"
NewJeans-New Jeans,50,,22,,"2,787,907","74,052,258"
Mark Ronson-Find U Again,71,,25,,"2,018,323","74,019,421"
Disclosure-Omen,124,,27,,"975,413","73,722,822"
BTS-Black Swan,61,,20,,"3,236,742","73,715,642"
Martin Garrix-High On Life,91,,83,,"1,074,887","73,621,344"
Lithe-Fall Back,47,,67,,"1,970,409","73,577,478"
Taylor Swift-Enchanted (Taylor's Version),45,3,3,(x1),"7,577,938","73,573,005"
Juice WRLD-Life's A Mess,52,5,3,(x1),"5,307,634","73,564,214"
Farruko-Krippy Kush,107,,66,,"982,548","73,563,755"
Desiigner-Tiimmy Turner,126,,60,,"831,688","73,345,064"
Harry Styles-Love Of My Life,45,1,10,,"5,882,283","73,308,719"
"Arijit Singh-Satranga (From ""ANIMAL"")",50,,65,,"1,905,120","73,222,197"
Laufey-From The Start,60,,110,,"1,441,203","73,205,953"
Juan Magán-Déjate Llevar,110,,93,,"880,248","73,102,673"
LF SYSTEM-Afraid To Feel,79,,108,,"1,096,926","73,081,532"
Tove Lo-Habits (Stay High),216,,23,,"625,609","73,069,916"
Camilo-Ropa Cara,62,,32,,"1,706,125","73,008,311"
Billie Eilish-THE DINER,33,,19,,"5,449,453","72,992,335"
"Bizarrap-Rauw Alejandro: Bzrp Music Sessions, Vol. 56",37,2,4,,"4,257,088","72,853,514"
Ozuna-Caramelo - Remix,85,,79,,"1,115,686","72,683,111"
Abraham Mateo-Loco Enamorado,130,,120,,"655,291","72,583,381"
¥$-BURN,38,,15,,"3,131,018","72,563,010"
KAROL G-Mi Cama,77,,48,,"1,431,956","72,553,258"
Axwell /\ Ingrosso-Sun Is Shining,139,,27,,"949,216","72,533,632"
Galantis-Peanut Butter Jelly,208,,66,,"481,529","72,516,788"
Bad Bunny-Estamos Bien,96,,80,,"956,547","72,500,826"
Taylor Swift-End Game,88,,46,,"1,357,162","72,290,052"
Demi Lovato-Confident,143,,31,,"891,526","72,248,465"
Big Sean-Moves,115,,47,,"1,239,839","72,157,781"
Taylor Swift-Style (Taylor's Version),30,3,1,(x1),"11,672,576","72,112,117"
Ariana Grande-bad idea,45,6,7,,"5,175,165","72,101,431"
Robin Schulz-All We Got,80,,78,,"1,163,706","71,995,362"
Eminem-Walk On Water,61,,11,,"2,754,668","71,918,662"
Sam Fischer-This City,89,,95,,"899,674","71,879,184"
The Weeknd-Dancing In The Flames,34,1,10,,"5,703,518","71,679,978"
Neton Vega-Chiquita,58,,125,,"1,404,754","71,677,105"
Freddie Dredd-Limbo,67,,112,,"1,205,859","71,667,011"
StarBoi3-Dick,71,,64,,"1,292,215","71,584,402"
Bad Bunny-BOOKER T,77,,12,,"3,995,875","71,573,615"
Lil Tjay-F.N,90,,73,,"1,145,454","71,523,124"
Zedd-Get Low,83,,43,,"1,565,926","71,500,285"
Billie Eilish-NDA,43,,14,,"3,737,077","71,497,113"
PUBLIC-Make You Mine,101,,112,,"810,200","71,495,440"
SZA-Blind,46,,12,,"3,946,865","71,489,406"
"Drake-Hold On, We're Going Home",340,,86,,"294,067","71,473,212"
Young Thug-Bad Bad Bad,82,,40,,"1,572,549","71,464,609"
Sia-Audio,88,,62,,"1,125,073","71,380,487"
21 Savage-Ghostface Killers,81,,19,,"1,981,730","71,370,295"
The Kid LAROI-Love Again,41,,24,,"2,723,923","71,159,471"
IVE-LOVE DIVE,67,,47,,"1,411,588","71,129,077"
Jeremih-Don't Tell 'Em,185,,25,,"674,944","70,903,034"
Manuel Turizo-Quiéreme Mientras Se Pueda,93,,123,,"890,042","70,856,133"
Meghan Trainor-Me Too,147,,65,,"678,680","70,824,276"
Cochise-Tell Em,86,,100,,"1,052,774","70,775,896"
Polo G-Flex,90,,75,,"1,064,691","70,722,441"
YNW Melly-Suicidal (Remix),82,,67,,"1,347,378","70,696,118"
Pablito Pesadilla-BABY OTAKU,53,,45,,"1,741,107","70,695,547"
KAROL G-LOCATION,73,,59,,"1,309,127","70,474,836"
Ghea Indrawari-Jiwa Yang Bersedih,55,,78,,"1,430,120","70,469,164"
Måneskin-THE LONELIEST,60,,43,,"1,711,305","70,342,367"
50 Cent-In Da Club,77,,50,,"1,532,227","70,242,973"
Rex Orange County-THE SHADE,73,,92,,"1,123,459","70,195,821"
Léo Santana-Zona De Perigo,37,,11,,"3,410,586","70,192,290"
Olivia Rodrigo-all-american bitch,34,4,5,,"6,141,067","70,187,340"
Drake-Champagne Poetry,36,3,2,(x1),"11,696,783","70,177,141"
DJ Khaled-STAYING ALIVE,49,,18,,"2,679,203","70,051,131"
Fuerza Regida-ANSIEDAD,52,,77,,"1,690,155","70,011,530"
Alex Warren-Bloodline,40,,21,,"2,870,909","69,986,734"
Avicii-For A Better Day,116,,24,,"1,588,632","69,982,297"
Bad Bunny-BOKeTE,30,,24,,"3,380,605","69,960,999"
Shawn Mendes-Summer of Love (Shawn Mendes & Tainy),60,,29,,"2,092,717","69,865,558"
JENNIE-Love Hangover,41,,30,,"2,883,792","69,810,338"
Tove Lo-Stay High - Habits Remix,186,,16,,"768,400","69,802,723"
Metro Boomin-Niagara Falls (Foot or 2) [with Travis Scott & 21 Savage],48,,16,,"2,951,625","69,790,360"
Stephanie Beatriz-The Family Madrigal,67,,57,,"1,335,059","69,754,703"
Beyoncé-Halo,132,,61,,"1,387,924","69,485,784"
JENNIE-SOLO,79,,62,,"1,213,932","69,471,632"
Ski Mask The Slump God-Faucet Failure,86,,92,,"1,060,660","69,421,527"
"Metro Boomin-Annihilate (Spider-Man: Across the Spider-Verse) (Metro Boomin & Swae Lee, Lil Wayne, Offset)",35,,16,,"2,708,125","69,396,212"
Earl Agustin-Tibok,43,,42,,"2,335,189","69,382,857"
Leslie Grace-Duro y Suave,112,,116,,"749,223","69,316,163"
Miley Cyrus-Used To Be Young,38,1,8,,"3,970,740","69,237,340"
Katy Perry-This Is How We Do,172,,18,,"781,882","69,158,185"
Ramz-Barking,116,,139,,"754,426","69,139,364"
Kanye West-Off The Grid,39,4,4,,"6,428,005","69,125,888"
Tinashe-Nasty,45,,74,,"1,756,629","69,116,982"
Alesso-REMEDY,77,,50,,"1,357,076","69,036,558"
24kGoldn-VALENTINO,90,,99,,"914,782","69,001,779"
Luude-Down Under,70,,67,,"1,300,978","68,965,006"
Drake-Major Distribution,27,6,2,(x1),"8,980,165","68,948,674"
Tenxi-Garam & Madu (Sakit Dadaku),50,,94,,"1,667,015","68,944,960"
Justin Bieber-As I Am,42,4,4,,"4,241,420","68,888,984"
"Wesley Safadão-Ele É Ele, Eu Sou Eu",75,,58,,"1,297,726","68,832,161"
KAROL G-+57,35,,15,,"3,441,498","68,820,573"
Ariana Grande-supernatural,39,,15,,"4,624,303","68,778,169"
Raí Saia Rodada-Tapão Na Raba,74,,54,,"1,467,450","68,722,837"
DJ TOPO-MTG QUEM NÃO QUER SOU EU,39,,41,,"2,600,189","68,716,906"
Creepy Nuts-オトノケ - Otonoke,50,,122,,"1,486,961","68,708,822"
J Balvin-Una Nota,65,,43,,"1,748,712","68,505,591"
Pia Mia-Do It Again,174,,53,,"636,547","68,410,888"
J. Cole-m y . l i f e,42,5,2,(x1),"6,444,369","68,404,912"
David Guetta-Bad,243,,43,,"684,365","68,314,395"
Selena Gomez-Ojos Tristes,43,,54,,"2,025,826","68,314,136"
Kanye West-Moon,46,1,8,,"5,218,787","68,307,999"
Lele Pons-Celoso,99,,101,,"878,417","68,245,556"
Post Malone-Over Now,53,,11,,"4,466,112","68,046,119"
John Mayer-New Light,78,,52,,"1,258,138","67,973,787"
Eminem-Fall,52,,11,,"2,979,395","67,924,036"
Eminem-Killshot,63,,20,,"2,236,513","67,877,240"
Dímelo Flow-El Favor,82,,78,,"1,059,352","67,729,637"
Ed Sheeran-Supermarket Flowers,69,,18,,"2,612,940","67,721,358"
Trueno-DANCE CRIP,64,,70,,"1,339,735","67,683,966"
Matoma-False Alarm,134,,77,,"642,598","67,618,199"
Skrillex-Purple Lamborghini,124,,54,,"904,803","67,607,244"
IVE-I AM,48,,61,,"1,750,040","67,542,665"
Nicky Jam-Atrévete,91,,104,,"960,734","67,453,851"
Travis Scott-HIGHEST IN THE ROOM,49,1,4,,"3,939,294","67,435,412"
Ed Sheeran-Sapphire,28,,15,,"2,881,089","67,295,651"
Khalid-Outta My Head,55,,15,,"2,716,695","67,294,769"
Vedo-You Got It,76,,79,,"1,084,984","67,267,487"
"Varun Jain-Tere Vaaste (From ""Zara Hatke Zara Bachke"")",48,,69,,"1,708,252","67,234,625"
J Balvin-Ahora,100,,92,,"930,707","67,153,124"
RAYE-Escapism. - Sped Up,51,,51,,"2,099,010","67,150,659"
The White Stripes-Seven Nation Army,50,,133,,"1,549,542","67,081,204"
Duki-Goteo,83,,79,,"1,008,720","67,073,090"
Sech-La Luz,73,,57,,"1,442,845","67,063,014"
Ed Sheeran-Barcelona,67,,19,,"2,584,894","67,008,425"
Odetari-KEEP UP,42,,65,,"1,876,299","66,977,297"
Quevedo-WANDA,59,,105,,"1,437,951","66,682,700"
Jessie J-Flashlight,167,,37,,"770,125","66,659,807"
Ice Spice-Did It First,33,,35,,"2,624,146","66,632,229"
NewJeans-Attention,64,,73,,"1,297,895","66,472,783"
Manuel Turizo-Sola,95,,136,,"808,098","66,408,334"
Dayvi-Baila Conmigo,86,,91,,"978,847","66,401,760"
Yb Wasg'ood-LUNA BALA - Slowed,48,,88,,"1,554,147","66,374,222"
Yeat-Breathe,43,,69,,"1,840,145","66,367,874"
Anne-Marie-Ciao Adios,109,,93,,"792,778","66,343,897"
"Rich Homie Quan-Flex (Ooh, Ooh, Ooh)",181,,54,,"583,966","66,283,753"
Taylor Swift-I Can Fix Him (No Really I Can),24,,13,,"11,127,606","66,243,676"
Nicki Minaj-Chun-Li,78,,46,,"1,459,934","66,184,513"
Bad Bunny-LA MuDANZA,31,,29,,"3,099,096","66,176,813"
Os Barões Da Pisadinha-Recairei - Ao Vivo,74,,28,,"1,635,175","66,144,478"
Black Eyed Peas-Rock That Body,33,,18,,"2,627,444","66,120,300"
Peach Tree Rascals-Mariposa,83,,102,,"979,078","65,919,408"
Gym Class Heroes-Cupid's Chokehold / Breakfast in America,71,,74,,"1,138,861","65,915,355"
Myke Towers-ALMAS GEMELAS,74,,82,,"1,121,048","65,828,346"
Ellie Goulding-Still Falling For You,96,,44,,"1,106,697","65,804,996"
ItaloBrothers-Summer Air,115,,91,,"765,492","65,746,984"
"Tyler, The Creator-Darling, I",25,3,6,,"7,685,457","65,729,539"
NLE Choppa-Shotta Flow (Feat. Blueface) [Remix],83,,92,,"922,773","65,720,175"
NLE Choppa-SLUT ME OUT,48,,66,,"1,667,247","65,657,168"
Olly Alexander (Years & Years)-If You're Over Me,86,,59,,"1,182,035","65,644,089"
Camila Cabello-She Loves Control,71,,32,,"1,733,208","65,608,037"
Jimin-Be Mine,43,,37,,"2,587,829","65,535,061"
Calvin Harris-Blessings,49,,98,,"1,602,065","65,489,660"
Lady Gaga-Hold My Hand,69,,103,,"1,167,513","65,452,640"
Sabrina Carpenter-Coincidence,36,,21,,"3,762,400","65,278,806"
Mae Stephens-If We Ever Broke Up,57,,120,,"1,301,761","65,265,588"
Lil Wayne-Mona Lisa,42,7,1,(x1),"5,808,198","65,204,351"
Lil Tecca-Ransom,77,,40,,"1,630,261","65,151,455"
Michael Bublé-White Christmas (duet with Shania Twain),99,,18,,"2,172,152","65,112,164"
Cali Y El Dandee-Por Fin Te Encontré,208,,86,,"413,069","65,051,226"
Post Malone-On The Road,49,1,10,,"4,023,514","65,023,382"
Maanu-Jhol,44,,77,,"1,620,795","65,001,529"
Nicki Minaj-Only,199,,30,,"637,062","64,991,769"
Stevie Wonder-What Christmas Means To Me,45,,42,,"3,271,878","64,985,605"
Madison Beer-Reckless,76,,78,,"1,084,959","64,933,615"
Blessd-DEPORTIVO,44,,78,,"1,813,631","64,868,336"
Rae Sremmurd-No Type,238,,46,,"491,605","64,773,191"
ZHU-Working For It - Bonus Track,129,,61,,"676,499","64,647,354"
Future-Where Ya At,224,,79,,"379,929","64,615,865"
Piso 21-Besándote,120,,118,,"620,505","64,601,601"
Calvin Harris-By Your Side,70,,58,,"1,576,523","64,538,029"
J. Cole-p r i d e . i s . t h e . d e v i l,42,2,4,,"5,672,157","64,469,181"
Madison Beer-Selfish,76,,77,,"1,009,386","64,414,334"
6ix9ine-STOOPID,59,,14,,"2,510,965","64,283,904"
Oliver Anthony Music-Rich Men North of Richmond,38,,35,,"2,428,387","64,259,320"
Lil Tjay-Headshot,64,,57,,"1,517,181","64,183,157"
NIKI-Every Summertime,69,,74,,"1,122,435","64,119,319"
The Weeknd-Sidewalks,79,,17,,"2,001,724","64,065,300"
Bad Bunny-HIBIKI,28,2,4,,"9,487,460","64,033,131"
Bruno Mars-It Will Rain,37,,58,,"2,062,859","63,999,549"
Pooh Shiesty-Back In Blood,74,,94,,"1,052,244","63,992,944"
Sam Smith-Pray,65,,21,,"1,748,229","63,882,174"
Piso 21-Pa' Olvidarme De Ella,90,,144,,"838,499","63,863,464"
"P!nk-Just Like Fire (From the Original Motion Picture ""Alice Through The Looking Glass"")",134,,61,,"754,194","63,822,867"
"Lorde-Homemade Dynamite (Feat. Khalid, Post Malone & SZA) - REMIX",63,,52,,"1,219,069","63,809,622"
Tiago PZK-Entre Nosotros (Remix) [con Nicki Nicole],58,,44,,"1,690,860","63,805,021"
Coldplay-Magic,230,,40,,"477,879","63,793,372"
Dua Lipa-Be The One,140,,108,,"693,860","63,678,853"
Lil Uzi Vert-New Patek,60,,13,,"2,506,472","63,677,541"
Rag'n'Bone Man-Skin,109,,95,,"739,876","63,559,423"
"Taylor Swift-Would've, Could've, Should've",36,,21,,"3,518,231","63,540,154"
Major Lazer-Powerful,212,,69,,"486,409","63,494,952"
Jombriel-Parte & Choke,47,,110,,"1,720,162","63,420,093"
Mora-REINA,43,,15,,"2,870,048","63,415,074"
Vice-Steady 1234,109,,84,,"743,330","63,409,554"
BLACKPINK-Pretty Savage,54,1,8,,"4,007,555","63,358,242"
Nirvana-Come As You Are - Remastered,53,,167,,"1,305,559","63,357,675"
"Tyler, The Creator-Noid",23,3,4,,"8,487,610","63,355,103"
Jason Derulo-If I'm Lucky,85,,69,,"1,005,981","63,313,392"
The Weeknd-Six Feet Under,86,,23,,"1,722,850","63,306,067"
Gunna-on one tonight,45,,118,,"1,634,841","63,295,729"
Ariana Grande-eternal sunshine,28,1,10,,"4,907,671","63,273,359"
Nio Garcia-Travesuras - Remix,71,,84,,"1,126,909","63,244,014"
Camilo-Machu Picchu,66,,63,,"1,305,633","63,240,092"
Niack-Oh Juliana,76,,72,,"1,155,536","63,228,738"
BTS-FAKE LOVE,59,,14,,"2,247,037","63,212,767"
Martin Solveig-Intoxicated,175,,56,,"537,617","63,208,569"
Taylor Swift-imgonnagetyouback,28,,21,,"6,755,030","63,106,491"
Duki-GIVENCHY,46,,13,,"2,749,372","62,988,614"
Harry Styles-Cinema,35,1,8,,"6,380,315","62,759,612"
KAROL G-LATINA FOREVA,41,,34,,"2,350,089","62,666,803"
"Arijit Singh-Apna Bana Le (From ""Bhediya"")",46,,70,,"1,541,131","62,578,399"
A$AP Rocky-Sundress,49,,112,,"1,608,973","62,505,477"
Maty Noyes-in my miNd,120,,74,,"648,979","62,371,955"
Sleepy Hallow-A N X I E T Y,27,,11,,"3,638,074","62,343,179"
Zach Bryan-28,38,,50,,"2,121,407","62,259,831"
The Chainsmokers-Hope,54,,27,,"1,968,345","62,247,647"
Niall Horan-Heaven,42,,22,,"2,699,356","62,240,594"
Sam Smith-I’m Ready,56,,20,,"2,376,047","62,178,413"
Polo G-21,88,,141,,"781,735","62,165,459"
One Direction-What Makes You Beautiful,42,,29,,"2,656,016","62,153,514"
Justin Quiles-Ponte Pa' Mi,80,,128,,"911,705","62,122,918"
Lady Gaga-Bad Romance,46,,44,,"2,174,446","62,111,462"
Morgan Wallen-You Proof,55,,64,,"1,955,950","62,065,909"
Ashnikko-Slumber Party,71,,85,,"1,032,065","62,063,106"
"*NSYNC-Merry Christmas, Happy Holidays",44,,61,,"3,007,928","61,993,797"
Kings of Leon-Sex on Fire,53,,99,,"1,697,558","61,745,107"
Jax Jones-Instruction,92,,72,,"974,908","61,666,931"
NewJeans-ETA,44,,25,,"2,613,406","61,633,822"
Clean Bandit-Tears,128,,78,,"606,033","61,632,229"
Maluma-Madrid,80,,119,,"919,195","61,540,167"
Christian Nodal-Ya No Somos Ni Seremos,61,,25,,"2,011,928","61,517,706"
Avine Vinny-Coração Cachorro,58,,42,,"1,524,482","61,498,760"
Yung Lean-Ginseng Strip 2002,52,,38,,"1,620,130","61,388,614"
Peso Pluma-LUNA,36,,16,,"3,093,652","61,262,842"
Khalid-Up All Night,60,,43,,"1,490,217","61,227,856"
Drake-Legend,219,,19,,"780,814","61,186,154"
Camila Cabello-Real Friends,75,,30,,"1,771,946","61,117,959"
Harry Styles-Keep Driving,36,,12,,"5,751,740","61,079,438"
Bebe Rexha-Last Hurrah,63,,53,,"1,351,419","61,022,698"
Lil Uzi Vert-That Way - Bonus Track,49,,15,,"2,646,196","60,942,205"
Zedd-Good Thing,60,,50,,"1,339,708","60,931,816"
TV Girl-Not Allowed,49,,137,,"1,361,669","60,916,257"
Maluma-Qué Pena,68,,64,,"1,119,533","60,904,648"
G.R.L.-Ugly Heart,169,,30,,"584,207","60,843,130"
Trippie Redd-Topanga,72,,38,,"1,670,068","60,798,428"
Camilo-Índigo,51,,35,,"1,763,583","60,791,531"
Twenty One Pilots-Level of Concern,58,,24,,"2,175,414","60,704,351"
Ariana Grande-Santa Baby,57,,40,,"2,520,246","60,602,249"
TINI-Bar,66,,82,,"1,243,119","60,564,520"
Post Malone-Guy For That (Feat. Luke Combs),34,,17,,"3,318,091","60,559,565"
Megan Thee Stallion-Hot Girl Summer,58,,28,,"1,947,607","60,557,631"
Meghan Trainor-Dear Future Husband,134,,35,,"836,612","60,486,004"
Post Malone-Pour Me A Drink (Feat. Blake Shelton),35,,31,,"2,886,577","60,408,839"
Young Stoner Life-Solid,58,,17,,"2,905,183","60,383,134"
"Dean Martin-Baby, It's Cold Outside",39,,39,,"3,372,452","60,367,787"
Harry Styles-Daydreaming,35,1,9,,"6,028,378","60,225,714"
Feid-REMIX EXCLUSIVO,41,,57,,"2,043,407","60,197,893"
The Kid LAROI-TOO MUCH,28,1,10,,"4,361,378","60,155,359"
Kaifi Khalil-Kahani Suno 2.0,46,,68,,"1,513,787","60,093,901"
Lil Uzi Vert-Money Longer,166,,104,,"527,801","60,012,702"
Lil Dicky-Earth,50,,31,,"1,688,193","59,874,721"
"Bizarrap-Paulo Londra: Bzrp Music Sessions, Vol. 23",35,5,2,(x1),"5,507,886","59,841,704"
ZICO-SPOT!,36,,70,,"1,947,705","59,734,203"
Luan Santana-MORENA,67,,70,,"1,248,397","59,659,565"
Kendrick Lamar-wacced out murals,21,4,5,,"7,753,294","59,622,390"
Sabrina Carpenter-A Nonsense Christmas,24,,32,,"6,112,669","59,601,109"
Stray Kids-Chk Chk Boom,35,,25,,"3,103,367","59,554,436"
Thalia-Desde Esa Noche,173,,123,,"406,302","59,531,538"
AnnenMayKantereit-Tom's Diner,59,,57,,"1,239,844","59,521,968"
Drake-On BS,27,4,4,,"7,974,089","59,507,643"
Sigala-Sweet Lovin',145,,56,,"622,630","59,418,491"
Justin Bieber-Purpose,104,,22,,"1,271,969","59,371,783"
Post Malone-92 Explorer,53,,21,,"3,250,200","59,258,781"
Simone Mendes-Erro Gostoso - Ao Vivo,47,,86,,"1,581,502","59,172,399"
Alvaro Soler-Sofia,132,,87,,"577,479","59,116,683"
Isaiah Firebrace-It's Gotta Be You,84,,60,,"959,007","59,090,169"
Drake-Emotionless,34,4,3,(x1),"7,690,019","59,085,042"
Bad Bunny-La Zona,61,,30,,"2,505,493","59,057,365"
USHER-Yeah!,43,,36,,"2,317,743","59,007,834"
Shawn Mendes-Youth feat. Khalid,52,,19,,"2,302,769","58,960,434"
Terror Jr-Come First,108,,62,,"725,715","58,881,988"
Don Toliver-Bandit,43,,40,,"2,314,169","58,845,657"
21 Savage-Runnin,54,1,9,,"3,744,137","58,818,972"
TWISTED-WORTH NOTHING - Fast & Furious: Drift Tape/Phonk Vol 1,57,,133,,"1,225,046","58,802,549"
Israel & Rodolffo-Seu Brilho Sumiu - Ao Vivo,46,,85,,"1,593,892","58,772,282"
Olly Murs-Wrapped Up,124,,20,,"827,945","58,622,895"
David Guetta-Dirty Sexy Money,88,,81,,"980,714","58,569,286"
Duki-Si Quieren Frontear,58,,63,,"1,292,921","58,568,162"
Axwell /\ Ingrosso-Dreamer,95,,124,,"758,709","58,564,823"
The Jackson 5-I Saw Mommy Kissing Santa Claus,39,,36,,"3,269,534","58,552,528"
Post Malone-Zack And Codeine,46,1,10,,"4,476,065","58,502,901"
Ella Mai-Trip,77,,82,,"1,023,334","58,416,795"
Lil Tjay-In My Head,46,,20,,"2,334,194","58,411,060"
Post Malone-Same Bitches,49,,16,,"3,971,526","58,241,930"
Daddy Yankee-Don Don,67,,86,,"1,064,178","58,221,825"
21 Savage-née-nah,29,1,7,,"4,302,555","58,078,529"
Tom Walker-Just You and I,68,,79,,"1,107,988","58,037,838"
TWICE-Talk that Talk,49,,49,,"1,769,615","57,988,318"
Sia-Alive,169,,57,,"503,742","57,925,294"
Iggy Azalea-Fancy,99,2,7,,"869,420","57,907,610"
PSY-That That (prod. & feat. SUGA of BTS),42,,16,,"2,517,725","57,882,567"
Dean Martin-Rudolph The Red-Nosed Reindeer,35,,53,,"3,686,808","57,790,593"
Oxlade-KU LO SA - A COLORS SHOW,53,,91,,"1,294,961","57,760,864"
Megan Thee Stallion-Neva Play,27,1,10,,"4,517,808","57,754,497"
Malu-Disco Arranhado - Funk Remix,62,,58,,"1,361,750","57,728,893"
SAYGRACE-You Don't Own Me,112,,58,,"870,376","57,695,937"
Lomiiel-HAY LUPITA,40,,68,,"1,869,221","57,582,193"
Lunay-Soltera (Remix),32,,23,,"2,111,959","57,546,735"
Lil Skies-i,74,,56,,"1,291,747","57,532,684"
Taylor Swift-champagne problems,43,2,3,(x1),"5,799,455","57,514,543"
Charlie Puth-Done for Me,77,,72,,"1,017,897","57,504,474"
Tiësto-Wasted,189,,15,,"647,206","57,443,398"
Bizarrap-Entre las de 20,34,,32,,"2,627,149","57,422,371"
Selena Gomez-Single Soon,33,1,10,,"3,879,835","57,367,493"
Juice WRLD-Already Dead,40,,14,,"3,704,299","57,299,790"
Manuel Turizo-Te Quemaste,77,,115,,"897,914","57,287,205"
Nelly-The Fix,161,,75,,"497,411","57,275,712"
Robin Schulz-Sun Goes Down,220,,49,,"448,868","57,271,886"
Galantis-Hunter,102,,102,,"716,044","57,224,806"
Pitbull-Fun,150,,32,,"869,641","57,099,838"
Chappell Roan-The Giver,27,1,9,,"6,268,458","57,090,166"
Anuel AA-Reggaetonera,75,,72,,"1,229,434","57,054,204"
Sachin-Jigar-Phir Aur Kya Chahiye,40,,58,,"1,948,653","56,998,803"
FIFTY FIFTY-Cupid,47,,90,,"1,396,233","56,962,408"
Billie Eilish-BITTERSUITE,26,,21,,"5,277,647","56,712,973"
The Weeknd-Wasted Times,36,4,5,,"3,936,324","56,672,236"
DJ Ivis-Esquema Preferido,64,,61,,"1,269,917","56,558,088"
Matoma-Old Thing Back,136,,36,,"816,339","56,533,197"
Metro Boomin-10 Freaky Girls,60,,33,,"1,633,721","56,511,582"
Jason Derulo-Try Me,179,,51,,"571,103","56,511,195"
Nicki Minaj-The Night Is Still Young,166,,51,,"619,197","56,463,958"
PEDRO SAMPAIO-GALOPA,62,,46,,"1,354,594","56,407,335"
Michael Bublé-Jingle Bells,71,,24,,"3,037,157","56,382,746"
Taylor Swift-Blank Space (Taylor's Version),25,2,3,(x1),"10,359,947","56,332,059"
"Sachet-Parampara-Raanjhan (From ""Do Patti"")",41,,81,,"1,654,415","56,280,908"
Travis Scott-4X4,27,,15,,"4,137,659","56,261,426"
"BANDIDO-No Me Conocen (Remix) [con DUKI, Rei & Tiago PZK]",64,,98,,"1,069,450","56,203,420"
Logic-44 More,54,,28,,"1,862,587","56,188,872"
"Tyler, The Creator-Rah Tah Tah",21,3,5,,"8,372,130","56,099,623"
Taylor Swift-The Man,35,5,4,,"4,612,079","55,994,906"
Donny Hathaway-This Christmas,31,,42,,"4,130,249","55,983,156"
Jorja Smith-Be Honest,73,,106,,"901,180","55,941,878"
Eden Muñoz-Abcdario,37,,46,,"2,107,527","55,927,416"
Drake-Childs Play,134,,58,,"828,334","55,911,012"
Lauv-The Other,97,,92,,"766,425","55,778,306"
Bing Crosby-White Christmas - 1947 Version,23,,28,,"6,422,484","55,701,564"
"Tanishk Bagchi-Raataan Lambiyan (From ""Shershaah"")",57,,60,,"1,299,163","55,697,121"
Iggy Azalea-Fancy,193,,22,,"806,228","55,662,484"
Kiesza-Hideaway,182,,27,,"616,754","55,607,323"
Martin Garrix-Don't Look Down,135,,36,,"835,289","55,555,789"
Davi Kneip-sentaDONA (Remix) s2,55,,35,,"1,693,912","55,517,548"
Crissin-Poblado,46,,54,,"1,563,356","55,462,023"
Cynthia Erivo-Defying Gravity,30,,47,,"2,506,409","55,459,241"
Morgan Wallen-I Ain't Comin' Back,39,,18,,"2,876,867","55,449,784"
Alan Walker-Tired,96,,104,,"826,033","55,411,812"
Maluma-El Perdedor,140,,77,,"596,971","55,406,402"
Bad Bunny-Pero Ya No,41,,14,,"3,702,864","55,364,717"
Zé Felipe-Malvada,56,,32,,"1,665,809","55,338,675"
Ziv Zaifman-A Million Dreams,79,,81,,"916,135","55,334,886"
Adele-Love In The Dark,52,,40,,"1,714,032","55,264,373"
Tony Bennett-Winter Wonderland,42,,41,,"2,766,625","55,231,372"
Lauv-There's No Way,64,,70,,"1,097,282","55,207,537"
Jin-The Astronaut,37,,17,,"4,146,790","55,190,895"
Maroon 5-Nobody's Love,56,,59,,"1,648,747","55,139,480"
Musical Youth-Pass The Dutchie,52,,81,,"1,327,774","54,907,683"
Quavo-WORKIN ME,77,,69,,"1,240,490","54,758,706"
Eminem-Not Alike,40,2,9,,"3,167,526","54,735,600"
Agust D-Haegeum,29,,11,,"3,937,168","54,734,277"
Beach Bunny-Cloud 9,62,,73,,"1,070,374","54,678,289"
Yandel-Como Antes,96,,116,,"722,009","54,659,817"
Idina Menzel-Into the Unknown,58,,51,,"1,299,639","54,614,045"
SUICIDAL-IDOL-ecstacy (slowed),43,,102,,"1,431,805","54,433,220"
Maroon 5-This Summer,118,,34,,"862,053","54,415,332"
Lunay-Soltera,66,,97,,"1,035,131","54,381,541"
Jin-I'll Be There,25,1,9,,"4,692,222","54,308,479"
Lauv-Feelings,62,,73,,"1,138,082","54,223,067"
Reik-Ya Me Enteré,127,,103,,"526,120","54,202,719"
Charly Black-Gyal You A Party Animal - Remix,107,,114,,"637,686","54,186,318"
Drake-Family Matters,21,,11,,"5,419,731","54,161,299"
Daddy Yankee-PROBLEMA,67,,108,,"1,051,033","54,160,757"
ScHoolboy Q-X,56,,19,,"2,204,390","54,134,481"
Lizzo-Rumors,42,,18,,"2,916,657","54,101,401"
Labrinth-All For Us - from the HBO Original Series Euphoria,53,,54,,"1,398,702","54,051,777"
Drake-Sticky,39,1,9,,"5,153,548","54,041,679"
XXXTENTACION-NUMB,62,,15,,"3,154,391","53,948,923"
Kenia Os-Malas Decisiones,44,,97,,"1,446,421","53,948,738"
Joost-Europapa,27,,22,,"3,287,462","53,903,510"
2 Chainz-4 AM,86,,72,,"900,973","53,894,015"
Hailee Steinfeld-Rock Bottom,123,,75,,"562,623","53,842,881"
DJ Snake-Turn Down for What,240,,35,,"432,737","53,832,569"
6ix9ine-TIC TOC,38,4,4,,"3,278,358","53,752,620"
Matheus Fernandes-Baby Me Atende,61,,79,,"1,178,421","53,745,440"
Jax Jones-All Day And Night - Jax Jones & Martin Solveig Present Europa,68,,89,,"1,040,613","53,731,462"
Beyoncé-ALIEN SUPERSTAR,42,,12,,"3,470,344","53,719,561"
Khalid-Suncity,45,,19,,"2,304,182","53,702,017"
JENNIE-Handlebars,28,,17,,"3,563,348","53,676,138"
Nicky Jam-Fan de Tus Fotos,71,,150,,"874,941","53,632,417"
Taylor Swift-The Prophecy,25,,32,,"5,154,617","53,590,963"
Polo G-Go Stupid,65,,93,,"1,103,416","53,543,973"
Ariana Grande-fake smile,35,2,8,,"4,871,271","53,532,993"
Kendrick Lamar-hey now,23,1,8,,"6,204,799","53,459,646"
KAROL G-Mi Cama - Remix,69,,67,,"1,108,035","53,416,021"
21 Savage-monster,49,,31,,"1,989,544","53,339,250"
Morgan Wallen-I'm The Problem,35,,20,,"3,610,794","53,303,063"
Taylor Swift-Clara Bow,19,,16,,"9,564,186","53,278,219"
Little Mix-Secret Love Song,164,,115,,"364,497","53,266,488"
Steve Lacy-Static,53,,109,,"1,145,022","53,265,849"
j-hope-Sweet Dreams,28,,24,,"3,378,962","53,250,665"
Halsey-Nightmare,42,,18,,"2,222,486","53,227,435"
Taylor Swift-The Black Dog,22,,20,,"7,011,116","53,200,234"
Olivia Rodrigo-All I Want,67,,63,,"1,199,402","53,199,370"
The Weeknd-Out of Time,37,1,8,,"4,138,495","53,139,758"
Flo Rida-Cake - Challenge Version,87,,84,,"751,903","53,120,525"
"Bernadya-Untungnya, Hidup Harus Tetap Berjalan",36,,79,,"1,653,815","53,102,050"
Jung Kook-Never Let Go,26,,14,,"5,511,530","53,072,706"
Anitta-Me Gusta,46,,24,,"2,244,409","52,989,064"
Loren Allred-Never Enough,75,,78,,"942,415","52,987,304"
Guilherme & Benuto-Haja Colírio,52,,68,,"1,404,096","52,941,188"
Migrantes-Si Me Tomo Una Cerveza,64,,64,,"1,175,384","52,866,261"
Chefin-212,55,,72,,"1,198,245","52,844,303"
J Balvin-Ambiente,75,,100,,"894,037","52,841,492"
NAV-Turks,42,,17,,"2,855,163","52,798,310"
Unknown Artist-Medusa,59,,80,,"1,206,220","52,776,270"
Drake-Virginia Beach,25,2,1,(x1),"8,090,809","52,746,574"
KAROL G-SEJODIOTO,56,,72,,"1,302,270","52,728,932"
Drake-Circo Loco,26,3,7,,"6,534,486","52,721,365"
Rita Ora-Girls,57,,47,,"1,572,600","52,686,172"
blackbear-do re mi,95,,107,,"672,462","52,593,572"
TAEYANG-VIBE,34,,12,,"3,562,808","52,578,367"
Travis Scott-FRANCHISE,38,1,7,,"3,665,233","52,573,445"
Jason Derulo-Get Ugly,118,,55,,"650,698","52,572,281"
Gusttavo Lima-Ficha Limpa,57,,67,,"1,252,697","52,564,667"
Post Malone-Takin' Shots,43,,13,,"4,295,775","52,554,973"
TWICE-I CAN'T STOP ME,53,,46,,"1,513,019","52,549,802"
JENNIE-You & Me,33,,13,,"3,774,569","52,533,531"
Metro Boomin-No Complaints,93,,74,,"886,252","52,473,985"
Hearts & Colors-Lighthouse - Andrelli Remix,82,,68,,"802,897","52,453,140"
Trey Songz-Slow Motion,168,,54,,"556,959","52,440,152"
Ed Sheeran-Nancy Mulligan,50,,23,,"2,410,701","52,413,907"
Melanie Martinez-Pity Party,114,,79,,"548,977","52,390,863"
Xavi-Modo DND,40,,108,,"1,483,933","52,369,328"
Kanye West-Yikes,41,4,4,,"4,106,390","52,285,353"
DG e Batidão Stronda-Mãe Solteira,31,,46,,"2,514,542","52,147,934"
Justin Bieber-Mark My Words,87,,16,,"1,586,876","52,145,351"
Lorde-Royals,220,,72,,"399,164","52,133,370"
Bad Bunny-HACIENDO QUE ME AMAS,44,1,4,,"5,033,160","52,105,107"
Imagine Dragons-Warriors,163,,29,,"644,065","52,096,591"
Zé Felipe-Toma Toma Vapo Vapo,53,,19,,"1,864,872","52,077,325"
Future-Wicked,130,,91,,"519,582","51,990,100"
Offset-Clout,69,,113,,"918,886","51,953,252"
Trueno-Mamichula - con Nicki Nicole,32,,53,,"2,063,714","51,880,150"
Aminé-REEL IT IN,70,,105,,"917,137","51,748,959"
BTS-ON,45,,21,,"2,495,156","51,725,140"
Diane Guerrero-What Else Can I Do?,54,,71,,"1,129,002","51,723,355"
Alvaro Diaz-Problemón,61,,110,,"1,015,423","51,696,098"
21 Savage-Mr. Right Now,43,,14,,"3,492,862","51,608,488"
Gusttavo Lima-Bloqueado - Ao Vivo,53,,51,,"1,354,930","51,598,916"
James Hersey-Miss You,107,,84,,"591,417","51,576,328"
Jason Derulo-Trumpets,167,,29,,"555,327","51,539,244"
Madden-Golden Light,116,,70,,"627,289","51,535,440"
"Bizarrap-Arcángel: Bzrp Music Sessions, Vol. 54",25,1,6,,"4,232,590","51,526,766"
Drake-Elevate,33,3,4,,"7,502,102","51,501,431"
Kanye West-True Love,35,,14,,"3,099,946","51,482,863"
Idina Menzel-Baby It's Cold Outside (duet with Michael Bublé),34,,47,,"2,940,793","51,420,804"
Camila Cabello-OMG,70,,60,,"1,040,842","51,402,051"
Ozuna-Te Soñé De Nuevo,68,,109,,"915,770","51,390,232"
Riton-Turn Me On,69,,75,,"1,286,718","51,366,320"
Superstar Pride-PAINTING PICTURES,34,,32,,"2,258,262","51,350,538"
Travis Scott-Watch,49,,11,,"3,118,159","51,233,857"
IVE-ELEVEN,57,,88,,"1,081,977","51,231,326"
Justin Bieber-No Pressure,87,,21,,"1,332,615","51,230,800"
Matuê-Quer Voar,56,,71,,"1,241,073","50,984,557"
Big Sean-Wolves,56,,75,,"1,207,404","50,954,446"
Olivia Rodrigo-the grudge,26,,13,,"4,411,485","50,923,309"
"Bizarrap-L-Gante: Bzrp Music Sessions, Vol.38",62,,101,,"981,678","50,920,088"
Drake-Free Smoke,45,3,3,(x1),"4,051,017","50,796,011"
BLACKPINK-Typa Girl,34,1,8,,"4,356,002","50,776,679"
Kanye West-Jail,20,3,2,(x2),"9,328,254","50,762,019"
Ella Mai-Boo'd Up,61,,56,,"1,251,282","50,751,755"
Roddy Ricch-Late At Night,53,,57,,"1,571,687","50,750,729"
Nause-Dynamite,87,,69,,"725,851","50,717,372"
Becky G-Fulanito,56,,86,,"1,125,749","50,660,859"
Lorde-What Was That,26,1,5,,"4,229,328","50,642,143"
Rich Music LTD-Perreo en La Luna,64,,117,,"938,419","50,614,200"
Calvin Harris-Stay With Me,51,,50,,"1,618,404","50,599,212"
Lil Skies-Red Roses,81,,126,,"726,210","50,524,234"
Drake-Behind Barz - Bonus,60,,53,,"1,392,533","50,483,678"
Benson Boone-GHOST TOWN,49,,53,,"1,300,572","50,456,813"
sangiovanni-malibu,53,,68,,"1,315,177","50,456,274"
Luan Santana-DEJA VU,34,,29,,"2,051,749","50,455,468"
Future-PUFFIN ON ZOOTIEZ,46,,28,,"2,199,236","50,399,481"
The Weeknd-Try Me,31,5,3,(x1),"4,443,795","50,376,709"
Robin Schulz-Alane,66,,99,,"988,136","50,354,053"
Kendrick Lamar-PRIDE.,44,,14,,"3,215,159","50,235,038"
Taylor Swift-Gorgeous,52,1,7,,"3,030,858","50,121,608"
Playboi Carti-wokeuplikethis*,103,,133,,"572,525","50,060,447"
Chris Brown-Don't Check On Me,43,,30,,"2,070,341","49,981,364"
Deorro-Bailar,116,,90,,"555,318","49,954,733"
Dua Lipa-Fever,54,,49,,"1,832,874","49,927,665"
Bad Bunny-PA' ROMPERLA,50,,11,,"2,953,078","49,861,469"
Eminem-Greatest,35,5,4,,"3,906,513","49,810,538"
PinkPantheress-Pain,54,,126,,"1,344,190","49,801,138"
OneRepublic-Start Again,51,,39,,"1,595,354","49,770,674"
Sebastian Yatra-Dos Oruguitas,53,,90,,"1,067,160","49,754,678"
Ed Sheeran-Hearts Don't Break Around Here,47,,19,,"2,738,256","49,746,858"
Wiz Khalifa-Hopeless Romantic,75,,73,,"1,067,996","49,697,697"
Tori Kelly-Hollow,149,,80,,"433,981","49,646,117"
4batz-act ii: date @ 8,38,,121,,"1,537,886","49,633,797"
G-Eazy-Still Be Friends,65,,102,,"1,098,166","49,620,535"
Childish Gambino-Summertime Magic,35,,15,,"3,077,971","49,613,076"
ZAAC-Desce Pro Play (PA PA PA),64,,95,,"1,046,135","49,502,776"
Gustavo Moura & Rafael-Digitando,31,,45,,"2,234,194","49,494,374"
Diego & Victor Hugo-Facas - Ao Vivo,54,,71,,"1,226,269","49,474,900"
Felix Jaehn-Bonfire,100,,72,,"656,028","49,452,093"
Logic-Keanu Reeves,48,,37,,"1,708,178","49,403,965"
Anuel AA-Antes,51,,51,,"1,503,426","49,381,114"
Fergie-L.A.LOVE (la la),152,,44,,"501,529","49,332,738"
Taylor Swift-The Archer,40,1,9,,"2,929,533","49,284,497"
Burl Ives-Rudolph The Red-Nosed Reindeer,28,,57,,"3,901,762","49,268,217"
The Weeknd-Rockin’,55,,12,,"2,333,649","49,246,831"
Billie Eilish-ilomilo,47,,17,,"2,745,611","49,239,706"
Jung Kook-Stay Alive (Prod. SUGA of BTS),34,3,3,(x1),"4,273,772","49,223,500"
Andmesh-Anugerah Terindah,36,,87,,"1,657,372","49,222,970"
Miley Cyrus-Party In The U.S.A.,42,,37,,"2,353,901","49,212,808"
Nicky Jam-Live It Up - Official Song 2018 FIFA World Cup Russia,63,,71,,"1,017,460","49,148,371"
Mahmood-Brividi,28,6,5,,"3,586,498","49,130,179"
"Andy Grammer-Honey, I'm Good.",142,,52,,"572,135","49,128,242"
Vegedream-Ramenez la coupe à la maison,47,,56,,"1,384,348","49,077,467"
Bazzi-Beautiful,74,,101,,"844,448","49,071,049"
WizTheMc-Show Me Love,37,,96,,"1,601,856","49,064,972"
Taylor Swift-The Great War,28,,22,,"3,683,060","49,058,948"
Neton Vega-Mi Vida Mi Muerte,38,,129,,"1,680,983","49,008,375"
Post Malone-A Thousand Bad Times,37,,11,,"3,969,818","48,936,256"
Rihanna-American Oxygen,87,,17,,"1,126,449","48,907,085"
Fat Joe-All The Way Up,145,,111,,"478,064","48,811,402"
AP Dhillon-With You,32,,38,,"2,070,111","48,751,850"
Ariana Grande-Everyday,79,,82,,"839,748","48,748,546"
BTS-MIC Drop,63,,75,,"937,493","48,662,188"
Calibre 50-A La Antigüita,59,,71,,"1,131,542","48,649,617"
Tropkillaz-Bola Rebola,61,,43,,"1,638,534","48,576,007"
benny blanco-Roses,60,,89,,"965,167","48,522,068"
Drake-Hype,87,,38,,"1,219,298","48,495,893"
DJ Snake-SG,42,,24,,"2,326,750","48,468,070"
Cheat Codes-Only You,63,,74,,"985,766","48,436,355"
Seeb-Breathe,119,,86,,"527,018","48,379,563"
Troye Sivan-My My My!,51,,25,,"1,923,752","48,363,468"
Fuerza Regida-Igualito a Mi Apá,41,,111,,"1,388,224","48,351,711"
BLACKPINK-Bet You Wanna,31,1,4,,"4,712,901","48,329,554"
Anne-Marie-Our Song,58,,59,,"1,667,103","48,328,712"
Zedd-365,49,,39,,"1,835,240","48,293,521"
Ashley O-On A Roll,46,,41,,"1,646,722","48,239,884"
Mau y Ricky-La Boca - Remix,68,,125,,"840,159","48,225,816"
aespa-Armageddon,30,,55,,"2,075,434","48,186,343"
The Weeknd-Double Fantasy,22,2,8,,"4,168,459","48,176,498"
Bastille-Good Grief,121,,80,,"623,727","48,135,562"
Juice WRLD-Tell Me U Luv Me,43,,15,,"3,424,125","48,077,653"
Drake-Gently,22,,12,,"4,769,026","47,985,599"
Zé Neto & Cristiano-Oi Balde - Ao Vivo,40,,115,,"1,413,629","47,951,876"
Drake-Spin Bout U,24,1,8,,"6,721,807","47,938,859"
Playboi Carti-ALL RED,20,1,3,(x1),"7,679,383","47,925,653"
Taylor Swift-the last great american dynasty,30,5,4,,"5,961,910","47,916,279"
Saweetie-Tap In,58,,80,,"1,123,731","47,814,077"
LANY-Super Far,82,,111,,"677,882","47,730,124"
Eminem-Stan,59,,112,,"988,150","47,713,425"
Lil Uzi Vert-Sauce It Up,84,,53,,"1,314,093","47,678,436"
Capital Bra-110,47,,34,,"1,624,591","47,599,450"
Juice WRLD-Reminds Me Of You,43,,55,,"2,091,759","47,501,782"
J. Cole-a m a r i,28,2,1,(x1),"6,595,971","47,491,682"
Mahmood-Soldi,48,,34,,"1,676,481","47,475,769"
A Great Big World-Say Something,229,,77,,"290,322","47,432,368"
Tito Double P-5-7,37,,135,,"1,526,946","47,410,206"
Fireboy DML-Peru,53,,68,,"1,250,400","47,390,871"
Jimin-Closer Than This,29,,33,,"3,086,233","47,377,437"
Regard-You,56,,74,,"1,212,661","47,239,127"
Kungs-Never Going Home,60,,135,,"926,416","47,190,111"
The Kid LAROI-BABY I'M BACK,34,,108,,"1,545,558","47,185,219"
Doja Cat-Candy,55,,71,,"1,011,925","47,179,104"
j-hope-MORE,34,1,9,,"3,870,017","47,134,435"
Tom Walker-Leave a Light On,85,,159,,"624,447","47,107,345"
Paulo Pires-Ameaça,49,,28,,"1,578,835","47,098,538"
Justin Quiles-No Quiero Amarte,79,,144,,"699,613","47,092,427"
Jessie Murph-Blue Strips,37,,116,,"1,577,132","47,047,460"
Jack Harlow-Dua Lipa,35,,30,,"3,299,338","47,001,594"
KREAM-Taped up Heart,101,,99,,"561,472","46,993,437"
Bad Bunny-SEDA,24,1,7,,"7,307,577","46,965,805"
The Weeknd-Is There Someone Else?,31,3,9,,"4,085,441","46,926,262"
Katy Perry-Roar,230,,79,,"341,975","46,919,514"
French Montana-Writing on the Wall,45,,47,,"1,544,259","46,906,641"
Anuel AA-Mas Rica Que Ayer,31,,24,,"2,609,116","46,904,242"
6ix9ine-TROLLZ,41,,25,,"2,058,603","46,880,670"
Lil Baby-The Bigger Picture,47,,38,,"1,697,696","46,877,491"
FÄIS-Hey,119,,89,,"534,325","46,855,652"
Sam Smith-Money On My Mind,177,,40,,"438,160","46,817,829"
Lizzo-2 Be Loved (Am I Ready),48,,105,,"1,157,759","46,768,369"
MadeinTYO-Uber Everywhere,119,,96,,"482,874","46,760,590"
Mert Demir-Antidepresan,37,,81,,"1,735,373","46,703,971"
Travis Scott-THANK GOD,21,2,5,,"8,975,472","46,668,646"
Eurythmics-Sweet Dreams (Are Made of This) - Remastered,37,,85,,"1,926,025","46,651,342"
Drake-No Friends In The Industry,28,,12,,"6,934,847","46,587,392"
Taylor Swift-my tears ricochet,30,4,5,,"5,721,464","46,579,065"
Adele-Can I Get It,26,4,7,,"5,055,611","46,491,200"
Alvaro Diaz-GATITAS SANDUNGUERAS VOL.1,30,,65,,"2,036,049","46,479,516"
Feid-Si Te La Encuentras Por Ahí,42,,43,,"1,713,848","46,371,440"
Miley Cyrus-River,25,,11,,"3,669,597","46,263,294"
Drake-Get It Together,44,,11,,"3,191,421","46,263,189"
Kendrick Lamar-meet the grahams,18,,14,,"5,098,087","46,252,041"
Drake-With You,100,,46,,"1,062,108","46,242,200"
Lil Yachty-Oprah’s Bank Account (Lil Yachty & DaBaby feat. Drake),53,,50,,"1,735,029","46,216,228"
Sabrina Carpenter-Sharpest Tool,22,,15,,"4,098,000","46,203,727"
Jul-Bande organisée,52,,85,,"1,086,980","46,180,937"
Vince Guaraldi Trio-Christmas Time Is Here - Vocal - Album Version,23,,47,,"4,536,444","46,150,498"
Ed Sheeran-Remember The Name,36,1,10,,"3,539,420","46,081,673"
The Chainsmokers-Side Effects,59,,54,,"1,325,852","45,969,262"
Connie Francis-Pretty Little Baby,32,,67,,"1,699,154","45,796,230"
Sleepy Hallow-Die Young,47,,87,,"1,357,060","45,781,577"
Avicii-Hey Brother,146,1,10,,"3,832,301","45,750,083"
J. Cole-i n t e r l u d e,22,2,5,,"5,363,638","45,707,969"
LunchMoney Lewis-Bills,131,,52,,"566,541","45,707,416"
Lil Tecca-OWA OWA,30,,43,,"2,168,079","45,668,066"
YBN Nahmir-Bounce Out With That,69,,105,,"825,384","45,648,557"
ChocQuibTown-Pa Olvidarte,64,,122,,"864,513","45,632,927"
TOTO-Hold the Line,34,,97,,"1,641,357","45,621,642"
Marília Mendonça-Presepada,49,,57,,"1,325,256","45,613,219"
Chlöe-Have Mercy,49,,87,,"1,172,700","45,572,324"
A R I Z O N A-Oceans Away,78,,97,,"757,709","45,565,408"
Bruno Mars-Grenade,35,,135,,"1,543,282","45,561,806"
Vigiland-Shots & Squats,117,,39,,"698,112","45,548,699"
j-hope-Killin' It Girl,21,,11,,"2,980,974","45,532,401"
Beyoncé-II MOST WANTED,19,1,7,,"5,328,563","45,527,038"
Ice Spice-Princess Diana,34,,47,,"2,035,428","45,524,266"
Felipe Araújo-Atrasadinha - Ao Vivo,66,,79,,"962,347","45,508,562"
Bruno Mars-Skate,37,,31,,"2,294,783","45,497,071"
Møme-Aloha,124,,113,,"484,453","45,487,493"
Red Velvet-Psycho,49,,53,,"1,355,229","45,448,208"
LE SSERAFIM-UNFORGIVEN,32,,48,,"1,974,668","45,433,636"
Lady Gaga-Perfect Illusion,64,,24,,"1,936,318","45,429,021"
Cashmere Cat-Quit,63,,61,,"1,138,962","45,386,515"
Labrinth-All For Us,41,,31,,"1,618,429","45,378,752"
Billie Eilish-listen before i go,46,,21,,"2,588,747","45,354,784"
Ed Sheeran-Eraser,39,,11,,"3,325,023","45,315,505"
Katy Perry-Daisies,51,,39,,"1,722,552","45,260,624"
Kendrick Lamar-XXX. FEAT. U2.,42,,15,,"3,174,608","45,178,723"
Metro Boomin-Self Love (Spider-Man: Across the Spider-Verse) (Metro Boomin & Coi Leray),28,,51,,"1,920,760","45,171,622"
Taylor Swift-Bigger Than The Whole Sky,26,,23,,"3,643,214","45,142,540"
Rod Wave-Rags2Riches,44,,59,,"1,358,379","45,130,999"
Radiohead-Let Down,33,,93,,"1,500,929","44,923,024"
Nico & Vinz-That's How You Know,107,,53,,"571,363","44,910,394"
Sofía Reyes-R.I.P.,42,,28,,"1,866,494","44,900,506"
Nicki Minaj-Bed Of Lies,122,,30,,"613,591","44,848,086"
Justin Timberlake-Filthy,42,,13,,"2,273,329","44,843,890"
"Bizarrap-Duki: Bzrp Music Sessions, Vol. 50",22,3,3,(x1),"5,653,860","44,829,794"
Ariana Grande-MONOPOLY,32,,14,,"2,780,604","44,810,524"
Kendrick Lamar-reincarnated,16,1,10,,"6,030,095","44,799,877"
"Jasleen Royal-Ranjha (From ""Shershaah"")",49,,77,,"1,137,224","44,794,051"
Diplo-Lonely,49,,72,,"1,126,174","44,787,533"
Juice WRLD-Legends,48,,20,,"2,404,780","44,670,012"
Drake-Teenage Fever,47,,20,,"2,808,844","44,637,641"
Jonas Esticado-Investe Em Mim,57,,82,,"1,072,347","44,624,841"
"Mc Pedrinho-Gol Bolinha, Gol Quadrado 2",36,,96,,"1,549,591","44,602,787"
Kelly Clarkson-Heartbeat Song,115,,18,,"848,196","44,597,660"
KAROL G-Ahora Me Llama,84,,130,,"615,422","44,575,787"
Lorde-Ribs,35,,136,,"1,438,512","44,538,850"
Eminem-Tobey,23,,26,,"3,394,091","44,530,634"
Drake-Can’t Take A Joke,32,,11,,"5,649,821","44,530,566"
"$uicideboy$-...And to Those I Love, Thanks for Sticking Around",50,,82,,"1,056,231","44,508,841"
Nelly Furtado-Promiscuous,50,,143,,"1,406,195","44,481,934"
Jeremih-Planes,157,,86,,"373,362","44,479,760"
Taylor Swift-Back To December (Taylor's Version),21,3,2,(x1),"8,118,761","44,454,592"
Britney Spears-Make Me...,73,,51,,"976,405","44,448,513"
Taylor Swift-Mr. Perfectly Fine (Taylor’s Version) (From The Vault),33,1,6,,"3,704,570","44,432,222"
Ariana Grande-34+35 Remix,39,1,5,,"3,488,986","44,427,397"
Jawsh 685-Savage Love (Laxed – Siren Beat) [BTS Remix],44,,37,,"2,182,216","44,410,624"
Ariana Grande-motive,30,1,4,,"4,821,156","44,405,486"
MØ-Nights With You,73,,102,,"782,062","44,380,994"
ROSALÍA-LLYLM,27,,26,,"2,571,876","44,322,357"
Ava Max-Christmas Without You,25,,46,,"3,494,656","44,311,304"
J. Cole-Wet Dreamz,213,,72,,"373,383","44,292,713"
Sachin-Jigar-Apna Bana Le,33,,74,,"1,560,811","44,274,318"
Luis Fonsi-Calypso,58,,89,,"910,448","44,266,547"
Shakin' Stevens-Merry Christmas Everyone - Remastered,43,,21,,"3,691,375","44,251,851"
Mora-TUS LÁGRIMAS,45,,88,,"1,182,243","44,248,200"
Juice WRLD-Empty Out Your Pockets,25,,39,,"2,654,401","44,205,862"
Henrique & Juliano-Liberdade Provisória,49,,68,,"1,151,246","44,196,020"
OneRepublic-Connection,61,,78,,"968,646","44,110,827"
Rihanna-Umbrella,32,,15,,"3,020,702","44,092,966"
Daddy Yankee-Gasolina,37,,139,,"1,326,624","44,090,468"
Guaynaa-Rebota - Remix,57,,92,,"986,476","43,993,291"
6ix9ine-TATI,61,,50,,"1,409,226","43,977,372"
MYA-2:50 Remix,47,,76,,"1,191,334","43,962,671"
Michael Jackson-Thriller,38,,13,,"4,369,652","43,956,472"
Kendrick Lamar-King Kunta,137,,12,,"1,041,601","43,954,379"
Christian Nodal-La Intención,31,,75,,"1,798,089","43,888,552"
Addison Rae-Fame is a Gun,30,,31,,"2,334,106","43,878,435"
Nicki Minaj-Truffle Butter,144,,58,,"443,988","43,788,176"
Lizzo-Juice,65,,139,,"787,621","43,782,494"
BTS-Film out,40,,19,,"2,614,128","43,782,213"
Michael Bublé-I'll Be Home for Christmas,36,,58,,"2,645,802","43,755,904"
SAIKO-POLARIS - Remix,32,,24,,"2,761,243","43,750,327"
Major Lazer-Sua cara,75,,88,,"775,041","43,727,766"
Drake-Grammys,76,,43,,"1,111,128","43,699,124"
J Balvin-6 AM,237,,122,,"238,004","43,606,980"
Trippie Redd-Taking A Walk,52,,28,,"1,822,722","43,574,991"
Billie Eilish-come out and play,37,,19,,"1,937,366","43,563,093"
AC/DC-Thunderstruck,37,,137,,"1,420,263","43,550,641"
Kygo-What's Love Got to Do with It,55,,47,,"1,597,069","43,536,228"
Leon Thomas-MUTT,34,,106,,"1,486,417","43,525,480"
Ariana Grande-ghostin,28,1,9,,"4,531,561","43,513,294"
Harry Styles-Boyfriends,25,,13,,"5,556,969","43,461,184"
Rauw Alejandro-De Cora <3,55,,106,,"1,066,820","43,384,059"
6ix9ine-MAMA,40,2,4,,"3,323,933","43,366,800"
Gusttavo Lima-Canudinho - Ao Vivo,34,,76,,"1,628,457","43,340,662"
Mc Anjim-Bala Love,50,,83,,"1,174,785","43,334,917"
Travis Scott-TOPIA TWINS,21,,13,,"6,718,365","43,274,587"
Sam Smith-Latch - Acoustic,200,,81,,"308,460","43,219,151"
Young Thug-Relationship,83,,137,,"622,015","43,194,742"
Rae Sremmurd-This Could Be Us,120,,56,,"528,688","43,101,409"
Naughty Boy-Runnin' (Lose It All),132,,65,,"476,552","43,069,887"
Money Man-24,57,,125,,"878,328","43,037,603"
DaBaby-FIND MY WAY,36,,22,,"2,300,151","43,011,611"
Arcángel-Infeliz,55,,123,,"897,903","43,010,479"
Drake-Right Hand,142,,68,,"455,217","42,990,158"
Future-Used to This,95,,70,,"690,589","42,949,930"
Marshmello-OK Not To Be OK,49,,32,,"1,836,559","42,936,826"
Danny Ocean-Swing,66,,146,,"721,674","42,927,283"
Dionela-Marilag,33,,134,,"1,411,708","42,883,905"
Chino Pacas-Dijeron Que No La Iba Lograr,32,,75,,"1,735,548","42,878,041"
BTS-Make It Right,40,,38,,"1,505,340","42,873,724"
Ski Mask The Slump God-Nuketown,58,,56,,"1,412,645","42,824,844"
G Herbo-PTSD,60,,107,,"888,542","42,810,072"
Dua Lipa-Hotter Than Hell,101,,83,,"582,995","42,802,816"
Juice WRLD-Fast,31,,19,,"2,478,163","42,718,445"
Taylor Swift-Suburban Legends (Taylor's Version) (From The Vault),16,1,9,,"8,457,225","42,670,154"
Khalid-Right Back,55,,92,,"906,365","42,641,630"
J Balvin-Ay Vamos,181,,101,,"300,161","42,622,320"
Labrinth-I'm Tired,33,,13,,"2,236,126","42,620,406"
Ana Castela-Pipoco,44,,68,,"1,333,639","42,616,662"
Mau y Ricky-La Boca,55,,110,,"936,274","42,578,129"
Offset-Red Room,46,,51,,"1,526,972","42,568,480"
Tay-K-The Race,72,,111,,"720,230","42,555,322"
21 Savage-n.h.i.e.,23,,11,,"3,807,637","42,555,239"
Bausa-Was du Liebe nennst,65,,87,,"812,213","42,537,253"
Grupo Marca Registrada-Di Que Si,36,,103,,"1,390,078","42,533,124"
Queen-Killer Queen - Remastered 2011,53,,80,,"1,021,773","42,483,424"
Ellie Goulding-Something In The Way You Move,115,,64,,"518,173","42,477,187"
Juice WRLD-Wandered To LA,31,,15,,"3,021,103","42,436,703"
Kid Ink-Promise,130,,110,,"417,877","42,434,638"
Kanye West-Waves,89,,47,,"923,760","42,433,170"
G-Eazy-Some Kind Of Drug,68,,82,,"715,819","42,417,948"
Rauw Alejandro-El Efecto - Remix,64,,139,,"739,275","42,387,027"
blackbear-me & ur ghost,49,,93,,"1,258,955","42,357,165"
Residente-Bellacoso,51,,74,,"1,068,435","42,312,635"
Ofenbach-Be Mine,86,,129,,"600,605","42,302,460"
Conan Gray-The Cut That Always Bleeds,35,,154,,"1,331,216","42,248,763"
Travis Scott-HYAENA,16,2,1,(x1),"10,057,494","42,180,770"
mgk-I Think I'm OKAY,50,,73,,"1,201,377","42,177,705"
Alok-Liberdade (Quando o Grave Bate Forte),48,,70,,"1,194,836","42,157,336"
Sam Smith-Fire On Fire,49,,54,,"1,333,897","42,144,197"
Bad Bunny-LO QUE LE PASÓ A HAWAii,22,,45,,"2,479,133","42,115,038"
Demi Lovato-Met Him Last Night,34,,24,,"2,145,460","42,090,102"
TOKYO’S REVENGE-GOODMORNINGTOKYO!,54,,122,,"887,965","42,045,124"
Lorde-Solar Power,33,1,8,,"4,250,085","42,041,781"
The Weeknd-Dark Times,117,,41,,"740,178","42,033,414"
Taylor Swift-Out Of The Woods (Taylor's Version),17,1,8,,"9,518,887","41,983,311"
J. Cole-ATM,30,1,6,,"4,619,552","41,872,028"
The Script-The Man Who Can't Be Moved,34,,113,,"1,432,307","41,859,458"
Cashmere Cat-Miss You,58,,100,,"838,991","41,846,156"
j-hope-on the street,22,,16,,"3,294,403","41,816,286"
"Dua Lipa-Swan Song (From the Motion Picture ""Alita: Battle Angel"")",36,,22,,"2,087,501","41,805,799"
Sal Priadi-Gala bunga matahari,31,,93,,"1,545,214","41,755,513"
Malcolm Todd-Chest Pain (I Love),29,,53,,"1,855,382","41,714,629"
Dermot Kennedy-Outnumbered,51,,87,,"980,690","41,709,366"
Frans-If I Were Sorry,95,,49,,"755,723","41,690,322"
Michael Bublé-All I Want for Christmas Is You,75,,30,,"2,069,280","41,683,297"
Kendrick Lamar-dodger blue,17,,13,,"5,135,587","41,660,991"
Taylor Swift-Lover (Remix),38,,18,,"2,053,909","41,659,534"
ILOVEMAKONNEN-Tuesday,147,,46,,"451,375","41,562,688"
Myke Towers-Girl,49,,93,,"1,020,126","41,516,506"
The Kid LAROI-GIRLS,28,,67,,"1,866,618","41,515,070"
Ryan Gosling-I’m Just Ken (From Barbie The Album),26,,51,,"1,946,100","41,499,995"
Calvin Harris-Over Now,35,,11,,"3,245,686","41,493,192"
Coldplay-Higher Power,38,,26,,"2,297,851","41,484,719"
MiC LOWRY-Oh Lord,88,,95,,"591,121","41,431,918"
Jonas Brothers-Cool,48,,46,,"1,706,680","41,392,958"
Farruko-Chillax,104,,146,,"521,889","41,306,087"
Adele-I Drink Wine,24,1,8,,"4,807,113","41,251,293"
Frank Sinatra-Mistletoe And Holly - Remastered 1999,28,,52,,"2,811,651","41,236,877"
João Gomes-Aquelas Coisas,47,,73,,"1,195,687","41,233,364"
Rels B-Un Desperdicio,27,,70,,"2,121,538","41,230,729"
La Adictiva-JGL,46,,127,,"1,017,641","41,217,022"
Junior H-PIÉNSALO,30,,113,,"1,559,680","41,162,070"
Cali Y El Dandee-Lumbra,89,,164,,"520,781","41,151,345"
Kendrick Lamar-YAH.,36,1,7,,"3,752,178","41,131,015"
A$AP Rocky-I Smoked Away My Brain (I'm God x Demons Mashup),32,,148,,"1,456,072","41,127,823"
Major Lazer-Trigger,41,,39,,"1,842,489","41,068,193"
Gavin James-Nervous (The Ooh Song) - Mark McCabe Remix,100,,110,,"487,336","41,013,424"
SZA-The Weekend - Funk Wav Remix,71,,147,,"657,538","40,919,065"
Morgan Wallen-I Got Better,30,,43,,"2,235,972","40,898,409"
The Kid LAROI-Not Sober,35,,27,,"2,322,778","40,838,080"
David Guetta-Bad,87,,19,,"649,666","40,816,278"
Ana Castela-Solteiro Forçado - Boiadeira Internacional,33,,78,,"1,613,229","40,722,358"
Yo Gotti-Down In the DM,120,,79,,"494,263","40,676,176"
Imagine Dragons-I Bet My Life,159,,56,,"424,753","40,674,501"
SZA-Power is Power,35,,24,,"1,984,418","40,586,718"
Eminem-Kamikaze,29,,13,,"3,113,169","40,580,907"
Bad Bunny-BYE ME FUI,40,1,10,,"3,009,829","40,544,424"
A$AP Rocky-Everyday,131,,40,,"777,875","40,535,748"
Daddy Yankee-RUMBATÓN,42,,35,,"1,717,048","40,511,971"
J. Cole-Kevin’s Heart,30,1,9,,"4,240,074","40,483,874"
Ariana Grande-don't wanna break up again,18,,13,,"4,745,697","40,479,041"
Rauw Alejandro-Sexo Virtual,52,,139,,"923,293","40,476,925"
Bad Bunny-BABY NUEVA,19,,11,,"6,685,697","40,452,427"
"Tyler, The Creator-WUSYANAME",28,,13,,"3,876,167","40,440,978"
Drake-Survival,22,3,2,(x1),"8,611,591","40,425,128"
DJ LG PROD-Mtg Quero Te Encontrar,29,,107,,"1,652,857","40,402,560"
Hugh Jackman-The Other Side,60,,98,,"830,016","40,375,361"
Drake-TSU,20,2,9,,"8,070,577","40,355,682"
Anitta-Medicina,61,,61,,"1,215,546","40,347,301"
NF-Time,48,,72,,"1,067,479","40,292,256"
Chris Brown-Undecided,46,,71,,"1,107,150","40,291,681"
Cheat Codes-Feels Great,62,,93,,"784,005","40,283,823"
Leah Kate-10 Things I Hate About You,44,,98,,"1,102,348","40,270,033"
Cosculluela-Te Busco,146,,124,,"344,091","40,262,199"
Fifth Harmony-Sledgehammer,133,,50,,"509,721","40,250,194"
Ed Sheeran-Visiting Hours,34,,19,,"2,738,029","40,152,426"
Peso Pluma-TOMMY & PAMELA,31,,137,,"1,428,614","40,152,300"
iZaak-BBY BOO - REMIX,30,,144,,"1,495,523","40,145,577"
Dominic Fike-misses,30,,120,,"1,511,010","40,141,829"
¥$-FUK SUMN,24,,19,,"2,976,767","40,125,535"
Era Istrefi-Bonbon,103,,91,,"489,656","40,117,376"
Taylor Swift-Paris,24,,27,,"3,416,679","40,110,468"
Steve Aoki-Waste It On Me,43,,30,,"1,872,584","40,098,847"
Jack Harlow-Way Out,45,,80,,"1,658,011","40,041,024"
Måns Zelmerlöw-Heroes,97,,25,,"863,727","40,026,042"
Marília Mendonça-Todo Mundo Menos Você,41,,68,,"1,282,211","40,023,075"
Drake-Pop Style,31,,23,,"1,684,279","39,917,462"
Aaron Carter-Sooner Or Later,65,,89,,"741,580","39,909,007"
MC LUUKY-Malvadinho,27,,100,,"1,856,776","39,897,113"
HUNTR/X-Golden,12,8,3,(x4),"4,657,020","39,895,709"
Hozier-Someone New,148,,67,,"434,274","39,858,535"
Bad Bunny-Bichiyal,34,,22,,"2,842,792","39,834,543"
Jidenna-Classic Man,114,,57,,"508,126","39,766,464"
Rihanna-Kiss It Better,118,,94,,"445,622","39,765,788"
Sam Smith-Lay Me Down,111,,42,,"659,037","39,722,953"
Stanaj-Romantic - NOTD Remix,65,,83,,"795,289","39,695,134"
Vigiland-UFO,145,,60,,"434,382","39,670,007"
ENHYPEN-Bite Me,29,,35,,"2,192,058","39,631,860"
Käärijä-Cha Cha Cha,19,2,7,,"3,819,748","39,620,251"
Drake-8 Out Of 10,22,3,6,,"7,089,070","39,565,074"
Khalid-The Ways,37,,28,,"1,907,247","39,563,906"
Tarcísio do Acordeon-Rolê,43,,64,,"1,330,996","39,562,703"
Maluma-Cuatro Babys,95,,140,,"494,136","39,560,623"
Ellie Goulding-Burn,190,,86,,"311,107","39,525,246"
Armin van Buuren-Blah Blah Blah,57,,104,,"893,190","39,483,663"
Tiago PZK-Piel,29,,115,,"1,604,278","39,398,563"
Travis Scott-ESCAPE PLAN,24,2,4,,"4,803,848","39,394,335"
Mumford & Sons-Believe,108,,30,,"854,787","39,379,726"
Elvis Presley-Here Comes Santa Claus (Right Down Santa Claus Lane),21,,54,,"3,449,686","39,282,910"
Jung Kook-Yes or No,25,,18,,"3,310,212","39,248,518"
Kanye West-Stronger,118,,142,,"444,238","39,228,776"
Justin Bieber-No Sense,78,,25,,"1,215,518","39,222,863"
Coldplay-Orphans,41,,33,,"2,004,358","39,212,847"
"24kGoldn-Mood (Remix) feat. Justin Bieber, J Balvin & iann dior",37,,32,,"1,830,715","39,126,980"
YUNGBLUD-11 Minutes,42,,54,,"1,548,396","39,115,293"
AlunaGeorge-You Know You Like It - DJ Snake Remix,44,,22,,"1,045,743","39,100,396"
Ed Sheeran-Bibia Be Ye Ye,37,,26,,"2,312,751","39,043,070"
5 Seconds of Summer-Amnesia,123,,33,,"538,945","39,023,580"
Ed Sheeran-Best Part of Me,33,,16,,"2,718,970","38,989,311"
Riar Saab-Obsessed,28,,67,,"1,795,299","38,989,143"
The Strumbellas-Spirits,112,,121,,"408,009","38,987,769"
Rae Sremmurd-Perplexing Pegasus,65,,83,,"769,018","38,965,085"
Bakar-Hell N Back,29,,138,,"1,510,581","38,853,463"
Post Malone-Otherside,30,,19,,"3,450,532","38,843,826"
BTS-Butter,33,1,9,,"3,796,033","38,827,030"
Lil Wayne-Don't Cry,27,4,2,(x1),"5,518,452","38,819,005"
Gusttavo Lima-A Gente Fez Amor - Ao Vivo,55,,119,,"834,925","38,813,381"
Sam Smith-I'm Not Here To Make Friends,27,,56,,"2,011,754","38,785,803"
Black Eyed Peas-I Gotta Feeling,32,,33,,"2,315,717","38,776,715"
Luciano-Beautiful Girl,34,,47,,"1,643,226","38,761,300"
NewJeans-How Sweet,26,,75,,"1,830,418","38,676,994"
Khalid-Eleven,32,,46,,"1,680,315","38,647,408"
Diego & Victor Hugo-Tubarões - Ao Vivo,31,,116,,"1,473,914","38,646,166"
Central Cee-GBP,22,,35,,"2,663,069","38,580,613"
One Direction-Infinity,79,1,9,,"1,523,931","38,572,001"
Liam Payne-Bedroom Floor,49,,55,,"1,249,337","38,545,115"
Drake-Papi’s Home,17,2,5,,"10,029,292","38,434,606"
Olivia Rodrigo-lacy,20,1,8,,"4,810,371","38,402,764"
Ariana Grande-Last Christmas,30,,83,,"2,875,690","38,329,804"
The Weeknd-False Alarm,65,,30,,"1,368,900","38,322,580"
Vicetone-Astronomia,51,,99,,"872,673","38,316,051"
Kygo-Nothing Left,109,,55,,"516,812","38,313,767"
Drake-Lemon Pepper Freestyle,28,2,4,,"4,903,375","38,249,274"
Anitta-Paradinha,73,,106,,"784,993","38,224,548"
Florida Georgia Line-H.O.L.Y.,115,,107,,"409,541","38,161,876"
Walker Hayes-Fancy Like,50,,151,,"873,587","38,152,692"
Taylor Swift-How Did It End?,16,,29,,"5,768,821","38,099,803"
John Amplificado-Chega E Senta - Ao Vivo,38,,54,,"1,549,235","38,096,491"
Moon Taxi-Two High,67,,107,,"665,585","38,077,669"
Jimin-With you,27,2,5,,"3,105,562","38,063,238"
Lil Nas X-SUN GOES DOWN,33,,39,,"1,990,190","38,055,330"
Lil Yachty-Poland,24,,23,,"2,505,358","37,899,566"
O.T. Genasis-Cut It,111,,108,,"438,661","37,887,253"
Mahmood-TUTA GOLD,20,,27,,"2,573,468","37,865,777"
Milo j-M.A.I,30,,141,,"1,424,473","37,807,443"
Ella Fitzgerald-Sleigh Ride,21,,67,,"2,976,312","37,728,712"
Taylor Swift-This Love (Taylor’s Version),21,,22,,"5,933,667","37,654,955"
Kevin Gates-Really Really,99,,101,,"493,026","37,606,331"
"Taylor Swift-no body, no crime",25,1,5,,"5,143,103","37,537,993"
Manan Bhardwaj-Arjan Vailly,19,,35,,"2,501,317","37,532,766"
Kanye West-Ghost Town,22,5,4,,"3,939,337","37,526,386"
Matuê-Vampiro,40,,63,,"1,248,282","37,474,623"
Vulgo FK-Ballena,31,,128,,"1,362,278","37,446,166"
Taylor Swift-The Albatross,15,,26,,"6,152,594","37,410,293"
Demi Lovato-I Love Me,35,,38,,"2,421,255","37,388,880"
Selena Gomez-Feel Me,34,,32,,"2,218,490","37,380,701"
Apache 207-200 km/h,46,,62,,"1,247,666","37,380,673"
Wizzard-I Wish It Could Be Christmas Everyday,24,,60,,"2,841,718","37,353,607"
Marian Hill-Down,66,,102,,"707,092","37,350,883"
Mac Miller-Self Care,42,,18,,"2,221,811","37,345,380"
KATSEYE-Gabriela,14,1,10,,"3,219,902","37,341,173"
Future-Crushed Up,41,,43,,"1,636,425","37,304,888"
Kendrick Lamar-Rich Spirit,22,1,8,,"6,057,560","37,303,128"
Rauw Alejandro-Fantasias - Remix,54,,131,,"913,331","37,301,719"
Ella Fitzgerald-Frosty The Snowman,21,,70,,"3,102,985","37,268,253"
Taylor Swift-thanK you aIMee,14,,22,,"6,649,752","37,248,403"
mgk-At My Best,64,,112,,"696,924","37,242,816"
Ariana Grande-Popular,22,,62,,"2,199,890","37,224,137"
Grelo-Só Fé,22,,35,,"2,457,006","37,142,242"
Kendrick Lamar-FEEL.,35,,11,,"3,535,152","37,120,881"
Sabrina Carpenter-Skin,35,,33,,"1,857,698","37,080,517"
Tulus-Hati-Hati di Jalan,33,,37,,"1,529,117","37,071,993"
Kendrick Lamar-man at the garden,13,1,9,,"6,156,519","37,067,736"
Olivia Rodrigo-making the bed,18,1,10,,"4,793,961","37,000,149"
Zeynep Bastık-Lan,20,,21,,"2,639,983","36,952,223"
Tiësto-Secrets,114,,49,,"566,487","36,941,345"
Drake-Privileged Rappers,16,1,9,,"6,700,460","36,931,147"
Alan Walker-Diamond Heart,54,,113,,"807,303","36,894,557"
ENHYPEN-Polaroid Love,45,,128,,"881,805","36,883,659"
"Mari Fernandez-Não, Não Vou",41,,70,,"1,262,676","36,856,443"
BLACKPINK-DDU-DU DDU-DU - KR Ver.,54,,107,,"829,275","36,781,909"
Taylor Swift-mirrorball,25,1,8,,"5,028,753","36,755,342"
Luis R Conriquez-Bandida,25,,85,,"1,841,865","36,740,481"
Adele-My Little Love,20,1,5,,"5,353,196","36,728,105"
Juice WRLD-Hear Me Calling,38,,32,,"1,929,805","36,710,091"
Zé Neto & Cristiano-Ela e Ela,41,,88,,"1,143,314","36,659,098"
Joji-Sanctuary,39,,50,,"1,532,152","36,656,065"
Drake-0 To 100 / The Catch Up,150,,73,,"331,875","36,644,760"
Kendrick Lamar-United In Grief,17,2,2,(x1),"8,772,125","36,566,509"
NewJeans-Cool With You,23,,21,,"2,817,695","36,562,560"
J Hus-Who Told You,23,,14,,"3,222,734","36,553,026"
Drake-In The Bible,17,1,7,,"9,281,048","36,552,412"
Bing Crosby-Mele Kalikimaka (Merry Christmas),18,,38,,"5,421,051","36,535,554"
Black Eyed Peas-Don't You Worry,41,,146,,"1,020,577","36,532,795"
Kodak Black-Transportin',59,,107,,"773,000","36,524,128"
"Tyler, The Creator-Thought I Was Dead",16,,14,,"5,279,157","36,517,558"
Muni Long-Hrs and Hrs,42,,109,,"974,495","36,486,533"
Lil Wayne-Uproar,34,1,8,,"3,838,521","36,467,779"
Rae Sremmurd-Guatemala,56,,90,,"938,261","36,459,511"
Feid-Prohibidox,35,,83,,"1,368,730","36,395,048"
Jin-I’ll Be There,23,,59,,"2,029,415","36,389,350"
Jessi-ZOOM,38,,80,,"1,115,733","36,389,035"
Dua Lipa-Blow Your Mind (Mwah),91,,86,,"612,638","36,340,581"
The 1975-The Sound,98,,69,,"500,358","36,336,499"
Drake-10 Bands,126,,26,,"707,326","36,300,338"
Brenno & Matheus-Descer Pra BC,23,,18,,"2,391,035","36,284,544"
Tory Lanez-Freaky,54,,126,,"854,036","36,284,134"
A-Wall-Loverboy,45,,126,,"879,723","36,220,990"
Shawn Hook-Reminding Me,59,,98,,"725,759","36,190,825"
Felix Jaehn-Hot2Touch,71,,121,,"605,877","36,124,804"
Bo Burnham-Bezos I,40,,78,,"1,154,626","36,095,811"
Olivia Rodrigo-love is embarrassing,19,,16,,"4,198,695","36,093,811"
Lil Baby-Sum 2 Prove,40,,70,,"1,217,689","36,087,208"
L7NNON-Ai Preto,40,,96,,"1,135,585","36,051,900"
Lil Uzi Vert-Baby Pluto,23,2,6,,"4,691,613","36,035,717"
Drake-Love All,17,1,8,,"9,062,591","36,004,146"
Apache 207-Bläulich,39,,45,,"1,729,674","36,000,809"
Post Malone-Allergic,28,,13,,"3,929,702","35,996,204"
Gucci Mane-Both,73,,139,,"587,346","35,996,000"
The Chainsmokers-Everybody Hates Me,40,,51,,"1,260,277","35,994,777"
Red Hot Chili Peppers-Can't Stop,27,,107,,"1,596,446","35,909,431"
J. Cole-She Knows,45,,120,,"879,852","35,876,933"
Lauren Spencer Smith-Flowers,34,,52,,"1,310,146","35,873,776"
Kendrick Lamar-LUST.,36,,20,,"2,924,127","35,846,413"
Gaby Music-No Te Quieren Conmigo,28,,122,,"1,432,007","35,833,850"
Taylor Swift-I Forgot That You Existed,28,1,6,,"4,088,065","35,832,335"
Calle 24-Apaga El Cel,29,,137,,"1,373,486","35,810,118"
BTS-DNA,42,,41,,"1,547,287","35,791,884"
Ed Sheeran-The Joker And The Queen,27,1,9,,"3,209,051","35,739,243"
Lauana Prado-Me Leva Pra Casa / Escrito Nas Estrelas / Saudade - Ao Vivo,24,,27,,"2,163,540","35,721,573"
Post Malone-Goodbyes,51,,128,,"766,076","35,704,981"
Ed Sheeran-Save Myself,35,,31,,"2,118,789","35,699,518"
Taylor Swift-Mine (Taylor's Version),15,2,1,(x1),"8,540,792","35,674,804"
Henrique & Juliano-Liberdade Provisória - Ao Vivo,46,,80,,"1,094,251","35,673,381"
Banx & Ranx-Answerphone,52,,111,,"809,712","35,656,645"
"Tyler, The Creator-DOGTOOTH",24,,21,,"2,930,097","35,640,216"
Semicenk-Pişman Değilim,25,,71,,"1,690,771","35,598,074"
Niall Horan-No Judgement,45,,95,,"1,127,588","35,564,669"
Drake-Talk Up,21,2,9,,"6,192,523","35,516,339"
Kendrick Lamar-heart pt. 6,14,,14,,"5,053,742","35,508,350"
J. Cole-Motiv8,27,1,8,,"4,528,930","35,450,045"
Taylor Swift-Welcome To New York (Taylor's Version),13,1,6,,"9,842,979","35,419,787"
Playboi Carti-Shoota,47,,72,,"1,100,025","35,405,369"
Junior H-El Tsurito,27,,79,,"1,595,716","35,399,534"
Felipe Amorim-No Ouvidinho,39,,88,,"1,128,582","35,387,497"
Ed Sheeran-Take Me Back to London,36,,22,,"2,455,247","35,367,373"
Vundabar-Alien Blues,41,,109,,"956,148","35,339,054"
Linkin Park-One Step Closer,28,,46,,"1,602,099","35,289,336"
Slade-Merry Xmas Everybody,23,,67,,"2,717,483","35,267,986"
WhoHeem-Lets Link,42,,94,,"971,958","35,254,900"
Marc Anthony-Está Rico,55,,141,,"717,533","35,179,866"
TREASURE-DARARI,39,,97,,"1,017,358","35,101,227"
J. Cole-Neighbors,48,,15,,"2,182,547","35,084,522"
Paulo Londra-Nena Maldicion,60,,160,,"665,295","35,051,940"
Tyla-Jump,26,,138,,"1,512,392","35,039,744"
Jess Glynne-All I Am,52,,106,,"849,837","35,038,395"
Yandel-Encantadora,118,,136,,"356,037","35,021,923"
Tory Lanez-Say It,110,,89,,"403,329","34,995,625"
The Chainsmokers-Break Up Every Night,54,,33,,"1,768,348","34,969,358"
Avicii-Levels,31,1,5,,"4,413,377","34,955,160"
Shawn Mendes-Youth,22,,17,,"2,557,760","34,923,455"
Juice WRLD-Bad Boy,29,,20,,"2,421,604","34,922,445"
Martin Garrix-No Sleep,42,,72,,"1,289,456","34,889,291"
Ariana Grande-in my head,23,,14,,"3,963,509","34,883,858"
Taylor Swift-invisible string,25,,14,,"4,243,086","34,880,011"
Olivia Rodrigo-ballad of a homeschooled girl,17,1,9,,"4,807,659","34,792,385"
San Holo-Light,65,,104,,"655,504","34,762,329"
Drake-BackOutsideBoyz,15,1,7,,"6,735,247","34,741,802"
Billie Eilish-8,34,,20,,"2,600,712","34,732,688"
Travis Scott-WAKE UP,33,,11,,"3,779,134","34,722,274"
Tate McRae-2 hands,20,,26,,"2,951,180","34,712,973"
Shawn Mendes-Nervous,31,,16,,"2,393,059","34,614,355"
Post Malone-Blame It On Me,28,,22,,"3,211,913","34,613,261"
Taylor Swift-seven,23,1,10,,"4,751,526","34,588,703"
Michael Bublé-Have Yourself a Merry Little Christmas,56,,27,,"2,431,203","34,580,178"
TWICE-Alcohol-Free,37,,65,,"1,502,822","34,576,607"
Calvin Harris-Heatstroke,48,,54,,"1,306,027","34,532,252"
StaySolidRocky-Party Girl (Remix),16,5,9,,"2,973,908","34,527,815"
Drake-Pain 1993,21,2,4,,"5,247,387","34,514,033"
Natanael Cano-Giza,27,,156,,"1,396,659","34,498,338"
Zé Felipe-Revoada No Colchão,37,,72,,"1,182,337","34,482,563"
Bad Bunny-YO VISTO ASÍ,21,1,7,,"4,861,856","34,477,505"
Taylor Swift-All Too Well (Taylor's Version),20,1,7,,"4,374,870","34,394,891"
Shakira-El Jefe,21,,29,,"2,429,874","34,390,194"
Tate McRae-I know love,20,,34,,"2,843,170","34,371,492"
Disclosure-Magnets,98,,51,,"646,106","34,366,591"
Twenty One Pilots-Shy Away,35,,37,,"1,980,918","34,322,123"
Bhavi-BESAME,21,,79,,"2,039,610","34,313,088"
Noriel-Cuerpo en Venta,52,,166,,"741,505","34,309,965"
Drake-KMT,34,,17,,"2,926,128","34,248,462"
Natanael Cano-Ya Te Olvide,25,,110,,"1,585,447","34,240,123"
Joyner Lucas-Isis,35,,46,,"1,627,345","34,204,460"
Justin Bieber-What Do You Mean? - Acoustic,77,,34,,"896,576","34,138,216"
Taylor Swift-High Infidelity,21,,30,,"3,166,791","34,130,307"
Matheus & Kauan-Ao Vivo E A Cores,57,,130,,"707,310","34,061,676"
Backstreet Boys-I Want It That Way,26,,130,,"1,612,996","34,058,265"
Olly-Balorda nostalgia,18,,24,,"3,076,527","34,056,395"
Linkin Park-Heavy,50,,19,,"2,315,952","34,031,840"
N.E.R.D-Lemon - Drake Remix,34,,56,,"1,245,898","34,010,410"
Drake-Diplomatic Immunity,30,2,8,,"2,558,352","34,004,106"
Felipe Amorim-Toca o Trompete,27,,81,,"1,602,078","33,943,866"
Juice WRLD-Blood On My Jeans,28,,13,,"3,864,102","33,915,674"
6ix9ine-GUMMO,61,,106,,"877,213","33,908,441"
i-dle-Nxde,31,,104,,"1,209,433","33,850,709"
Kehlani-Gangsta,68,,69,,"713,707","33,820,801"
Travis Scott-CAROUSEL,28,2,4,,"5,086,449","33,770,565"
Tarcísio do Acordeon-Meia Noite (Você tem meu Whatsapp),41,,77,,"1,159,170","33,739,506"
State of Sound-Wake Up Where You Are,71,,98,,"543,433","33,731,201"
Justin Bieber-Honest,26,,25,,"2,295,852","33,723,081"
Juice WRLD-Cigarettes,27,,17,,"2,435,883","33,718,134"
Ariana Grande-Be Alright,86,,66,,"617,992","33,638,315"
Mark Ambor-Run Rudolph Run - Spotify Singles Holiday,15,,32,,"5,675,403","33,626,407"
Kiiara-Whippin,50,,88,,"873,976","33,609,562"
Harry Styles-Sweet Creature,45,,38,,"1,634,696","33,579,255"
Taylor Swift-I Hate It Here,14,,31,,"5,387,443","33,553,632"
DVBBS-Not Going Home,59,,91,,"678,346","33,530,831"
Ed Sheeran-The A Team,167,,71,,"712,002","33,523,768"
Drake-Madiba Riddim,30,,13,,"2,956,040","33,510,659"
Paulo Londra-Chica Paranormal,57,,148,,"654,514","33,396,693"
Sexyy Red-Fat Juicy & Wet,19,,32,,"2,325,423","33,388,389"
Drake-No Long Talk,28,2,6,,"3,585,727","33,338,278"
Sam Smith-Writing's On The Wall,88,,44,,"775,961","33,337,078"
Dj LK da Escócia-Tubarão Te Amo,29,,65,,"1,417,826","33,327,406"
Dimitri Vegas & Like Mike-Complicated,63,,113,,"673,060","33,308,622"
MXZI-MONTAGEM TOMADA - Slowed,27,,147,,"1,395,073","33,297,714"
Vice-Obsession,58,,110,,"704,656","33,284,978"
Olivia Rodrigo-logical,16,,12,,"4,607,837","33,270,310"
Taylor Swift-Red (Taylor's Version),19,1,4,,"4,967,646","33,256,736"
Saja Boys-Your Idol,11,5,7,,"3,849,667","33,256,390"
"Sachin-Jigar-Aaj Ki Raat (From ""Stree 2"")",25,,97,,"1,504,264","33,252,881"
VÉRITÉ-Somebody Else,77,,95,,"532,903","33,244,882"
Eminem-The Monster,164,,84,,"296,848","33,170,789"
Fall Out Boy-Uma Thurman,152,,55,,"438,461","33,167,847"
Kanye West-I Wonder,29,,151,,"1,209,030","33,158,994"
Natanael Cano-O Me Voy O Te Vas,27,,115,,"1,458,040","33,063,183"
Yeat-If We Being Rëal,23,,101,,"1,630,468","32,994,783"
Tito Double P-CHAMPAGNE,22,,44,,"2,090,107","32,972,431"
Skylar Grey-Last One Standing,30,,39,,"1,819,482","32,952,762"
Lil Nas X-Panini - DaBaby Remix,42,,80,,"1,030,063","32,951,658"
Post Malone-Staring At The Sun,25,,16,,"3,381,981","32,947,429"
Matuê-Conexões de Máfia,22,,37,,"2,138,629","32,900,698"
DJ Matt D-Pandora,39,,88,,"1,106,402","32,885,202"
Armin van Buuren-Another You,93,,50,,"567,251","32,854,674"
Charli xcx-1999,41,,81,,"1,030,823","32,852,205"
Drake-Falling Back,15,2,3,(x1),"7,301,677","32,842,544"
MARINA-Bubblegum Bitch,43,,137,,"820,684","32,840,740"
Bad Bunny-NADIE SABE,13,1,2,(x1),"10,126,015","32,815,143"
Stray Kids-MANIAC,32,,25,,"1,944,907","32,792,497"
Justin Bieber-Children,68,,28,,"1,104,662","32,789,511"
Ariana Grande-What Is This Feeling?,21,,78,,"1,983,434","32,720,991"
Ariana Grande-true story,14,,16,,"4,439,312","32,695,435"
Bryce Vine-Drew Barrymore,46,,104,,"834,447","32,677,291"
Olly Alexander (Years & Years)-Shine,95,,65,,"458,278","32,675,880"
Bomba Estéreo-To My Love - Tainy Remix,54,,129,,"717,338","32,674,559"
JVKE-this is what falling in love feels like,41,,126,,"879,906","32,654,893"
Lil Tecca-Never Left,36,,53,,"1,488,997","32,591,051"
PinkPantheress-Boy's a liar,30,,98,,"1,379,525","32,567,767"
DaBaby-Ball If I Want To,41,,80,,"1,159,659","32,543,505"
Drake-Sacrifices,31,,16,,"2,933,486","32,531,982"
Megan Thee Stallion-HISS,16,,20,,"2,893,729","32,457,180"
Drake-Broke Boys,15,,12,,"5,490,840","32,428,198"
PNL-Au DD,29,,27,,"1,883,827","32,414,172"
Maren Morris-The Bones,42,,101,,"917,967","32,411,833"
NAV-Champion,51,,118,,"836,179","32,370,922"
Taylor Swift-Hits Different,16,1,8,,"4,815,388","32,337,740"
Ozuna-Me Dijeron,48,,90,,"846,514","32,337,263"
The Weeknd-Secrets,44,,25,,"1,606,439","32,293,259"
Kendrick Lamar-Father Time,15,1,5,,"6,917,607","32,291,717"
Daya-New,53,,111,,"695,125","32,271,596"
Daddy Yankee-Definitivamente,38,,104,,"1,033,818","32,221,641"
Lana Del Rey-Love,46,,40,,"1,492,874","32,172,207"
SEVENTEEN-Super,23,,52,,"1,905,819","32,108,958"
Halsey-Colors,93,,87,,"479,717","32,080,850"
Taylor Swift-gold rush,20,1,4,,"5,295,108","32,020,919"
Michael Bublé-Christmas (Baby Please Come Home),47,,47,,"2,298,936","32,000,875"
Camila Cabello-Easy,35,,49,,"1,450,418","31,990,248"
Taylor Swift-Chloe or Sam or Sophia or Marcus,13,,28,,"5,856,927","31,985,160"
Lana Del Rey-Lust for Life,46,,27,,"1,945,261","31,941,423"
Justin Bieber-Life Is Worth Living,67,,30,,"1,102,614","31,914,693"
Dalex-Bellaquita,46,,121,,"818,067","31,878,920"
Sleepy Hallow-Deep End Freestyle,35,,69,,"1,114,088","31,862,664"
Playboi Carti-CRUSH,12,2,2,(x1),"7,889,294","31,821,823"
Jess Glynne-Don't Be so Hard on Yourself,105,,85,,"383,482","31,818,166"
Juice WRLD-Girl Of My Dreams,24,,11,,"3,226,251","31,812,605"
Shawn Hook-Sound Of Your Heart,99,,109,,"383,112","31,806,253"
YALL-Hundred Miles,102,,115,,"378,318","31,797,588"
Billie Eilish-Lo Vas A Olvidar,22,1,4,,"3,445,664","31,789,737"
Eminem-Those Kinda Nights,23,,14,,"3,725,295","31,745,635"
Bad Bunny-Soliá,26,,23,,"2,820,916","31,741,497"
Florence + The Machine-Dog Days Are Over,25,,108,,"1,383,589","31,724,126"
Edison Lighthouse-Love Grows (Where My Rosemary Goes),36,,96,,"983,434","31,711,551"
Rusherking-Además de Mí - Remix,34,,63,,"1,234,777","31,696,289"
G-Eazy-1942,47,,93,,"923,541","31,694,576"
David Guetta-Would I Lie to You,78,,110,,"672,989","31,678,149"
Louis The Child-Better Not,50,,116,,"777,016","31,626,329"
Avicii-Tough Love,31,,17,,"2,297,425","31,621,810"
Morgan Wallen-7 Summers,36,,13,,"2,504,919","31,594,508"
Selena Gomez-Call Me When You Break Up,21,,28,,"3,093,596","31,589,147"
Tropa do Bruxo-Baile do Bruxo,24,,82,,"1,542,210","31,563,878"
Sabrina Carpenter-Slim Pickins,15,,24,,"3,636,478","31,529,572"
Tiago PZK-Nos Comemos,36,,128,,"1,084,956","31,528,369"
MC Kevin o Chris-Tipo Gin - Ao Vivo,35,,83,,"1,252,000","31,516,193"
Nicki Minaj-Familia,40,,95,,"1,090,517","31,494,465"
Luke Combs-Forever After All,28,,15,,"2,769,163","31,488,149"
benny blanco-I Found You,34,,55,,"1,310,342","31,422,742"
juan karlos-ERE,22,,58,,"1,779,919","31,389,153"
Bebe Rexha-Bad Bitch,54,,108,,"734,186","31,362,375"
Ivan Cornejo-Está Dañada,35,,83,,"1,120,047","31,351,438"
Zé Neto & Cristiano-Você Beberia Ou Não Beberia?,34,,81,,"1,259,839","31,305,982"
FIFTY FIFTY-Cupid - Twin Version,19,,27,,"2,741,617","31,302,177"
"Tyler, The Creator-NEW MAGIC WAND",35,,19,,"2,544,390","31,271,278"
Ariana Grande-make up,21,,15,,"3,948,984","31,253,242"
Bad Bunny-TELEFONO NUEVO,14,1,9,,"7,055,438","31,249,185"
Travis Scott-MODERN JAM,13,1,6,,"7,842,339","31,240,124"
Taylor Swift-this is me trying,21,,12,,"4,499,491","31,230,172"
The Weeknd-Hurt You,24,1,9,,"3,481,010","31,217,098"
George Ezra-Paradise,51,,137,,"739,945","31,166,401"
NAV-Turks,41,,58,,"1,277,334","31,140,972"
Post Malone-Sugar Wraith,28,,27,,"2,702,336","31,116,066"
The Weeknd-Often - Kygo Remix,118,,57,,"445,556","31,099,623"
Bebe Rexha-No Broken Hearts,70,,84,,"530,507","31,042,509"
Jung Kook-Still With You,21,,15,,"2,841,974","30,997,261"
Future-Young Metro,15,,12,,"4,585,765","30,980,941"
Cardi B-Drip,36,,29,,"1,696,560","30,963,281"
Jack Black-Peaches,21,,53,,"1,828,888","30,948,128"
Arcángel-Sigues Con El - Remix,45,,103,,"850,787","30,945,042"
Future-We Don't Trust You,14,1,7,,"5,268,916","30,922,095"
Bad Bunny-MR. OCTOBER,14,1,5,,"7,900,194","30,872,249"
Luciano-Bamba,26,,48,,"1,724,755","30,869,679"
Lil Yachty-One Night,81,,114,,"474,629","30,826,162"
Lady Gaga-Garden Of Eden,15,1,9,,"4,436,420","30,820,400"
Ariana Grande-dandelion,15,,17,,"3,428,621","30,780,546"
Zara Larsson-TG4M,57,,116,,"648,385","30,770,302"
Lauv-Enemies,44,,90,,"876,666","30,706,431"
The Weeknd-Gasoline,18,2,2,(x1),"4,885,888","30,704,933"
Anuel AA-Súbelo,36,,92,,"1,131,005","30,693,371"
Kanye West-Pt. 2,58,,36,,"1,118,173","30,671,290"
Henrique & Juliano-Última Saudade - Ao Vivo,22,,105,,"1,594,960","30,588,289"
6ix9ine-KEKE,48,,90,,"945,356","30,551,337"
Logic-Everybody,50,,63,,"1,136,878","30,540,399"
BoyWithUke-IDGAF,34,,58,,"1,202,503","30,503,365"
MAX-Lights Down Low,63,,155,,"539,289","30,496,406"
Drake-N 2 Deep,15,1,10,,"7,137,973","30,438,924"
Doja Cat-Attention,18,,13,,"2,869,178","30,425,154"
Daft Punk-Get Lucky,108,,64,,"1,871,712","30,320,217"
Taylor Swift-illicit affairs,21,,13,,"4,278,116","30,311,105"
Camila Cabello-Shameless,30,,47,,"1,737,441","30,269,527"
Lil Tjay-Run It Up,37,,68,,"1,262,459","30,266,135"
J. Cole-Immortal,35,1,10,,"2,560,489","30,202,141"
Migos-Notice Me,42,,54,,"1,491,083","30,193,632"
Paul McCartney-Wonderful Christmastime - Remastered 2011 / Edited Version,36,,16,,"2,524,822","30,189,185"
Taylor Swift-‘tis the damn season,18,1,6,,"5,080,811","30,159,089"
Why Don't We-8 Letters,43,,110,,"819,559","30,143,110"
DaBaby-Red Light Green Light,36,,109,,"1,090,473","30,130,300"
Kendrick Lamar-Silent Hill,17,,12,,"5,327,489","30,106,392"
Taylor Swift-New Romantics (Taylor's Version),13,,15,,"7,036,636","30,088,436"
Ariana Grande-sweetener,30,,16,,"2,624,137","30,058,194"
BTS-Blue & Grey,19,1,9,,"4,522,564","30,040,903"
Arizona Zervas-FML,34,,104,,"969,319","30,033,155"
Beyoncé-Drunk in Love,159,,95,,"292,603","30,029,871"
Boza-Ella - Remix,38,,160,,"872,735","29,994,734"
Lil Uzi Vert-Lo Mein,23,,11,,"3,832,346","29,973,164"
G-Eazy-I Mean It,120,,145,,"294,157","29,924,051"
Rae Sremmurd-Come Get Her,110,,96,,"366,184","29,921,087"
Grupo Menos É Mais-Coração Partido (Corazón Partío) - Ao Vivo,22,,56,,"1,735,269","29,891,788"
Ariana Grande-i wish i hated you,14,,24,,"3,512,818","29,867,389"
Bobby Shmurda-Hot N*gga,118,,60,,"729,088","29,754,801"
"Panic! At The Disco-Hey Look Ma, I Made It",40,,98,,"942,366","29,740,973"
The Chainsmokers-Family,34,,77,,"1,225,602","29,693,046"
"Geolier-I P’ ME, TU P’ TE",16,,40,,"2,281,842","29,684,504"
SALES-Pope Is a Rockstar,30,,76,,"1,290,732","29,672,926"
Bad Bunny-25/8,26,,43,,"2,194,310","29,651,859"
Kwabs-Walk,150,,106,,"285,263","29,651,853"
The Academy: Segunda Misión-LA RANGER,21,,94,,"1,695,373","29,651,718"
Otto Knows-Next to Me,94,,54,,"533,675","29,625,299"
Afusic-Pal Pal,24,,128,,"1,305,929","29,578,804"
Beyoncé-AMERICA HAS A PROBLEM,20,,43,,"2,021,444","29,541,988"
BigXthaPlug-All The Way,23,,69,,"1,959,327","29,530,096"
GloRilla-WHATCHU KNO ABOUT ME,21,,121,,"1,637,462","29,524,666"
Boney M.-Mary's Boy Child / Oh My Lord,25,,58,,"2,076,464","29,496,602"
Ovy On The Drums-YO y TÚ,17,,52,,"1,964,189","29,435,868"
The Weeknd-Baptized In Fear,14,,21,,"3,575,495","29,421,609"
Bea Miller-feel something,37,,108,,"884,120","29,405,741"
ROSÉ-Gone,25,,11,,"2,945,783","29,402,596"
Selena Gomez-Boyfriend,28,,34,,"1,717,516","29,388,660"
Kygo-Not Ok,35,,44,,"1,662,548","29,377,996"
DJ Khaled-Just Us,32,,57,,"1,429,965","29,356,244"
Kanye West-Champions,71,,106,,"471,819","29,343,865"
Eminem-Rap God,107,,164,,"487,012","29,333,093"
Van Morrison-Brown Eyed Girl,23,,111,,"1,593,266","29,306,826"
A Boogie Wit da Hoodie-Numbers,28,,46,,"1,855,613","29,298,333"
OneRepublic-Kids,73,,69,,"706,984","29,264,128"
American Authors-Best Day Of My Life,148,,33,,"466,002","29,235,706"
Headie One-Only You Freestyle,30,,38,,"1,756,003","29,224,111"
Matheus Fernandes-Balanço da Rede,33,,98,,"1,140,287","29,210,492"
Henry Freitas-Imã de Problema,20,,80,,"1,934,212","29,197,990"
Why Don't We-I Don't Belong In This Club,39,,102,,"903,557","29,194,083"
Bad Bunny-BAD CON NICKY,31,,20,,"2,506,957","29,176,228"
The Weeknd-True Colors,43,,29,,"1,397,127","29,167,763"
Bing Crosby-Do You Hear What I Hear?,18,,60,,"3,308,765","29,125,276"
Dominic Fike-Mona Lisa - Spider-Man: Across the Spider-Verse (Deluxe Edition),24,,134,,"1,315,378","29,077,728"
French Montana-No Shopping,81,,105,,"460,796","29,068,997"
Lazza-CENERE,17,,29,,"2,263,531","29,065,532"
Drake-Summer Games,22,,17,,"4,249,825","29,064,130"
Travis Scott-STOP TRYING TO BE GOD,28,1,10,,"3,887,156","29,028,703"
Amenazzy-Baby,43,,152,,"765,378","29,010,937"
Martin Garrix-Used To Love,34,,61,,"1,230,533","29,009,903"
Taylor Swift-betty,21,,17,,"3,835,696","28,962,095"
Eminem-Normal,22,,15,,"3,050,423","28,949,634"
Charli xcx-Boom Clap,115,,31,,"518,530","28,920,805"
Drake-Sandra’s Rose,20,,14,,"4,964,551","28,917,178"
Ray Parker Jr.-Ghostbusters,17,1,4,,"5,890,474","28,909,037"
NOTD-So Close,39,,125,,"923,573","28,905,636"
Capital Bra-Tilidin,27,,26,,"2,067,813","28,903,609"
AWOLNATION-Sail,153,,93,,"257,400","28,893,955"
BTS-Fly To My Room,18,1,8,,"4,568,625","28,887,843"
Echosmith-Bright,113,,77,,"394,348","28,861,004"
Avicii-Broken Arrows,74,,40,,"1,973,843","28,853,839"
99 Souls-The Girl Is Mine feat. Destiny's Child & Brandy,95,,100,,"398,957","28,853,741"
Benson Boone-Cry,21,,105,,"1,658,799","28,820,287"
ITZY-LOCO,32,,81,,"1,060,412","28,815,789"
Kendrick Lamar-gloria,13,,23,,"4,166,332","28,811,117"
Drake-4422,26,,21,,"2,815,955","28,797,646"
Bad Bunny-CYBERTRUCK,14,1,8,,"7,301,367","28,743,249"
Taylor Swift-All You Had To Do Was Stay (Taylor's Version),11,1,10,,"7,964,569","28,729,818"
Future-First Off,28,,27,,"1,943,504","28,728,227"
Justin Bieber-Get Me,24,,24,,"2,302,328","28,682,642"
Smiley-Over The Top,31,,56,,"1,376,192","28,679,201"
Ty Dolla $ign-Ego Death,34,,61,,"1,535,232","28,643,680"
Kendrick Lamar-Big Shot,33,,35,,"1,683,872","28,625,633"
Polo G-GANG GANG,29,,55,,"1,702,428","28,599,771"
Tones And I-Fly Away,39,,155,,"835,421","28,593,860"
RealestK-WFM,30,,70,,"1,191,146","28,582,136"
Shawn Mendes-Like To Be You feat. Julia Michaels,41,,55,,"1,402,901","28,575,246"
Bruno Mars-Treasure,66,,102,,"1,704,242","28,566,938"
Lil Pump-Butterfly Doors,32,,58,,"1,280,700","28,566,176"
Drake-Blue Tint,22,,27,,"3,469,428","28,543,636"
Mari Fernandez-Parada Louca,31,,40,,"1,415,338","28,522,243"
Sabrina Carpenter-Why,57,,138,,"573,028","28,517,270"
Kanye West-Fade,82,,83,,"516,491","28,489,397"
The Weeknd-How Do I Make You Love Me?,16,2,4,,"4,765,039","28,477,327"
Troye Sivan-Dance To This,40,,46,,"1,340,962","28,476,953"
Travis Scott-SIRENS,12,1,9,,"7,019,087","28,465,120"
Nuzio Medeiros-Tando,19,,70,,"1,957,168","28,433,493"
Ty Dolla $ign-Saved,94,,110,,"435,231","28,401,905"
Drake-Feel No Ways,63,,55,,"863,076","28,393,743"
Carín León-Ese Vato No Te Queda,20,,84,,"1,777,845","28,384,506"
Thomas Rhett-Unforgettable,52,,99,,"741,528","28,365,053"
Sam Barber-Indigo,22,,149,,"1,415,580","28,354,554"
sped up 8282-Cupid – Twin Ver. (FIFTY FIFTY) – Sped Up Version,23,,98,,"1,430,531","28,354,455"
James Newton Howard-The Hanging Tree,81,,29,,"589,445","28,328,565"
YoungBoy Never Broke Again-Make No Sense,41,,136,,"802,786","28,324,633"
Dj Guuga-Vidrado Em Você,23,,76,,"1,596,630","28,320,421"
Mora-DONDE SE APRENDE A QUERER?,19,,11,,"2,962,306","28,244,511"
Taylor Swift-Peter,13,,36,,"4,503,638","28,216,554"
Britney Spears-Toxic,23,,83,,"1,857,117","28,204,278"
Jungle-Back On 74,22,,129,,"1,402,981","28,196,085"
J. Cole-1985 - Intro to “The Fall Off”,21,,14,,"3,748,887","28,189,429"
LE SSERAFIM-FEARLESS,32,,132,,"971,118","28,188,808"
Ariana Grande-imperfect for you,14,,28,,"3,286,916","28,179,306"
HUNTR/X-How It’s Done,11,,11,,"3,176,905","28,168,801"
Miguel Bueno-Solcito,22,,124,,"1,433,539","28,138,583"
ITZY-WANNABE,36,,95,,"1,015,590","28,120,896"
Yahritza Y Su Esencia-Soy El Unico,31,,73,,"1,111,287","28,110,049"
Eladio Carrion-Si La Calle Llama - Remix,21,,64,,"1,903,955","28,075,943"
Coldplay-feelslikeimfallinginlove,19,,42,,"2,355,075","28,069,982"
Shawn Mendes-Lost In Japan - Remix,41,,89,,"1,108,012","28,020,450"
ZAYN-Vibez,28,,36,,"1,792,164","28,010,241"
Taylor Swift-I Look in People's Windows,12,,33,,"5,077,082","27,988,838"
Imagine Dragons-Enemy - from the series Arcane League of Legends,36,,154,,"829,252","27,978,657"
BTS-ON (Feat. Sia),21,,24,,"2,444,125","27,934,589"
Brenda Lee-Rockin' Around the Christmas Tree - Rerecorded Version,39,,68,,"2,536,092","27,910,972"
Rauw Alejandro-Tú Con Él,18,,43,,"2,533,438","27,892,838"
Lil Wayne-Let It Fly,21,1,4,,"4,517,656","27,889,593"
Ty Dolla $ign-Spicy,28,,25,,"2,155,899","27,874,770"
Beyoncé-JOLENE,12,1,8,,"5,075,802","27,863,084"
J Balvin-Otra Noche Sin Ti,27,,54,,"1,715,087","27,860,509"
Katy Perry-Small Talk,28,,27,,"1,986,107","27,856,402"
Tyga-Freaky Deaky,29,,64,,"1,226,818","27,848,805"
Joji-Gimme Love,31,,47,,"1,520,326","27,828,549"
Mc Paiva ZS-Casei Com a Putaria,29,,125,,"1,077,093","27,799,764"
Paramore-Hard Times,44,,59,,"1,233,600","27,799,526"
Post Malone-Wow. - Remix,38,,110,,"949,948","27,796,050"
"DJ Patrick Muniz-Trava na Pose, Chama no Zoom, Dá um Close",32,,75,,"1,180,185","27,795,300"
Eminem-Stepping Stone,22,,19,,"2,817,524","27,793,547"
Saja Boys-Soda Pop,11,,12,,"3,251,590","27,789,533"
Coldplay-Let Somebody Go,21,,21,,"2,873,978","27,786,158"
Maki-Dilaw,22,,132,,"1,406,855","27,784,656"
Charli xcx-Break the Rules,125,,90,,"357,755","27,780,640"
Rauw Alejandro-Se Fue,16,,33,,"2,786,191","27,776,878"
Diplo-Heartless,41,,143,,"775,392","27,776,329"
The Chainsmokers-You Owe Me,31,,56,,"1,211,924","27,760,938"
Rosa Walton-I Really Want to Stay at Your House,26,,87,,"1,248,487","27,742,228"
Drake-Jorja Interlude,25,,14,,"2,903,939","27,732,663"
Luis R Conriquez-El Gavilán,25,,124,,"1,328,856","27,732,363"
Calle 24-SUIZA,21,,69,,"1,742,232","27,726,310"
KSI-Holiday,31,,57,,"1,337,805","27,722,627"
J. Eskine-Resenha do Arrocha,21,,77,,"1,751,398","27,721,445"
Childish Gambino-Me and Your Mama,38,,61,,"998,589","27,688,837"
Kevin Kaarl-San Lucas,33,,117,,"963,918","27,684,319"
The Weeknd-Hardest To Love,20,1,8,,"4,348,939","27,674,900"
Maria Becerra-Wow Wow,32,,112,,"1,026,347","27,663,444"
Icona Pop-Emergency,111,,78,,"412,218","27,651,546"
Pharrell Williams-Cash In Cash Out,24,,41,,"1,944,309","27,612,353"
Sam Feldt-Show Me Love,93,,66,,"425,616","27,582,852"
The Kid LAROI-WITHOUT YOU,21,,26,,"2,152,112","27,573,502"
"Agust D-People, Pt. 2",14,,11,,"3,404,828","27,563,061"
Taylor Swift-Shake It Off (Taylor's Version),11,,11,,"7,924,239","27,562,200"
Jovem Dionisio-ACORDA PEDRINHO,23,,46,,"1,786,933","27,561,444"
5 Seconds of Summer-She's Kinda Hot,79,,50,,"601,331","27,557,428"
Rixton-Me And My Broken Heart,118,,32,,"465,429","27,553,136"
Ariana Grande-everytime,24,,20,,"2,532,022","27,549,846"
southstar-Miss You,25,,69,,"1,461,749","27,533,068"
Aya Nakamura-Jolie nana,37,,111,,"941,623","27,532,885"
Gabito Ballesteros-El Boss,21,,113,,"1,493,090","27,505,390"
The Weeknd-Less Than Zero,19,,20,,"3,100,148","27,469,339"
ITZY-In the morning,28,,56,,"1,197,636","27,431,208"
KIDS SEE GHOSTS-Reborn,21,,16,,"2,318,832","27,430,610"
"Bobby ""Boris"" Pickett & The Crypt-Kickers-Monster Mash",17,1,8,,"5,266,435","27,429,734"
Metro Boomin-Don't Come Out The House,30,,39,,"1,514,872","27,316,677"
Bebe Rexha-I'm Gonna Show You Crazy,84,,55,,"454,679","27,311,692"
Ariana Grande-off the table,21,1,6,,"4,447,198","27,305,333"
Iggy Azalea-Team,54,,59,,"627,383","27,262,702"
Eric Land-Pilantra e Meio,19,,55,,"2,314,584","27,260,623"
Snakehips-Cruel,65,,93,,"540,845","27,258,759"
5 Seconds of Summer-Want You Back,34,,27,,"1,992,624","27,205,987"
George Michael-Careless Whisper,35,,31,,"1,106,003","27,189,362"
"Gracie Abrams-I miss you, I’m sorry",20,,123,,"1,516,540","27,177,929"
Drake-After Dark,22,,29,,"3,231,888","27,154,388"
Lil Yachty-66,38,,63,,"1,232,911","27,152,323"
Karan Aujla-Tauba Tauba,19,,75,,"1,776,052","27,150,962"
Future-We Still Don't Trust You,14,,19,,"3,460,945","27,150,224"
Tungevaag-Wicked Wonderland,110,,60,,"396,456","27,147,403"
Rauw Alejandro-Enchule,35,,134,,"935,487","27,133,217"
Lilly Wood and The Prick-Prayer In C (Robin Schulz Remix) [Radio Edit],42,,37,,"712,887","27,110,152"
Axwell /\ Ingrosso-I Love You,55,,125,,"602,503","27,088,827"
Bad Bunny-Está Cabrón Ser Yo,22,,33,,"2,422,269","27,017,995"
Meek Mill-R.I.C.O.,85,,56,,"543,838","27,004,846"
DJ Robin-Layla,24,,35,,"1,845,257","26,980,317"
Taylor Swift-The Bolter,13,,39,,"4,254,088","26,972,225"
Juju-Vermissen,31,,59,,"1,235,117","26,944,177"
Jorge & Mateus-Molhando o Volante,31,,89,,"1,066,624","26,942,781"
G-Eazy-Lady Killers II - Christoph Andersson Remix,19,,77,,"1,696,544","26,928,350"
Tyla Yaweh-Tommy Lee,25,,52,,"1,500,777","26,927,393"
Fuerza Regida-CRAZYZ,23,,166,,"1,271,786","26,906,601"
Drake-Do Not Disturb,33,,35,,"2,153,046","26,899,006"
Diplo-Welcome to the Party,33,,70,,"1,027,083","26,897,467"
Big Sean-Blessings,110,,59,,"421,396","26,894,085"
KAROL G-PERO TÚ,21,,62,,"1,923,699","26,842,222"
ROSALÍA-SAOKO,27,,40,,"1,711,441","26,840,365"
Don Toliver-LV Bag,15,,20,,"3,556,914","26,813,651"
Nicky Jam-69,22,,140,,"1,386,348","26,796,994"
SOB X RBE-Paramedic!,32,,57,,"1,312,615","26,779,571"
Apache 207-Wieso tust Du dir das an?,30,,45,,"1,480,164","26,777,248"
Travis Scott-DELRESTO (ECHOES),9,1,8,,"7,065,663","26,759,497"
Katy Perry-Harleys In Hawaii,28,,33,,"1,717,302","26,733,744"
Sabrina Carpenter-15 Minutes,18,,46,,"2,883,267","26,721,997"
Bing Crosby-Mele Kalikimaka - New mono-to-stereo mix,14,,39,,"4,276,161","26,699,361"
Nemo-The Code,12,,17,,"3,576,700","26,654,783"
Marvin Gaye-Ain't No Mountain High Enough,24,,85,,"1,381,950","26,624,565"
Madison Beer-Make You Mine,20,,110,,"1,554,694","26,609,806"
Linkin Park-Lost,15,,21,,"2,878,513","26,596,531"
Red Hot Chili Peppers-Dark Necessities,70,,59,,"776,789","26,569,503"
Playboi Carti-GOOD CREDIT,11,,15,,"5,448,577","26,564,276"
TWICE-MORE & MORE,31,,58,,"1,295,677","26,517,177"
Chance the Rapper-Hot Shower,35,,45,,"1,486,284","26,510,697"
Metro Boomin-Raindrops (Insane) [with Travis Scott],15,,26,,"2,798,723","26,501,209"
Kanye West-All Day,86,,30,,"675,168","26,496,399"
Stray Kids-S-Class,19,,42,,"2,237,745","26,484,903"
Bizarrap-YaMeFui,29,,87,,"1,167,914","26,447,985"
Capital Bra-Cherry Lady,26,,35,,"1,786,907","26,441,863"
The Weeknd-Open Hearts,12,,22,,"3,544,890","26,370,281"
Gusttavo Lima-Nota de Repúdio - Ao Vivo,29,,84,,"1,125,658","26,345,671"
"Baby Tate-Hey, Mickey!",20,,55,,"1,885,459","26,335,986"
Pashanim-Sommergewitter,30,,92,,"1,186,860","26,325,464"
SHAED-Trampoline,33,,46,,"1,536,495","26,288,833"
Taylor Swift-Glitch,16,,34,,"2,916,058","26,288,412"
Myke Towers-Explícito,35,,159,,"844,409","26,231,601"
V-Christmas Tree,30,,68,,"1,461,650","26,224,215"
SZA-Seek & Destroy,14,,14,,"3,780,301","26,199,622"
Florida Georgia Line-Simple,43,,119,,"743,030","26,183,746"
Gaullin-Moonlight,38,,143,,"806,824","26,178,542"
Billie Eilish-hotline (edit),18,,73,,"1,682,027","26,173,820"
Joji-Run,22,,24,,"2,276,211","26,168,091"
Sabrina Carpenter-Thumbs,52,,145,,"591,084","26,135,250"
Young Miko-WASSUP,19,,102,,"1,552,153","26,123,774"
Tory Lanez-The Take,39,,141,,"791,575","26,123,083"
RM-Wild Flower,14,,13,,"3,604,749","26,108,329"
4batz-act ii: date @ 8,15,,34,,"2,987,634","26,088,776"
Kygo-Forever Yours - Avicii Tribute,28,,51,,"1,648,616","26,087,708"
Luísa Sonza-MODO TURBO,29,,57,,"1,570,385","26,082,580"
¥$-FIELD TRIP,13,,20,,"3,031,257","26,060,150"
Drake-Hours In Silence,12,,11,,"5,650,910","26,019,841"
BTS-Telepathy,17,1,10,,"4,137,202","25,993,754"
BLACKPINK-Hard to Love,16,,12,,"3,636,906","25,974,935"
Dalex-+Linda,38,,156,,"779,483","25,959,853"
Taylor Swift-Clean (Taylor's Version),11,,16,,"6,812,042","25,959,451"
Lil Wayne-She Will,20,,143,,"1,382,209","25,938,113"
Travis Scott-CAN'T SAY,27,,29,,"2,854,929","25,933,734"
Shaggy-I Need Your Love,116,,107,,"315,351","25,913,814"
Kanye West-CARNIVAL,5,4,1,(x4),"6,280,366","25,906,087"
Imagine Dragons-On Top Of The World,149,,111,,"271,182","25,904,982"
Olivia Rodrigo-pretty isn’t pretty,14,,19,,"3,765,790","25,901,986"
Kendrick Lamar-i,117,,45,,"583,434","25,855,924"
Bad Bunny-Hablamos Mañana,23,,40,,"2,250,886","25,852,372"
Justin Bieber-Been You,55,,34,,"1,040,316","25,796,907"
SZA-Love Language,14,,19,,"3,583,349","25,757,483"
Russ Millions-Body,31,,93,,"957,072","25,751,899"
Big Sean-No Favors,34,,37,,"1,467,448","25,745,484"
Cash Cash-All My Love,44,,105,,"657,893","25,730,209"
Kendrick Lamar-FEAR.,27,,24,,"2,499,628","25,693,493"
Imagine Dragons-Shots - Broiler Remix,125,,143,,"245,968","25,689,888"
2 Chainz-Bigger Than You,35,,51,,"1,253,278","25,584,478"
Juice WRLD-Titanic,19,1,9,,"4,243,741","25,581,921"
Kid Cudi-Tequila Shots,22,,21,,"3,366,626","25,557,685"
Starley-Call On Me - Ryan Riback Remix,23,,22,,"1,653,239","25,549,380"
Lil Mabu-MATHEMATICAL DISRESPECT,17,,50,,"1,895,064","25,548,951"
Internet Money-His & Hers,33,,76,,"1,281,000","25,544,225"
Kanye West-Believe What I Say,13,1,10,,"4,488,135","25,543,448"
Emilia-La_Original.mp3,21,,120,,"1,370,720","25,533,736"
Nick Jonas-Levels,76,,74,,"459,600","25,517,302"
Taylor Swift-Better Than Revenge (Taylor's Version),11,1,5,,"7,195,811","25,516,405"
Lil Baby-Drip Too Hard,22,,32,,"1,644,842","25,379,940"
J. Cole-Photograph,16,1,5,,"4,805,991","25,378,158"
Kid Ink-Be Real,108,,101,,"337,523","25,374,235"
Sara Kays-Remember That Night?,35,,158,,"777,847","25,358,160"
Beyoncé-BODYGUARD,13,,17,,"3,785,687","25,343,682"
Manuel Turizo-Culpables,43,,156,,"645,783","25,326,214"
CORPSE-E-GIRLS ARE RUINING MY LIFE!,35,,145,,"807,630","25,313,794"
Linkin Park-Two Faced,12,,16,,"4,014,685","25,288,811"
6ix9ine-BILLY,41,,64,,"1,156,466","25,259,159"
Coldplay-Everglow,79,,52,,"604,966","25,248,421"
Bing Crosby-Winter Wonderland,20,,42,,"3,267,722","25,245,012"
Drake-Pipe Down,14,,14,,"6,169,032","25,221,967"
Bing Crosby-Winter Wonderland - Remastered,14,,46,,"3,278,886","25,211,561"
OneRepublic-Love Runs Out,98,,28,,"549,297","25,196,399"
Internet Money-Blastoff,29,,53,,"1,545,332","25,163,127"
"Bizarrap-Residente: Bzrp Music Sessions, Vol. 49",17,1,7,,"3,089,976","25,147,778"
Treyce-Lovezinho,21,,92,,"1,518,531","25,147,631"
Kygo-Think About You,26,,53,,"1,553,790","25,131,850"
Quevedo-Buenas,18,,32,,"2,425,430","25,129,712"
Mura Masa-Love$ick,57,,154,,"508,326","25,117,671"
Taylor Swift-Karma,14,1,5,,"5,036,768","25,108,761"
Zach Bryan-Hey Driver,18,,46,,"2,253,880","25,095,983"
Cardi B-I Do,28,,48,,"1,324,145","25,079,295"
Future-Solitaires,28,,24,,"2,130,853","25,076,395"
Hugo & Guilherme-Coração Na Cama,29,,89,,"1,089,222","25,021,531"
Juice WRLD-Stay High,21,,21,,"2,952,887","25,000,085"
"YG-Big Bank feat. 2 Chainz, Big Sean, Nicki Minaj",37,,107,,"770,872","24,992,874"
Eminem-Darkness,17,,18,,"3,280,233","24,946,841"
Apache 207-Fame,26,,26,,"2,149,185","24,881,543"
Juice WRLD-Bad Energy,19,,11,,"4,113,277","24,878,775"
Taylor Swift-Sparks Fly (Taylor’s Version),10,1,4,,"7,370,882","24,873,472"
Migos-Get Right Witcha,52,,80,,"778,168","24,848,299"
Wyclef Jean-Divine Sorrow,87,,55,,"592,032","24,825,417"
Peso Pluma-Rosa Pastel,21,,76,,"1,797,897","24,809,172"
Taylor Swift-Cassandra,11,,35,,"4,674,074","24,803,495"
WOS-CANGURO,36,,134,,"803,585","24,797,584"
4*TOWN (From Disney and Pixar’s Turning Red)-Nobody Like U,29,,97,,"1,032,579","24,797,303"
Travis Scott-GOD'S COUNTRY,10,1,10,,"6,896,714","24,783,320"
Morgan Wallen-Somebody’s Problem,28,,60,,"1,543,889","24,777,527"
Tiësto-The Right Song,78,,98,,"416,195","24,762,653"
"Snoop Dogg-Young, Wild & Free",134,,140,,"409,673","24,751,944"
JISOO-earthquake,17,,104,,"1,878,424","24,747,178"
Anirudh Ravichander-Hukum - Thalaivar Alappara,19,,75,,"1,619,508","24,695,231"
Gryffin-Tie Me Down,35,,98,,"837,626","24,693,110"
Lewis Capaldi-Hold Me While You Wait,33,,74,,"1,193,672","24,691,119"
BLACKPINK-Crazy Over You,21,,17,,"3,398,836","24,678,365"
Sabrina Carpenter-Dumb & Poetic,13,,29,,"3,220,039","24,675,645"
The Weeknd-Privilege,21,,12,,"2,974,482","24,671,721"
Hugh Jackman-Come Alive,41,,126,,"688,304","24,638,714"
J. Cole-9 5 . s o u t h,14,,18,,"7,032,792","24,638,101"
Justin Bieber-Unstable,19,,12,,"3,081,029","24,625,764"
MERO-Wolke 10,24,,38,,"1,774,536","24,623,140"
Juanfran-Como Llora,38,,176,,"696,144","24,611,965"
Kendrick Lamar-GOD.,28,,30,,"2,210,312","24,599,193"
Adele-Strangers By Nature,12,1,3,(x1),"5,590,265","24,564,461"
Taylor Swift-Paper Rings,19,,16,,"3,035,132","24,522,609"
Trippie Redd-Death,34,,72,,"1,129,431","24,518,507"
MC Zaquin-Não Nasceu pra Namorar,30,,100,,"1,026,401","24,492,868"
Robin Schulz-Heatwave,71,,125,,"423,541","24,489,436"
Montell Fish-Hotel,24,,90,,"1,215,497","24,418,606"
BLACKPINK-Love To Hate Me,21,,18,,"3,195,428","24,397,358"
Dua Lipa-Want To,35,,107,,"877,519","24,364,838"
Kendrick Lamar-Count Me Out,13,,13,,"5,255,474","24,361,797"
Ariana Grande-just like magic,20,1,8,,"3,858,081","24,341,364"
ScHoolboy Q-THat Part,66,,78,,"604,379","24,300,534"
KAROL G-Verano Rosa,14,,44,,"2,064,798","24,288,960"
Sam Smith-My Oasis,28,,54,,"1,511,719","24,282,141"
Taylor Swift-Nothing New,16,,20,,"3,136,993","24,279,791"
One Direction-End of the Day,44,,21,,"1,411,737","24,277,998"
Robin Thicke-Blurred Lines,136,,102,,"340,981","24,250,152"
Lauv-Chasing Fire,35,,96,,"860,519","24,249,107"
Drake-That’s How You Feel,20,,29,,"3,397,249","24,241,041"
RUMI-Free,11,,19,,"2,697,140","24,240,847"
Lana Del Rey-A&W,18,,27,,"2,401,100","24,237,747"
Travis Scott-R.I.P. SCREW,21,1,7,,"4,076,479","24,233,145"
Migos-Straightenin,25,,56,,"1,643,094","24,195,306"
Bad Bunny-Que Malo,20,,28,,"2,555,436","24,166,325"
Morgan Wallen-Smile,16,,38,,"2,291,327","24,158,224"
Justin Bieber-Home To Mama,87,,63,,"391,938","24,150,897"
Victor Cibrian-En El Radio Un Cochinero,28,,118,,"1,032,258","24,115,418"
Nico & Vinz-In Your Arms,90,,60,,"359,425","24,093,852"
The Weeknd-Scared To Live,16,1,9,,"4,334,915","24,078,627"
"Tyler, The Creator-Hey Jane",9,1,8,,"6,201,811","24,064,078"
Gucci Mane-Curve,40,,68,,"1,021,776","24,059,132"
Paulo Londra-Chance,23,,24,,"1,952,532","24,045,757"
Gracie Abrams-us.,13,,25,,"3,130,332","24,045,420"
WSTRN-In2,92,,131,,"323,185","24,041,440"
Charli xcx-Boom Clap - Soundtrack Version,99,,39,,"430,530","24,009,038"
Ayra Starr-Rush,22,,145,,"1,226,003","24,001,809"
Taylor Swift-Dear Reader,15,,37,,"2,779,744","23,985,367"
Drake-GIMME A HUG,13,,23,,"3,960,110","23,972,719"
Post Malone-Overdrive,16,,26,,"2,569,290","23,965,160"
K/DA-MORE,23,,50,,"1,672,451","23,954,074"
Taylor Swift-mad woman,16,,16,,"3,902,267","23,936,317"
Kodak Black-Calling My Spirit,34,,111,,"962,637","23,935,167"
Taylor Swift-You All Over Me,21,,11,,"3,135,252","23,926,807"
Travis Scott-NO BYSTANDERS,21,1,8,,"3,962,058","23,925,616"
Luan Pereira-DENTRO DA HILUX,19,,76,,"1,616,596","23,907,676"
Imagine Dragons-Wrecked,27,,49,,"1,607,078","23,904,284"
BLANCO-MI FAI IMPAZZIRE,32,,126,,"936,729","23,901,235"
Tate McRae-Dear god,14,,41,,"2,545,494","23,894,245"
Halsey-Lilith,14,,17,,"2,671,553","23,889,738"
"Tyler, The Creator-Take Your Mask Off",10,,16,,"5,235,744","23,888,587"
Jaani-Saari Duniya Jalaa Denge,15,,71,,"1,838,514","23,847,306"
Who Is Fancy-Boys Like You,83,,113,,"338,933","23,846,848"
Philip George-Wish You Were Mine,108,,101,,"293,903","23,821,774"
PARTYNEXTDOOR-Loyal,23,,20,,"2,250,470","23,809,590"
HUNTR/X-What It Sounds Like,11,,22,,"2,649,116","23,804,878"
BABYMONSTER-DRIP,17,,109,,"1,579,766","23,767,346"
Playboi Carti-PHILLY,9,1,10,,"6,258,201","23,748,146"
Bob Marley & The Wailers-Is This Love - Remix,70,,112,,"445,829","23,746,201"
Marvin Gaye-Sexual Healing - Kygo Remix,100,,81,,"369,276","23,743,323"
Sabrina Carpenter-Don’t Smile,13,,39,,"2,861,716","23,734,615"
Adele-Cry Your Heart Out,13,1,10,,"4,610,300","23,730,056"
Why Don't We-Big Plans,35,,156,,"722,231","23,726,383"
SZA-Kill Bill,15,,32,,"2,381,628","23,724,071"
Bebe Rexha-The Way I Are (Dance with Somebody),44,,123,,"663,643","23,646,789"
Pashanim-Airwaves,35,,138,,"762,925","23,600,968"
Samra-Wieder Lila,24,,50,,"1,684,300","23,586,629"
Calvin Harris-Desire,20,,115,,"1,556,296","23,576,999"
Sia-Genius,28,,56,,"1,426,408","23,576,294"
ZAYN-Better,24,,26,,"2,206,849","23,570,507"
MC Caverinha-Cartão Black,17,,79,,"1,625,349","23,562,712"
Marshmello-Light It Up,28,,46,,"1,550,294","23,532,642"
Bad Bunny-De Museo,22,,37,,"1,830,392","23,522,718"
Adele-To Be Loved,13,,13,,"4,055,351","23,511,342"
Kanye West-On God,14,1,10,,"3,634,994","23,501,479"
Pharrell Williams-Sangria Wine,28,,43,,"1,480,959","23,496,755"
"Tyler, The Creator-I THINK",20,1,10,,"2,978,365","23,492,693"
Nicki Minaj-Feeling Myself,116,,91,,"312,628","23,432,470"
Anuel AA-Fútbol & Rumba,31,,77,,"1,256,429","23,431,444"
Bring Me The Horizon-Can You Feel My Heart,30,,121,,"885,339","23,426,172"
TINI-Muñecas,22,,135,,"1,206,508","23,419,257"
Skrillex-Don’t Go,21,,38,,"1,827,028","23,395,152"
J Balvin-Sigue,21,,29,,"1,848,090","23,382,361"
Hozier-Eat Your Young,15,,41,,"2,298,259","23,376,755"
Peso Pluma-LA DURANGO,15,,56,,"2,314,386","23,368,030"
Travis Scott-TIL FURTHER NOTICE,12,,26,,"4,503,320","23,350,307"
Kanye West-Only One,71,,44,,"519,275","23,340,278"
347aidan-Dancing in My Room,34,,178,,"756,482","23,338,384"
Kanye West-Closed On Sunday,14,2,8,,"3,675,616","23,313,233"
Sefo-Bilmem Mi?,24,,66,,"1,163,841","23,305,420"
Gradur-Ne reviens pas,30,,102,,"892,565","23,292,291"
Drake-Finesse,19,,26,,"3,512,658","23,270,552"
Ed Sheeran-Celestial,21,,42,,"1,867,644","23,250,729"
Tinie Tempah-Not Letting Go,73,,58,,"469,073","23,241,176"
aespa-Drama,17,,60,,"1,607,616","23,232,528"
Drake-Jaded,18,,23,,"3,841,626","23,223,132"
Taylor Swift-tolerate it,13,1,7,,"4,735,673","23,217,638"
The xx-On Hold,41,,59,,"893,900","23,204,237"
"Tyler, The Creator-LUMBERJACK",18,,19,,"3,252,879","23,201,085"
Drake-Calling For You,8,1,4,,"7,304,467","23,198,867"
Bad Bunny-MERCEDES CAROTA,12,,16,,"5,588,361","23,180,877"
Dadá Boladão-Surtada - Remix Brega Funk,33,,107,,"852,939","23,175,546"
JHAYCO-En La De Ella,23,,142,,"1,211,853","23,167,233"
Bad Bunny-THUNDER Y LIGHTNING,13,,24,,"4,801,566","23,164,520"
P!nk-Just Give Me a Reason,82,,147,,"1,450,656","23,145,757"
Os Barões Da Pisadinha-Quero Ver é Me Esquecer,27,,84,,"1,077,451","23,139,547"
Central Cee-Obsessed With You,29,,120,,"943,337","23,138,455"
Post Malone-Myself,20,,27,,"2,579,933","23,133,720"
The Weeknd-Alone Again,14,1,2,(x1),"5,118,147","23,129,641"
SZA-Used,13,,22,,"3,434,672","23,109,171"
Guaynaa-Rebota,34,,129,,"804,774","23,104,731"
G-Eazy-Sober,34,,95,,"870,691","23,100,127"
Chance the Rapper-All Night,36,,95,,"764,464","23,095,238"
El Chacal-Hay Mi Dios,34,,94,,"767,751","23,091,590"
Beéle-top diesel,18,,119,,"1,416,779","23,085,176"
Swae Lee-Won't Be Late,27,,45,,"1,477,779","23,068,287"
Nipsey Hussle-Racks In The Middle,23,,57,,"1,341,139","23,040,641"
FLETCHER-Undrunk,31,,95,,"933,216","23,018,004"
Migos-Having Our Way,21,,23,,"2,738,904","23,017,372"
David Guetta-Titanium,125,,136,,"1,268,815","22,985,875"
João Gomes-Se For Amor,26,,82,,"1,104,203","22,978,463"
5 Seconds of Summer-Lie To Me,27,,87,,"976,298","22,977,632"
Lorde-Team,124,,91,,"279,226","22,967,415"
Sleep Token-Caramel,14,,24,,"3,032,118","22,937,929"
Anitta-Combatchy,30,,97,,"950,352","22,904,950"
Bryson Tiller-Sorry Not Sorry,79,,114,,"353,752","22,889,200"
Miley Cyrus-Heart Of Glass (Live from the iHeart Music Festival),30,,78,,"1,105,471","22,888,033"
Macklemore-Marmalade,41,,105,,"675,608","22,872,298"
Kanye West-Jonah,12,,12,,"4,349,854","22,862,650"
Dean Martin-Silver Bells,16,,71,,"2,274,076","22,860,834"
Zé Neto & Cristiano-Alô Ambev (Segue Sua Vida) - Ao Vivo,29,,91,,"1,004,993","22,850,593"
Nicki Minaj-Everybody,17,,103,,"1,702,186","22,849,568"
Tommy Richman-MILLION DOLLAR BABY (VHS),16,,117,,"1,617,271","22,816,902"
Mariah Carey-All I Want For Christmas Is You - Original Version,48,1,9,,"1,287,403","22,816,524"
C. Tangana-Ateo,23,,71,,"1,262,179","22,802,717"
mgk-RAP DEVIL,26,,64,,"1,247,006","22,799,450"
Ozuna-Amor Genuino,27,,45,,"1,500,460","22,783,592"
siouxxie sixxsta-masquerade,29,,142,,"858,807","22,768,116"
Eminem-Good Guy,21,,38,,"2,041,465","22,729,458"
Duki-Nueva Era,15,,83,,"1,810,782","22,705,801"
Train-Shake up Christmas,16,,84,,"2,741,559","22,662,387"
TWICE-MOONLIGHT SUNRISE,16,,60,,"1,969,762","22,652,196"
5 Seconds of Summer-Old Me,28,,89,,"1,093,148","22,639,086"
Tory Lanez-Broke In A Minute,32,,75,,"1,022,445","22,637,562"
Fivio Foreign-City of Gods,21,,28,,"2,055,020","22,636,945"
BTS-Stay,15,,13,,"3,873,899","22,629,160"
MAX-Blueberry Eyes,29,,133,,"845,238","22,624,476"
"Tyler, The Creator-Judge Judy",9,,13,,"5,506,674","22,616,836"
Belinda-300 Noches,16,,118,,"1,670,023","22,606,321"
Hugh Jackman-From Now On,38,,130,,"681,324","22,574,546"
Alexander 23-IDK You Yet,34,,120,,"757,630","22,570,484"
Andy Williams-Happy Holiday / The Holiday Season,11,,73,,"2,826,313","22,540,805"
Michael Bublé-Cold December Night,36,,57,,"1,412,485","22,513,582"
Reynmen-Renklensin,14,,73,,"1,893,723","22,504,400"
Drake-7am On Bridle Path,12,,15,,"5,899,217","22,503,496"
Trevor Daniel-Past Life,30,,90,,"997,093","22,502,171"
Kendrick Lamar-BLOOD.,21,1,8,,"3,617,051","22,500,516"
Eminem-Renaissance,9,1,7,,"5,534,951","22,498,424"
Repsaj-MONTAGEM BAILÃO,19,,155,,"1,260,458","22,475,357"
Sebastian Yatra-Cristina,32,,123,,"920,656","22,415,712"
Nick Jonas-Jealous - Remix,88,,83,,"359,404","22,408,934"
Alfons-Ganjaman,82,,58,,"429,584","22,384,271"
Katy Perry-Cozy Little Christmas,13,,75,,"2,371,728","22,376,567"
Bad Bunny-GRACIAS POR NADA,10,1,10,,"6,795,814","22,371,784"
Bad Bunny-Una Vez,20,,44,,"2,166,967","22,366,240"
Bonez MC-500 PS,34,,94,,"992,781","22,362,303"
Alesso-I Wanna Know,69,,108,,"451,832","22,332,065"
Natalie Taylor-Surrender,35,,151,,"675,288","22,322,213"
Kendrick Lamar-We Cry Together,11,1,9,,"5,997,925","22,289,519"
ITZY-Not Shy,26,,82,,"1,078,336","22,281,325"
Taylor Swift-I Wish You Would (Taylor's Version),8,,14,,"7,078,940","22,273,519"
Eminem-You Gon’ Learn,15,,16,,"3,481,168","22,261,149"
Lauv-Getting Over You,35,,118,,"741,906","22,248,753"
LunchMoney Lewis-Whip It!,86,,89,,"376,854","22,246,486"
Kid Cudi-Show Out,18,,31,,"3,008,140","22,210,317"
Shouse-Love Tonight - David Guetta Remix Edit,28,,159,,"954,917","22,200,660"
Morgan Wallen-Wasted On You,26,,51,,"1,459,881","22,171,609"
MC Tairon-Baile no Morro,25,,106,,"1,077,753","22,156,899"
Dua Lipa-Hallucinate,27,,32,,"1,963,556","22,153,618"
Ed Sheeran-Nothing On You,21,,26,,"2,244,550","22,132,869"
Zé Felipe-Bandido,23,,72,,"1,291,962","22,130,507"
League of Legends-GODS,15,,41,,"2,176,853","22,121,359"
O.T. Genasis-CoCo,97,,83,,"345,810","22,094,918"
XXXTENTACION-Carry On,30,,29,,"2,154,643","22,078,038"
V-White Christmas,11,,25,,"3,809,722","22,073,797"
Kanye West-Violent Crimes,17,,14,,"2,935,434","22,065,965"
Why Don't We-What Am I,33,,145,,"736,597","22,062,387"
Octavian-Papi Chulo,27,,112,,"949,723","22,060,606"
BTS-Dis-ease,14,,12,,"3,893,115","22,042,721"
Stray Kids-LALALALA,14,,26,,"2,512,489","22,012,073"
Quality Control-Baby,28,,96,,"930,435","22,006,904"
Fernando & Sorocaba-Só Não Divulga,27,,119,,"952,097","21,964,026"
Tate McRae-Miss possessive,14,,55,,"2,298,514","21,960,064"
ABBA-Dancing Queen,18,,64,,"2,097,416","21,951,482"
The Weeknd-Too Late,14,1,6,,"4,557,339","21,947,191"
Demi Lovato-Sober,30,,53,,"1,247,662","21,945,232"
Kygo-Fragile,55,,70,,"537,177","21,922,667"
Ariana Grande-warm,13,,20,,"3,336,824","21,920,084"
LISA-FXCK UP THE WORLD,11,1,10,,"4,489,803","21,905,377"
Kanye West-Selah,13,2,8,,"3,825,045","21,893,363"
Labrinth-Forever,27,,123,,"892,983","21,886,352"
Drake-IMY2,13,,17,,"5,344,148","21,871,299"
Beyoncé-Crazy In Love,20,,94,,"1,786,911","21,870,738"
Tommy Cash-Espresso Macchiato,14,,35,,"2,151,150","21,858,664"
TWICE-Feel Special,27,,64,,"1,143,414","21,830,592"
Post Malone-Deja Vu,57,,106,,"567,126","21,825,346"
Taylor Swift-Speak Now (Taylor's Version),8,1,6,,"7,076,404","21,802,114"
BTS-For Youth,15,,11,,"3,675,718","21,797,868"
Playboi Carti-@ MEH,19,,15,,"2,784,422","21,774,952"
Taylor Swift-Bad Blood (Taylor's Version),8,,13,,"7,445,241","21,742,220"
VIZE-Never Let Me Down,32,,156,,"751,407","21,720,519"
Drake-Diamonds Dancing,65,,58,,"504,666","21,712,319"
Justin Bieber-Off My Face,17,,19,,"2,715,108","21,709,160"
Sia-No New Friends,30,,59,,"1,392,866","21,687,655"
Playboi Carti-MOJO JOJO,8,1,7,,"6,634,742","21,675,949"
Bad Bunny-TE DESEO LO MEJOR,14,1,5,,"4,964,022","21,673,177"
Lorde-Homemade Dynamite,34,,63,,"1,081,378","21,654,354"
Julie Bergan-Arigato,55,,117,,"485,233","21,648,415"
Post Malone-Enough Is Enough,14,,42,,"2,606,216","21,625,260"
Prince Royce-El Clavo,37,,136,,"680,783","21,621,107"
Polo G-Bad Man (Smooth Criminal),20,,65,,"1,914,013","21,584,649"
Taylor Swift-I Bet You Think About Me,15,,33,,"2,506,493","21,582,172"
Taylor Swift-I Knew You Were Trouble (Taylor's Version),13,1,9,,"4,264,232","21,572,702"
Peso Pluma-VINO TINTO,14,,56,,"2,187,094","21,558,275"
Miley Cyrus-When I Look At You,30,,133,,"795,975","21,528,356"
Crowded House-Don't Dream It's Over,15,,102,,"1,619,549","21,445,784"
BLACKPINK-The Happiest Girl,13,,15,,"3,488,920","21,440,321"
Tate McRae-Purple lace bra,14,,64,,"2,073,845","21,426,374"
David Guetta-Better When You're Gone,30,,96,,"1,065,408","21,389,971"
Kendrick Lamar-DUCKWORTH.,23,,29,,"2,225,495","21,376,814"
Yeat-Monëy so big,28,,171,,"816,324","21,360,368"
Twenty One Pilots-My Blood,28,,57,,"1,409,335","21,352,618"
Marshmello-Bye Bye,15,,20,,"2,590,460","21,335,800"
The Weeknd-The Abyss,12,,50,,"2,288,212","21,335,518"
Taylor Swift-epiphany,15,,19,,"3,614,451","21,309,292"
Drake-Daylight,8,1,10,,"6,134,490","21,308,126"
Drake-Race My Mind,12,,18,,"5,327,058","21,307,080"
Miley Cyrus-Jaded,14,,36,,"2,359,191","21,306,437"
Capital Bra-Melodien,29,,69,,"1,213,050","21,305,503"
Feder-Goodbye,85,,100,,"316,800","21,285,041"
BLACKPINK-THE GIRLS - BLACKPINK THE GAME OST,15,,45,,"2,256,921","21,283,286"
Drake-Fountains,13,,22,,"4,893,580","21,240,887"
CKay-love nwantiti,22,,86,,"1,182,701","21,237,693"
MC Levin-Ela me Falou Que Quer Rave,23,,61,,"1,193,146","21,234,384"
Kendrick Lamar-Worldwide Steppers,9,1,6,,"6,912,283","21,216,657"
Fleur East-Sax,80,,128,,"373,530","21,204,555"
Mustard-Parking Lot,13,,52,,"2,229,877","21,187,000"
Troye Sivan-WILD,74,,71,,"462,894","21,163,626"
The Lantis-Bunga Maaf,17,,135,,"1,333,280","21,160,587"
PEDRO SAMPAIO-SENTADÃO,28,,109,,"958,010","21,102,492"
"Tyler, The Creator-SORRY NOT SORRY",16,,59,,"2,040,641","21,085,521"
Oscar Maydon-Mejores Jordans,16,,148,,"1,451,224","21,077,541"
Ed Sheeran-I'm a Mess,127,,130,,"201,980","21,074,609"
Taylor Swift-Dear John (Taylor's Version),8,1,7,,"6,934,440","21,068,216"
Judy Garland-Have Yourself A Merry Little Christmas,12,,69,,"2,219,935","21,050,802"
KASIMIR1441-Ohne Dich,23,,67,,"1,215,334","21,031,449"
Kanye West-Wouldn't Leave,14,1,7,,"3,285,095","21,028,429"
6ix9ine-WAKA,17,,12,,"2,709,519","21,020,571"
Kendrick Lamar-Savior,12,,17,,"4,576,962","20,998,320"
SZA-The Other Side (from Trolls World Tour),22,,46,,"1,714,059","20,982,707"
Lil Uzi Vert-That's A Rack,30,,120,,"941,656","20,982,159"
Kanye West-Heaven and Hell,12,,15,,"3,959,575","20,980,096"
Dj Caio Vieira-FAMOSINHA,17,,119,,"1,418,152","20,968,121"
Ak4:20-Me Arrepentí,22,,53,,"1,290,787","20,945,756"
Twenty One Pilots-Jumpsuit,24,,32,,"1,848,577","20,945,621"
Drake-Peak,15,,18,,"4,093,580","20,944,415"
W Sound-Soltera - W Sound 01,15,,135,,"1,625,097","20,940,080"
Lana Del Rey-Doin' Time,25,,55,,"1,359,222","20,938,432"
Montez-Auf & Ab,26,,127,,"931,195","20,934,156"
Kygo-Stranger Things,36,,128,,"684,167","20,916,826"
Lil Uzi Vert-Futsal Shuffle 2020 - Bonus Track,21,,54,,"1,473,228","20,900,548"
Bazzi-Focus,28,,86,,"1,062,852","20,884,227"
Ne-Yo-She Knows,87,,73,,"380,435","20,874,160"
Jennifer Lopez-Ni Tú Ni Yo,44,,117,,"634,447","20,871,885"
Tiësto-Lay Low,18,,165,,"1,277,350","20,859,202"
IU-eight(Prod.&Feat. SUGA of BTS),23,,30,,"1,858,886","20,839,933"
Post Malone-Mourning,13,,30,,"2,484,741","20,835,300"
Céline Dion-Happy Xmas (War Is Over),19,,97,,"2,184,207","20,827,111"
Fall Out Boy-Irresistible,69,,96,,"388,026","20,820,255"
Bad Bunny-MÁS DE UNA CITA,19,,18,,"2,639,076","20,804,462"
Morgan Wallen-One Thing At A Time,15,,41,,"2,214,902","20,769,410"
Lil Uzi Vert-Silly Watch,14,,15,,"3,461,779","20,764,196"
Mr. Probz-Nothing Really Matters - Afrojack Remix,45,,23,,"765,368","20,755,525"
Kanye West-No Child Left Behind,12,,18,,"3,881,452","20,754,175"
DaBaby-INTRO,22,,31,,"1,871,751","20,744,218"
Playboi Carti-BACKD00R,8,,13,,"5,523,965","20,728,831"
Dillon Francis-Coming Over,71,,77,,"433,203","20,724,167"
DJ Khaled-EVERY CHANCE I GET,25,,70,,"1,281,299","20,722,825"
CAZZETTE-Blind Heart,74,,56,,"431,411","20,716,288"
MAX-Love Me Less,29,,124,,"853,575","20,715,847"
thasup-blun7 a swishland,23,,56,,"1,313,036","20,697,646"
Yandel-CANCIÓN CON YANDEL,19,,19,,"2,561,376","20,686,748"
Melanie Martinez-VOID,14,,33,,"2,509,255","20,673,640"
Billie Eilish-Oxytocin,16,,21,,"2,672,258","20,669,108"
Monsieur Periné-Nuestra Canción,22,,76,,"1,154,077","20,665,986"
Eminem-Unaccommodating,14,,12,,"3,796,970","20,652,019"
Rich Music LTD-Quizás,21,,65,,"1,164,797","20,643,988"
Childish Gambino-Feels Like Summer,28,,88,,"935,279","20,642,639"
Paulo Londra-Solo Pienso En Ti,29,,108,,"972,523","20,617,670"
Justin Timberlake-Mirrors,111,,130,,"734,319","20,616,302"
Martin Jensen-All I Wanna Do,64,,138,,"385,704","20,590,456"
Drake-Ice Melts,23,,40,,"2,001,730","20,562,467"
Taylor Swift-Miss Americana & The Heartbreak Prince,15,,15,,"3,047,195","20,560,966"
Taylor Swift-How You Get The Girl (Taylor's Version),8,,17,,"6,514,144","20,502,655"
Thiaguinho MT-Tudo Ok,26,,96,,"1,084,284","20,490,685"
Residente-René,16,,39,,"2,069,057","20,475,885"
Grupo Menos É Mais-Lapada Dela - Ao Vivo,17,,102,,"1,412,948","20,456,104"
Adele-Make You Feel My Love,46,,67,,"1,337,545","20,448,867"
"Tyler, The Creator-I Killed You",8,,12,,"5,652,514","20,446,276"
Drake-9,43,,57,,"839,270","20,445,759"
KAROL G-Papasito,14,,51,,"1,973,235","20,444,346"
Jay Sean-Make My Love Go,56,,109,,"465,194","20,441,297"
Disturbed-The Sound Of Silence,68,,147,,"348,301","20,439,629"
Zedd-Beautiful Now,68,,74,,"422,772","20,425,148"
Luísa Sonza-Chico,13,,27,,"2,356,391","20,410,949"
Little Mix-Hair,63,,109,,"382,144","20,390,612"
Agust D-People Pt.2,13,,22,,"2,969,905","20,369,088"
Fetty Wap-Jimmy Choo,62,,109,,"396,713","20,352,938"
The Weeknd-Here We Go… Again,13,,14,,"3,797,653","20,349,067"
Felipe e Rodrigo-Gosta De Rua - Ao Vivo,14,,82,,"1,824,461","20,343,148"
BTS-IDOL,27,,38,,"1,573,462","20,342,559"
Eminem-Habits,8,,12,,"5,210,175","20,326,479"
Taylor Swift-I Know Places (Taylor's Version),8,,19,,"6,120,560","20,321,369"
Post Malone-Im Gonna Be,10,,18,,"3,325,675","20,316,233"
The Game-Eazy,14,,13,,"2,362,768","20,316,169"
The Weeknd-Wake Me Up,8,,12,,"4,691,437","20,304,616"
21 Savage-all of me,11,,12,,"3,757,410","20,302,632"
Ariana Grande-Bad To You,18,,29,,"1,895,344","20,299,137"
Taylor Swift-I Think He Knows,15,,13,,"3,074,896","20,293,823"
Mac Miller-Blue World,15,,26,,"2,945,764","20,288,775"
Jung Kook-Hate You,11,,16,,"3,457,155","20,255,908"
The Weeknd-Best Friends,13,,16,,"3,601,891","20,241,292"
Travis Scott-CIRCUS MAXIMUS,8,,16,,"5,645,295","20,203,660"
Drake-Treacherous Twins,9,,13,,"4,951,361","20,182,810"
System Of A Down-Chop Suey!,16,,174,,"1,379,524","20,148,223"
XXXTENTACION-Depression & Obsession,28,,34,,"1,942,770","20,119,642"
Pharrell Williams-Freedom,67,,68,,"444,366","20,118,460"
Miley Cyrus-End of the World,13,,33,,"2,589,116","20,117,281"
Vigiland-Pong Dance,58,,98,,"461,481","20,095,286"
Miley Cyrus-Wrecking Ball,113,,127,,"1,043,790","20,079,625"
XXXTENTACION-going down!,23,,48,,"1,455,959","20,058,315"
Drake-Skepta Interlude,19,,27,,"2,387,259","20,055,657"
JC NO BEAT-Maria Mariah,14,,54,,"1,832,415","20,053,870"
Kanye West-Everything We Need,12,,11,,"3,485,609","20,048,663"
GIVĒON-TWENTIES,14,,100,,"1,724,507","20,044,202"
MC Xenon-Sem Aliança no Dedo,17,,121,,"1,349,029","20,037,726"
21 Savage-all my friends,23,,38,,"1,795,646","20,014,082"
Kendrick Lamar-The Heart Part 5,9,1,4,,"5,012,575","20,012,726"
Metro Boomin-Umbrella,11,,31,,"2,690,393","20,012,374"
Jonas Blue-Polaroid,32,,133,,"879,565","20,012,101"
BTS-The Planet,12,,19,,"2,956,589","20,006,377"
Taylor Swift-happiness,11,1,9,,"4,448,147","19,997,982"
HUNTR/X-Takedown,10,,28,,"2,452,628","19,996,143"
The Lumineers-Ho Hey,123,,126,,"199,628","19,988,664"
Romeo Santos-Propuesta Indecente,124,,122,,"210,119","19,978,526"
BTS-Make It Right,18,,17,,"2,600,135","19,929,959"
Lil Nas X-SCOOP,15,,16,,"3,006,333","19,929,323"
Lauv-Modern Loneliness,24,,100,,"1,037,958","19,927,532"
N.E.R.D-Lemon,30,,54,,"1,239,390","19,921,492"
SZA-Ghost in the Machine,12,,28,,"3,048,464","19,919,537"
Taylor Swift-Run,13,,23,,"3,004,874","19,918,478"
Sabrina Carpenter-Lie To Girls,11,,34,,"2,901,107","19,910,119"
Shakira-Copa Vacía,14,,50,,"2,202,131","19,900,980"
Playboi Carti-TOXIC,8,,18,,"5,046,118","19,881,033"
"Train-Hey, Soul Sister",15,,155,,"1,430,194","19,880,668"
Summer Walker-Playing Games,24,,47,,"1,481,635","19,857,643"
Sam Smith-Lay Me Down,57,,23,,"738,308","19,834,465"
Beyoncé-16 CARRIAGES,11,,23,,"3,296,064","19,818,036"
Rihanna-Only Girl (In The World),14,,45,,"2,112,168","19,787,332"
Travis Scott-SKITZO,8,,18,,"5,220,077","19,785,588"
Pretenders-2000 Miles - 2007 Remaster,14,,65,,"2,193,681","19,776,716"
Zé Felipe-Vacilão,15,,63,,"1,890,084","19,774,379"
Jowell & Randy-Anaranjado,30,,168,,"725,418","19,772,258"
Twenty One Pilots-The Line (from the series Arcane League of Legends),11,,68,,"2,126,081","19,770,008"
Drake-Is There More,14,,16,,"4,310,793","19,767,044"
"Bizarrap-Eladio Carrion: Bzrp Music Sessions, Vol. 40",22,,91,,"1,221,804","19,765,540"
Taylor Swift-peace,14,,20,,"3,381,893","19,764,942"
Don Toliver-Private Landing,15,,70,,"1,632,927","19,753,160"
Raaban-Samsara,76,,83,,"364,184","19,751,606"
Kanye West-Wash Us In The Blood,17,,26,,"1,900,497","19,738,291"
Wiz Khalifa-Bake Sale,66,,86,,"458,581","19,731,094"
Bad Bunny-Chambea,32,,119,,"760,841","19,729,888"
Alessandra-Queen of Kings,12,,28,,"2,267,127","19,729,276"
KAROL G-Coleccionando Heridas,13,,59,,"1,861,198","19,720,510"
Jack Harlow-Churchill Downs,15,,40,,"2,536,155","19,718,510"
Angelina Mango-La noia,13,,65,,"1,930,245","19,705,150"
Travis Scott-The Plan,20,,46,,"1,599,720","19,699,886"
Redfoo-New Thang,66,,70,,"425,538","19,688,174"
Arcane-The Line (from the series Arcane League of Legends),13,,99,,"1,731,498","19,687,480"
Paul Rosenberg-Paul - Skit,17,,20,,"2,783,608","19,687,028"
Taylor Swift-Wonderland (Taylor's Version),8,,21,,"5,937,519","19,653,931"
Lil Wayne-Dedicate,14,1,5,,"4,257,774","19,646,409"
Zé Felipe-Facilita Aí,14,,58,,"1,879,039","19,639,777"
Calvin Harris-Pray to God,92,,115,,"265,494","19,607,363"
Drake-Fear Of Heights,7,1,7,,"6,339,027","19,561,691"
Labrinth-Jealous,68,,69,,"362,617","19,549,957"
Ariana Grande-Beauty and the Beast,34,,104,,"742,160","19,545,683"
Vishal-Shekhar-Jhoome Jo Pathaan,17,,97,,"1,250,228","19,531,809"
Cher-DJ Play A Christmas Song,8,,47,,"3,993,981","19,507,353"
Taylor Swift-Only The Young - Featured in Miss Americana,19,,61,,"1,301,789","19,504,121"
Manu-Daqui pra Sempre,15,,71,,"1,540,366","19,493,730"
Ice Spice-Think U The Shit (Fart),14,,92,,"1,607,470","19,490,641"
The Weeknd-Faith,14,,16,,"3,497,191","19,488,744"
The Weeknd-Reflections Laughing,9,,24,,"3,245,834","19,483,315"
Bing Crosby-Mele Kalikimaka - Single Version,13,,68,,"2,747,450","19,479,598"
Eminem-Somebody Save Me,11,,42,,"2,834,801","19,467,372"
The Weeknd-Snowchild,14,,11,,"3,857,698","19,447,327"
Offset-Legacy,20,,44,,"1,619,998","19,410,192"
SZA-SOS,11,,13,,"3,935,185","19,394,240"
Drake-Middle of the Ocean,9,,15,,"4,672,123","19,388,555"
Cardi B-Press,19,,19,,"2,222,591","19,383,056"
Young Thug-Sin,28,,90,,"914,285","19,380,661"
Adele-All Night Parking,12,,15,,"3,677,077","19,377,191"
Adele-Hold On,12,,17,,"3,603,376","19,373,667"
Nicki Minaj-Barbie Dreams,22,,27,,"1,772,927","19,372,581"
Lil Wayne-What About Me,14,,16,,"3,055,796","19,344,033"
mgk-forget me too,20,,38,,"1,800,530","19,290,352"
Chris Brown-Back To Sleep,73,,127,,"349,202","19,289,177"
"Tyler, The Creator-Balloon",9,,22,,"4,023,496","19,288,810"
Sleep Token-Emergence,12,,61,,"2,484,305","19,270,142"
Melanie Thornton-Wonderful Dream (Holidays Are Coming) - Radio Version,11,,70,,"3,070,332","19,260,667"
The Weeknd-Tell Your Friends,56,,45,,"689,338","19,255,789"
Sleepy Hallow-Deep End Freestyle,23,,67,,"1,137,498","19,249,385"
Frank Ocean-White Ferrari,15,,169,,"1,382,689","19,246,493"
Carly Rae Jepsen-Run Away With Me,73,,98,,"318,580","19,243,939"
Palisades-Happy,106,,101,,"337,928","19,240,588"
Metro Boomin-On Time,12,,44,,"2,327,025","19,236,586"
Nicki Minaj-Needle,12,,43,,"2,370,189","19,203,145"
Jorge & Mateus-Lance Individual,25,,103,,"965,588","19,192,658"
Ariana Grande-Let Me Love You,49,,75,,"615,137","19,172,140"
Kanye West-Ultralight Beam,37,,47,,"913,827","19,155,404"
Taylor Swift-Cornelia Street,15,,23,,"2,751,051","19,154,120"
Post Malone-I Know,16,,31,,"2,464,079","19,116,112"
Avril Lavigne-Head Above Water,28,,118,,"829,062","19,106,794"
Headie One-Ain't It Different,27,,115,,"947,103","19,099,154"
Kendrick Lamar-The Heart Part 4,22,,35,,"1,713,092","19,094,577"
Kep1er-WA DA DA,24,,146,,"842,079","19,091,955"
PARTYNEXTDOOR-CN TOWER,10,,14,,"4,583,567","19,075,344"
"Vishal-Shekhar-Besharam Rang (From ""Pathaan"")",18,,117,,"1,154,276","19,072,836"
Eminem-Fuel,9,,22,,"3,675,046","19,055,993"
Bad Bunny-NO ME QUIERO CASAR,10,,23,,"4,969,507","19,051,248"
Kanye West-God Breathed,9,1,7,,"5,301,650","19,029,291"
DJ Khaled-I DID IT,16,,36,,"1,873,164","19,011,336"
Paul Russell-Lil Boo Thang,16,,89,,"1,646,223","19,007,802"
Kesha-Holiday Road - Spotify Singles Holiday,8,,54,,"4,429,963","18,991,604"
James Arthur-Can I Be Him,37,,129,,"565,507","18,970,013"
Future-Mask Off - Remix,25,,61,,"1,162,824","18,963,403"
Summer Walker-Girls Need Love,24,,86,,"1,140,695","18,960,599"
Kendrick Lamar-Purple Hearts,9,,11,,"5,495,450","18,954,085"
Juice WRLD-Fighting Demons,14,,17,,"3,299,428","18,944,270"
The Weeknd-Acquainted,54,,50,,"643,024","18,923,538"
K/DA-POP/STARS,23,,79,,"1,102,240","18,919,213"
Bad Bunny-<3,16,,38,,"2,320,117","18,896,754"
j-hope-Arson,15,,15,,"2,805,439","18,891,092"
Taylor Swift-State Of Grace (Taylor's Version),12,,12,,"4,058,851","18,859,436"
Ozuna-Fantasía,25,,74,,"1,094,078","18,853,463"
Taylor Swift-London Boy,15,,25,,"2,708,555","18,851,220"
Léo Foguete-Cópia Proibida,13,,79,,"1,893,177","18,846,144"
Drake-Can't Have Everything,19,,31,,"2,255,125","18,845,199"
Los Dareyes De La Sierra-Frecuencia,11,,42,,"2,090,183","18,834,313"
Kanye West-Ok Ok,10,1,5,,"6,389,438","18,826,882"
BTS-Mikrokosmos,16,,14,,"2,695,389","18,801,822"
Katy Perry-Rise,46,,93,,"554,896","18,801,606"
Tate McRae-feel like shit,20,,93,,"1,424,863","18,800,348"
The Weeknd-Real Life,48,,33,,"805,579","18,793,392"
A$AP Rocky-Babushka Boi,20,,35,,"1,755,635","18,785,599"
J. Cole-l e t . g o . m y . h a n d,11,,12,,"4,560,847","18,783,551"
Vince Guaraldi Trio-Christmas Time Is Here - Vocal,18,,31,,"2,094,815","18,764,021"
Labrinth-When I R.I.P.,23,,135,,"862,257","18,726,515"
Måneskin-MAMMAMIA,16,,24,,"2,223,850","18,725,210"
Lady Gaga-I'll Never Love Again - Film Version,29,,128,,"808,165","18,720,638"
R3HAB-I Just Can't,37,,145,,"592,168","18,715,601"
Taylor Swift-You Are In Love (Taylor's Version),8,,25,,"5,546,132","18,710,210"
mgk-maybe,16,,31,,"1,805,075","18,689,268"
Vance Joy-Mess Is Mine,85,,82,,"318,472","18,687,626"
Kygo-Kids in Love,22,,44,,"1,520,759","18,685,244"
Maroon 5-Help Me Out,27,,73,,"1,005,643","18,671,459"
KAROL G-UNA NOCHE EN MEDELLÍN - REMIX,14,,49,,"2,124,329","18,651,957"
BTS-Dream Glow (BTS World Original Soundtrack) - Pt. 1,21,,23,,"2,016,564","18,648,089"
Daddy Yankee-Sígueme Y Te Sigo,88,,140,,"304,536","18,638,766"
Rockwell-Somebody's Watching Me - Single Version,12,,17,,"4,027,770","18,638,621"
Future-Comin Out Strong,28,,65,,"941,519","18,633,518"
Doechii-NISSAN ALTIMA,13,,121,,"1,624,204","18,632,942"
"Bizarrap-Snow Tha Product: Bzrp Music Sessions, Vol. 39",20,,82,,"1,137,168","18,621,118"
Becky Hill-Remember,24,,149,,"851,273","18,608,048"
Lana Del Rey-High By The Beach,62,,55,,"512,606","18,601,985"
Israel & Rodolffo-Faz Amor Comigo Só Hoje - Ao Vivo,21,,91,,"1,077,285","18,594,528"
Bad Bunny-LOS PITS,9,,18,,"5,211,846","18,555,124"
Selena Gomez-Me & The Rhythm,65,,56,,"576,041","18,553,077"
Camilo-Por Primera Vez,26,,97,,"986,012","18,550,098"
"Karan Aujla-Tauba Tauba (From ""Bad Newz"")",10,,50,,"2,187,519","18,544,833"
Mud-Lonely This Christmas,13,,95,,"2,060,029","18,541,143"
Juice WRLD-Up Up And Away,14,,24,,"2,900,842","18,538,676"
Olivia Rodrigo-teenage dream,10,,23,,"3,503,953","18,537,411"
Lorde-Homemade Dynamite - REMIX,27,,95,,"798,983","18,535,920"
The Rudeboyz-Dile la Verdad,27,,144,,"811,694","18,517,695"
Zara Larsson-Don't Worry Bout Me,25,,94,,"1,097,512","18,487,210"
Jason Derulo-Talk Dirty,109,,103,,"335,490","18,459,909"
Lewis Capaldi-Wish You The Best,15,,100,,"1,466,412","18,443,661"
Selena Gomez-My Mind & Me,14,,67,,"2,055,065","18,442,874"
JACKBOYS-GANG GANG,16,1,10,,"3,197,985","18,433,179"
BTS-Stay Gold,21,,25,,"2,028,372","18,431,613"
Tainy-PASIEMPRE,14,,71,,"1,975,310","18,375,223"
Drake-Texts Go Green,9,1,7,,"5,481,655","18,372,413"
Jung Kook-Please Don't Change,11,,23,,"3,024,882","18,369,721"
Juice WRLD-Man Of The Year,15,,31,,"2,587,103","18,328,631"
Ariana Grande-the light is coming,19,,38,,"1,823,147","18,326,707"
Lola Indigo-EL TONTO,15,,121,,"1,436,247","18,325,593"
The Weeknd-Escape From LA,13,,12,,"3,692,505","18,325,480"
Seeb-Drink About,29,,115,,"794,940","18,319,467"
ROSALÍA-BIZCOCHITO,21,,118,,"1,029,837","18,310,047"
dj sv-Mtg Forró e Desmantelo,13,,81,,"1,771,514","18,289,370"
Trippie Redd-1400 / 999 Freestyle,23,,62,,"1,270,457","18,277,639"
Eminem-Brand New Dance,8,,16,,"4,490,498","18,276,098"
Eminem-Nice Guy,17,,37,,"2,084,256","18,273,729"
GELO-Tweaker,14,,119,,"1,549,267","18,271,151"
BLACKPINK-DDU-DU DDU-DU,18,,37,,"1,317,999","18,267,012"
SZA-Special,11,,48,,"2,452,940","18,256,389"
Ball Brothers-Tweaker,10,,64,,"2,209,381","18,248,769"
Calvin Harris-Under Control,108,,87,,"282,715","18,247,333"
Gusttavo Lima-Termina Comigo Antes,21,,124,,"1,018,597","18,233,890"
Kanye West-Use This Gospel,12,,14,,"2,989,992","18,230,812"
Twenty One Pilots-Chlorine,25,,59,,"1,403,903","18,229,982"
Huncho Jack-Saint,29,,62,,"1,307,668","18,210,172"
Ed Sheeran-BLOW,19,,37,,"1,912,375","18,200,074"
Jason Derulo-Cheyenne,63,,83,,"363,925","18,185,525"
Ariana Grande-safety net,14,,14,,"3,432,394","18,185,389"
Fetty Wap-RGF Island,51,,55,,"607,442","18,162,549"
Anuel AA-Mejor Que Yo,11,,39,,"2,217,616","18,154,509"
KAROL G-Milagros,13,,100,,"1,662,401","18,146,750"
James Arthur-Falling like the Stars,25,,122,,"905,459","18,126,954"
"Osmani Garcia ""La Voz""-El Taxi",71,,82,,"355,699","18,126,585"
The Beatles-Now And Then,9,,15,,"3,551,063","18,123,873"
Fuego-Una Vaina Loca,21,,119,,"1,052,500","18,120,558"
Luísa Sonza-CACHORRINHAS,19,,81,,"1,275,418","18,103,938"
Adele-Woman Like Me,11,,16,,"3,648,539","18,092,376"
Ricky Martin-La Mordidita,80,,102,,"332,861","18,083,641"
A$AP Rocky-A$AP Forever,22,,53,,"1,352,628","18,083,336"
Juice WRLD-Let Me Know (I Wonder Why Freestyle),21,,89,,"1,211,009","18,079,190"
BLACKPINK-You Never Know,16,,25,,"2,847,863","18,075,363"
Olivia Rodrigo-so american,11,,36,,"2,677,213","18,066,072"
Chris Brown-Pills & Automobiles,36,,146,,"596,466","18,059,679"
Taylor Swift-22 (Taylor's Version),11,,13,,"3,911,785","18,029,672"
Juju-Kein Wort,18,,72,,"1,515,894","18,024,467"
Little Mix-Sweet Melody,22,,104,,"1,016,495","18,024,009"
BLACKPINK-Yeah Yeah Yeah,11,,14,,"3,557,573","18,023,622"
Luan Santana-ABALO EMOCIONAL - Ao Vivo,21,,99,,"1,094,101","18,014,821"
Christian Nodal-Se Me Olvidó,20,,66,,"1,566,311","18,014,181"
Marshmello-Spotlight,27,,74,,"1,090,807","17,986,820"
Sam Smith-Burning,26,,51,,"1,210,981","17,983,338"
Ozuna-La Modelo,33,,154,,"662,630","17,978,954"
Young Miko-Lisa,15,,77,,"1,574,301","17,969,434"
Taylor Swift-The Manuscript,8,,41,,"4,144,642","17,968,746"
Travis Scott-5% TINT,14,,13,,"3,483,660","17,957,104"
Lil Uzi Vert-Flooded The Face,10,1,4,,"4,361,148","17,944,167"
Fedez-BATTITO,11,,73,,"2,026,474","17,939,752"
Kanye West-I Thought About Killing You,13,1,9,,"3,246,306","17,928,724"
Drake-Glow,17,,26,,"2,388,535","17,928,157"
The Weeknd-All I Know,24,,35,,"1,236,872","17,922,365"
Taylor Swift-hoax,14,,23,,"3,061,511","17,899,475"
Trueno-FEEL ME??,22,,148,,"928,072","17,875,589"
Drake-Amen,7,1,8,,"6,213,617","17,856,788"
The Kid LAROI-ALWAYS DO,23,,125,,"922,125","17,852,103"
Kanye West-Junya,10,,16,,"3,816,794","17,845,221"
Billie Eilish-Getting Older,14,,15,,"2,911,930","17,827,966"
Udo Lindenberg-Komet,16,,110,,"1,358,154","17,811,373"
21 Savage-Immortal,21,,49,,"1,321,449","17,805,139"
TOMORROW X TOGETHER-Sugar Rush Ride,13,,38,,"2,216,222","17,804,350"
KAROL G-Punto G,26,,119,,"857,360","17,793,447"
Annalisa-Sinceramente,11,,73,,"1,831,115","17,784,333"
Ariana Grande-Hampstead,10,,33,,"2,904,345","17,782,067"
ROSALÍA-CANDY,15,,35,,"1,791,100","17,778,433"
J. Cole-BRACKETS,13,,18,,"3,663,309","17,773,711"
J. Cole-a p p l y i n g . p r e s s u r e,9,1,8,,"5,289,824","17,754,744"
Camilo-KESI - Remix,21,,88,,"1,280,173","17,752,815"
Ariana Grande-test drive,14,,17,,"2,362,819","17,750,658"
Joyner Lucas-Ramen & OJ,23,,127,,"937,059","17,750,627"
Red Velvet-Feel My Rhythm,19,,56,,"1,254,860","17,743,072"
Taylor Swift-The Story Of Us (Taylor's Version),7,1,9,,"6,000,102","17,734,508"
Fetty Wap-Wake Up,55,,136,,"388,371","17,723,273"
Nicki Minaj-Red Ruby Da Sleeze,14,,89,,"1,621,378","17,722,969"
Plan B-Fanática Sensual,84,,153,,"247,263","17,722,830"
Ezhel-Nerdesin,20,,131,,"952,238","17,715,682"
Justin Bieber-Get Used To It,42,,51,,"927,334","17,697,809"
Sarah Cothran-As the World Caves In,24,,151,,"770,162","17,682,130"
Kendrick Lamar-Black Panther,19,,15,,"2,305,438","17,676,999"
Olly Murs-Up,90,,108,,"263,328","17,671,922"
Travis Scott-MAFIA,11,,11,,"3,697,325","17,668,670"
Don Toliver-Had Enough,16,,14,,"3,031,179","17,662,473"
Sam Hunt-House Party,62,,87,,"341,614","17,659,569"
Kanye West-Remote Control,10,,22,,"3,701,865","17,652,400"
Beyoncé-LEVII'S JEANS,9,,22,,"3,375,681","17,651,494"
Mariah Carey-Oh Santa!,11,,65,,"2,398,025","17,629,522"
Nicki Minaj-No Frauds,25,,57,,"1,256,066","17,627,854"
J. Cole-The Cut Off,12,,11,,"4,096,113","17,625,597"
Lil Tecca-REPEAT IT,21,,110,,"1,001,302","17,614,408"
Kanye West-FUK SUMN,5,3,3,(x1),"4,569,802","17,610,693"
Drake-Jumbotron Shit Poppin,9,,22,,"3,952,012","17,604,473"
Galantis-Bones,22,,95,,"1,004,384","17,583,158"
Anita Kerr Singers-Jingle Bell Rock,23,,59,,"1,063,568","17,579,388"
Ariana Grande-shut up,13,1,7,,"4,253,903","17,572,218"
Drake-8am in Charlotte,8,,24,,"3,786,515","17,558,641"
DJ Khaled-I Got the Keys,51,,121,,"423,143","17,554,842"
Taylor Swift-Call It What You Want,22,,37,,"1,577,884","17,542,601"
Matthew Wilder-Break My Stride,21,,104,,"1,005,122","17,533,694"
Oasis-Don't Look Back in Anger - Remastered,11,,42,,"2,470,140","17,503,491"
BLACKPINK-Tally,11,,17,,"3,126,725","17,494,852"
Playboi Carti-K POP,7,,11,,"6,216,354","17,489,185"
Emilia-Como Si No Importara,22,,137,,"898,886","17,475,438"
Drake-Nothings Into Somethings,17,,28,,"2,263,303","17,468,632"
Kanye West-24,10,,20,,"3,715,425","17,462,589"
XXXTENTACION-infinity (888),20,,47,,"1,575,635","17,446,707"
Capital Bra-Benzema,23,,106,,"1,125,456","17,443,535"
UMI-wherever u r,12,,46,,"2,035,889","17,439,233"
The Weeknd-A Lonely Night,21,,31,,"1,331,334","17,437,491"
Jorge & Mateus-Paradigmas,21,,109,,"992,477","17,424,563"
Taylor Swift-Mean (Taylor's Version),7,1,10,,"5,990,735","17,415,414"
Alesso-Heroes (we could be),30,,43,,"659,895","17,405,115"
Taylor Swift-ivy,10,,15,,"3,768,222","17,387,924"
RM-Come back to me,9,,23,,"3,335,141","17,384,963"
The Cranberries-Linger,15,,48,,"1,364,338","17,380,550"
Justin Timberlake-Selfish,13,,92,,"1,625,103","17,374,033"
ScHoolboy Q-CHopstix,20,,66,,"1,287,930","17,365,424"
Billie Eilish-Billie Bossa Nova,14,,24,,"2,572,488","17,352,203"
Joker Bra-Baby,19,,73,,"1,201,937","17,349,845"
Post Malone-Internet,14,,26,,"2,651,039","17,341,701"
Drake-Yebba’s Heartbreak,9,,16,,"5,360,212","17,335,719"
Twenty One Pilots-Nico And The Niners,21,,49,,"1,460,409","17,325,345"
BTS-Filter,15,,33,,"2,217,097","17,319,487"
Ariana Grande-Saturn Returns Interlude,8,,23,,"3,632,443","17,308,222"
Thomas Rhett-Die A Happy Man,60,,86,,"381,379","17,288,922"
Meek Mill-Sharing Locations,20,,79,,"1,212,277","17,270,017"
J. Cole-Change,19,,18,,"2,014,369","17,259,363"
Selena Gomez-How Does It Feel To Be Forgotten,13,,103,,"1,535,120","17,238,565"
Lil Wayne-Can't Be Broken,13,1,10,,"3,577,146","17,208,121"
Kanye West-Pure Souls,11,,24,,"3,336,394","17,206,401"
Kygo-I'll Wait,22,,50,,"1,353,320","17,201,594"
Vince Guaraldi Trio-O Tannenbaum,10,,64,,"2,214,476","17,194,513"
Mora-DROGA,12,,68,,"1,777,028","17,194,179"
Calvin Harris-I Need Your Love,107,,123,,"283,367","17,180,152"
Calum Scott-You Are The Reason,28,,136,,"696,761","17,138,730"
Kanye West-No Mistakes,13,,15,,"2,907,848","17,137,287"
Marília Mendonça-Todo Mundo Vai Sofrer - Ao Vivo,26,,140,,"780,435","17,128,250"
DJ Khaled-Top Off,21,,53,,"1,334,001","17,117,917"
Mariah Carey-O Holy Night,12,,116,,"2,100,650","17,116,540"
sombr-we never dated,12,,64,,"1,758,816","17,090,452"
Ariana Grande-intro (end of the world) - extended,10,,27,,"3,031,819","17,088,306"
KITSCHKRIEG-Unterwegs,25,,163,,"771,817","17,082,088"
Frank Sinatra-Santa Claus Is Comin' to Town,14,,88,,"2,671,162","17,078,271"
KHEA-Loca Remix,29,,125,,"727,601","17,070,168"
Pop Smoke-Make It Rain,18,,40,,"1,831,675","17,057,342"
Logic-Contra,18,,25,,"1,940,729","17,050,512"
LE SSERAFIM-HOT,12,,96,,"1,640,448","17,025,666"
Shawn Mendes-Where Were You In The Morning?,22,,41,,"1,548,413","17,014,105"
Drake-7969 Santa,7,,13,,"5,084,508","16,984,145"
Soso Maness-Petrouchka,19,,97,,"1,159,668","16,974,759"
Kendrick Lamar-gnx,7,,22,,"4,200,192","16,973,060"
¥$-BACK TO ME,10,,25,,"2,598,798","16,965,857"
Juice WRLD-Empty,17,,33,,"1,925,055","16,961,188"
The Script-Rain,34,,145,,"617,114","16,959,659"
J. Cole-1 0 0 . m i l ‘,9,1,9,,"4,897,549","16,958,251"
Oscar Maydon-Asquerosamente Rico,13,,107,,"1,464,015","16,942,152"
Camila Cabello-Consequences - orchestra,25,,123,,"801,018","16,937,156"
Ed Sheeran-One,108,,138,,"182,203","16,919,128"
Luude-Down Under,18,,66,,"1,242,758","16,918,101"
Drake-Ratchet Happy Birthday,14,,31,,"3,186,079","16,905,037"
"Tyler, The Creator-Tomorrow",7,,18,,"4,691,166","16,899,211"
Juice WRLD-Can't Die,14,,28,,"2,722,311","16,898,978"
PinkPantheress-Just for me,21,,121,,"875,609","16,897,571"
Timmy Trumpet-Freaks,81,,108,,"267,126","16,893,569"
Noah Kahan-Dial Drunk,11,,49,,"2,028,005","16,887,713"
Taylor Swift-Castles Crumbling,7,,16,,"5,235,377","16,886,371"
Bing Crosby-It's Beginning To Look A Lot Like Christmas,10,,86,,"2,159,710","16,882,735"
Future-I'M ON ONE,14,,26,,"2,294,934","16,860,798"
Bryson Tiller-Whatever She Wants [BONUS],10,,56,,"2,155,876","16,835,248"
Niack-Na Raba Toma Tapão,24,,108,,"835,159","16,834,925"
AYLIVA-Sie weiß,15,,125,,"1,289,099","16,817,891"
JACKBOYS-WHAT TO DO?,15,,16,,"2,871,333","16,812,183"
Bad Bunny-VOU 787,7,,12,,"6,404,452","16,811,328"
Nicki Minaj-Do We Have A Problem?,14,,26,,"2,044,646","16,787,475"
Marília Mendonça-Ciumeira - Ao Vivo,27,,126,,"756,317","16,771,921"
The Weeknd-Attention,23,,41,,"1,153,683","16,767,481"
Doja Cat-I Don't Do Drugs,15,,39,,"2,278,257","16,756,510"
"Tyler, The Creator-JUGGERNAUT",13,,21,,"3,166,477","16,755,512"
Morgan Wallen-Thinkin’ Bout Me,12,,75,,"1,691,458","16,751,147"
Justin Bieber-2 Much,13,,13,,"2,977,910","16,734,880"
Grupo Menos É Mais-P do Pecado - Ao Vivo,13,,106,,"1,526,126","16,728,701"
Drake-Lose You,16,,30,,"2,269,321","16,728,636"
Fifth Harmony-That's My Girl,47,,129,,"453,150","16,715,811"
Bag Raiders-Shooting Stars,30,,122,,"654,889","16,714,073"
NAV-Tap,26,,158,,"808,713","16,685,705"
Juice WRLD-Screw Juice,13,,19,,"3,043,174","16,659,244"
DDG-Moonwalking in Calabasas,23,,154,,"826,645","16,642,221"
Justin Bieber-We Are,38,,52,,"920,969","16,628,011"
Ice Spice-In Ha Mood,15,,168,,"1,204,793","16,622,296"
Playboi Carti-HBA,8,,37,,"3,570,834","16,596,599"
Bernadya-Kata Mereka Ini Berlebihan,13,,150,,"1,394,086","16,553,275"
Luis Fonsi-Date La Vuelta,26,,170,,"723,105","16,540,923"
Playboi Carti-FINE SHIT,7,,17,,"5,218,029","16,537,197"
Juice WRLD-Burn,12,,17,,"2,974,815","16,535,967"
Lil Durk-Broadway Girls,17,,81,,"1,358,393","16,511,948"
Clean Bandit-Real Love,81,,111,,"263,652","16,511,743"
Travis Scott-NC-17,14,,18,,"3,296,194","16,503,109"
Taylor Swift-Death By A Thousand Cuts,14,,26,,"2,466,498","16,488,150"
Justin Bieber-Deserve You,13,,17,,"2,775,741","16,486,296"
Ed Sheeran-2step,15,,37,,"1,875,659","16,483,606"
Taylor Swift-Electric Touch,7,,12,,"5,543,165","16,474,250"
BTS-HOME,14,,19,,"2,462,001","16,442,038"
Cardi B-Hot Shit,14,,27,,"2,070,023","16,401,755"
DMX-X Gon' Give It To Ya,34,,22,,"2,284,731","16,398,573"
MERO-Olabilir,18,,57,,"1,276,674","16,386,031"
John Legend-All of Me (Tiësto's Birthday Treatment Remix),97,,99,,"291,443","16,381,928"
Maluma-ADMV,23,,140,,"798,457","16,369,845"
Drake-You Only Live Twice,8,,20,,"5,127,829","16,369,783"
Eminem-Leaving Heaven,13,,30,,"2,702,427","16,368,582"
Drake-More M’s,8,,21,,"4,071,597","16,360,733"
Nat King Cole-The Christmas Song (Merry Christmas To You) - Remastered 1999,33,,21,,"1,632,080","16,358,818"
Ariana Grande-nasty,13,,16,,"3,400,086","16,351,744"
The Chainsmokers-Do You Mean,22,,90,,"1,057,743","16,337,902"
Pharrell Williams-Just A Cloud Away,17,,58,,"1,211,930","16,333,696"
Rihanna-Stay,13,,39,,"2,166,368","16,330,312"
Ariana Grande-past life,9,,29,,"2,997,013","16,323,358"
Kanye West-BURN,5,2,8,,"4,043,563","16,322,735"
Bryan Adams-Christmas Time,10,,83,,"2,511,866","16,318,490"
Rod Wave-Rags2Riches 2,22,,110,,"927,194","16,309,322"
Boza-Orion,13,,170,,"1,283,828","16,291,101"
Taylor Swift-When Emma Falls in Love (Taylor’s Version) (From The Vault),7,,14,,"5,306,762","16,282,905"
Charli xcx-Sympathy is a knife featuring ariana grande,8,,12,,"3,801,417","16,277,074"
Myke Towers-SOLEAO,13,,123,,"1,405,805","16,243,245"
Milky Chance-Cocoon,39,,156,,"466,488","16,240,280"
Kanye West-BACK TO ME,5,2,6,,"4,383,523","16,238,749"
Jhené Aiko-B.S.,21,,103,,"1,250,290","16,233,495"
Little Mix-Love Me Like You,59,,88,,"378,878","16,190,287"
Adele-Love Is A Game,11,,21,,"3,092,133","16,185,630"
Frank Sinatra-Let It Snow! Let It Snow! Let It Snow!,9,,59,,"2,221,140","16,168,957"
Juice WRLD-I Want It,13,,18,,"3,124,838","16,164,719"
Ariana Grande-ordinary things,8,,35,,"2,943,451","16,142,589"
KAROL G-Follow,23,,92,,"931,920","16,140,295"
Paulo Londra-A Veces,15,,85,,"1,732,511","16,127,042"
Post Malone-Jonestown (Interlude),14,,30,,"2,495,185","16,102,736"
MC G15-Deu Onda,29,,64,,"816,736","16,096,479"
Drake-Calling My Name,9,,14,,"4,306,267","16,070,450"
MC Kevin o Chris-Ela É do Tipo,24,,134,,"823,396","16,061,241"
Fedez-MILLE,20,,117,,"951,771","16,051,582"
Nicki Minaj-MEGATRON,20,,55,,"1,485,677","16,044,099"
Julia Michaels-Jump,26,,129,,"833,240","16,040,069"
Perry Como-(There's No Place Like) Home for the Holidays - 1959 Version,8,,91,,"2,389,001","16,033,219"
"Los Ángeles Azules-Perdonarte, ¿Para Qué?",12,,133,,"1,484,694","16,024,779"
Nakama-DIA DELÍCIA,13,,114,,"1,447,817","16,018,610"
XXXTENTACION-I don’t even speak spanish lol,18,,60,,"1,327,032","16,016,955"
Måneskin-CORALINE,20,,112,,"938,638","16,014,819"
Metro Boomin-Hummingbird (Metro Boomin & James Blake),13,,115,,"1,369,774","16,004,779"
Idina Menzel-Let It Go,93,,105,,"267,126","15,989,884"
Capital Bra-Prinzessa,20,,84,,"1,088,856","15,959,029"
Sofia Karlberg-Crazy in Love,58,,62,,"395,910","15,957,479"
Daniel Caesar-Get You,13,,170,,"1,365,804","15,939,185"
THE BOX-THE BOX MEDLEY FUNK 2,12,,159,,"1,447,349","15,908,651"
Billie Eilish-goodbye,15,,37,,"2,013,396","15,893,634"
Kawe-Mds,21,,148,,"853,667","15,880,105"
Lil Baby-Heatin Up,14,,35,,"2,073,839","15,874,059"
NAV-Price On My Head,20,,54,,"1,388,681","15,871,445"
Ghost Town DJs-My Boo - Hitman's Club Mix,44,,99,,"437,850","15,871,145"
Quavo-PASS OUT,14,,17,,"2,342,525","15,868,009"
RAF Camora-Blaues Licht,18,,83,,"1,150,933","15,849,970"
Drake-U With Me?,35,,63,,"752,902","15,849,372"
The Weeknd-I Heard You’re Married,9,,17,,"3,267,179","15,848,971"
Camila Cabello-I LUV IT,10,,69,,"2,075,412","15,815,952"
YBN Nahmir-Rubbin Off The Paint,30,,155,,"623,209","15,789,325"
Drake-A Keeper,8,,12,,"4,570,242","15,784,582"
Travis Scott-WHO? WHAT!,14,,24,,"2,983,191","15,777,082"
Dr. Dre-The Next Episode,14,,38,,"1,643,603","15,773,986"
Kaique e Felipe-Saveiro,11,,83,,"1,763,358","15,773,357"
Playboi Carti-POP OUT,5,1,5,,"7,232,787","15,749,863"
Marshmello-Project Dreams,24,,136,,"737,197","15,741,993"
Young Thug-Bubbly,14,,28,,"2,051,674","15,739,596"
Gambi-Popopop,21,,87,,"937,979","15,719,311"
Rihanna-Desperado,46,,72,,"502,472","15,680,716"
The Chainsmokers-Beach House,18,,50,,"1,340,351","15,680,074"
Chris Brown-Party,39,,178,,"439,438","15,673,063"
One Direction-Love You Goodbye,29,,29,,"1,194,916","15,672,492"
Pop Smoke-Gangstas,16,,26,,"2,159,149","15,634,634"
Ariana Grande-R.E.M,16,,25,,"2,347,744","15,628,733"
Chris Brown-New Flame,92,,91,,"251,044","15,584,503"
Taylor Swift-Robin,7,,42,,"3,849,453","15,584,154"
Destiny's Child-8 Days of Christmas - Live,16,,78,,"1,912,810","15,576,837"
Morgan Wallen-Superman,10,,34,,"2,414,547","15,563,469"
Gryffin-Whole Heart,44,,133,,"427,672","15,552,859"
Lady Gaga-Vanish Into You,8,,23,,"3,389,629","15,551,418"
Kanye West-STARS,5,1,4,,"4,498,075","15,532,001"
Fred again..-Victory Lap,12,,82,,"1,671,528","15,518,861"
Nardo Wick-Who Want Smoke??,20,,135,,"866,930","15,509,250"
El Alfa-PLEBADA,13,,124,,"1,309,220","15,490,666"
Lady Gaga-How Bad Do U Want Me,9,,46,,"2,445,980","15,489,201"
Taylor Swift-coney island,8,,11,,"3,934,030","15,465,547"
UZI-ARASAN DA,15,,54,,"1,417,131","15,451,786"
Lil Uzi Vert-That Way,7,,20,,"2,689,390","15,443,448"
Taylor Swift-dorothea,8,,12,,"3,922,698","15,443,213"
Rudimental-Let Me Live,26,,137,,"687,047","15,439,717"
Lil Baby-Emotionally Scarred,22,,113,,"977,439","15,435,660"
Bad Bunny-ACHO PR,7,,21,,"5,100,358","15,428,944"
Travis Scott-LOST FOREVER,7,,22,,"4,720,579","15,411,422"
Kanye West-TALKING,5,1,10,,"3,943,064","15,400,175"
Travis Scott-LOOOVE,7,,27,,"4,398,295","15,380,647"
Hippie Sabotage-Devil Eyes,21,,168,,"799,113","15,369,556"
Bad Bunny-LA DROGA,10,,15,,"3,844,399","15,366,166"
Ozuna-Hasta Que Salga el Sol,22,,121,,"847,562","15,356,877"
One Direction-What a Feeling,30,,28,,"1,213,369","15,354,666"
Dj Kass-Scooby Doo Pa Pa,21,,88,,"861,770","15,320,735"
5 Seconds of Summer-No Shame,16,,55,,"1,452,670","15,320,267"
JHAYCO-Mami Chula,13,,111,,"1,477,560","15,310,643"
Zé Neto & Cristiano-Barulho Do Foguete - Ao Vivo,12,,82,,"1,544,992","15,306,833"
Vince Staples-Opps,20,,58,,"1,384,966","15,302,856"
DJ Snake-Selfish Love,14,,36,,"1,857,537","15,286,326"
AFROJACK-SummerThing!,60,,102,,"332,454","15,273,521"
Playboi Carti-RADAR,6,,12,,"5,531,741","15,271,037"
Taylor Swift-Foolish One (Taylor’s Version) (From The Vault),7,,21,,"4,387,858","15,253,048"
BLOK3-Keşke,11,,58,,"2,200,359","15,251,771"
KAJ-Bara Bada Bastu,10,,46,,"1,978,078","15,236,790"
Lil Nas X-Old Town Road - Remix,14,,53,,"1,461,337","15,230,971"
aespa-Savage,17,,75,,"1,144,106","15,229,644"
The Weeknd-Dawn FM,8,1,5,,"4,639,944","15,213,539"
KALEO-Way Down We Go,26,,160,,"1,327,138","15,204,465"
Lil Uzi Vert-Homecoming,11,,27,,"2,669,094","15,202,033"
Nicki Minaj-Barbie Tingz,15,,23,,"2,055,705","15,190,996"
Taylor Swift-Message In A Bottle (Taylor's Version) (From The Vault),11,,35,,"2,561,047","15,184,822"
Mike Perry-Inside the Lines,42,,122,,"470,812","15,181,532"
Nicki Minaj-Seeing Green,14,,36,,"2,346,836","15,165,983"
Macklemore & Ryan Lewis-Thrift Shop,99,,128,,"234,755","15,160,609"
Yeat-Talk,15,,82,,"1,322,166","15,156,329"
Yandel-Hablame Claro,10,,81,,"1,823,895","15,150,852"
KSI-Thick Of It,11,,110,,"1,507,708","15,136,802"
BTS-Dionysus,14,,22,,"2,281,412","15,134,946"
DJ Jeeh FDC-Puta Mexicana,14,,117,,"1,310,245","15,124,465"
Os Barões Da Pisadinha-Basta Você Me Ligar,19,,50,,"1,281,798","15,122,114"
David Guetta-What I Did for Love,69,,108,,"270,693","15,115,076"
Taylor Swift-We Are Never Ever Getting Back Together (Taylor's Version),9,,15,,"3,592,681","15,102,171"
Gabriel Diniz-Jenifer,20,,60,,"1,175,834","15,102,071"
Disney Characters-This Is Halloween,9,,12,,"3,878,907","15,094,113"
TWENTY SIX-Buscando Money,12,,138,,"1,396,735","15,087,767"
The Ronettes-Frosty the Snowman,10,,105,,"1,895,689","15,079,886"
"TWICE-TAKEDOWN (JEONGYEON, JIHYO, CHAEYOUNG)",10,,70,,"1,676,134","15,076,114"
Junior H-A Tu Manera,12,,146,,"1,337,360","15,075,901"
Paulo Londra-Forever Alone,21,,138,,"809,782","15,075,580"
Marshmello-Alone,19,,73,,"1,001,844","15,069,185"
Rihanna-Consideration,46,,78,,"479,141","15,055,071"
OMI-Cheerleader - Felix Jaehn vs Salaam Remi Remix,17,,22,,"1,071,537","15,048,943"
Playboi Carti-WAKE UP F1LTHY,7,,25,,"4,216,957","15,021,230"
Peso Pluma-VVS,10,,39,,"2,228,719","14,996,059"
Hozier-Almost (Sweet Music),20,,122,,"873,120","14,994,906"
Drake-Fire & Desire,38,,76,,"623,135","14,977,400"
Selena Gomez-De Una Vez,16,,27,,"1,987,392","14,954,753"
Jason Derulo-Lifestyle,19,,66,,"1,265,358","14,931,734"
benny blanco-Graduation,18,,58,,"1,322,748","14,924,743"
Mr.Rain-SUPEREROI,11,,75,,"1,652,861","14,920,061"
James Arthur-Empty Space,22,,134,,"758,093","14,917,659"
Fall Out Boy-The Last Of The Real Ones,28,,121,,"672,849","14,916,817"
21 Savage-Glock In My Lap,13,,24,,"2,879,811","14,911,096"
J. Cole-p u n c h i n ‘ . t h e . c l o c k,8,1,10,,"4,796,965","14,898,600"
Céline Dion-O Holy Night,7,,53,,"4,553,353","14,897,135"
The Chainsmokers-High,15,,44,,"1,579,240","14,895,311"
Miguel-Sure Thing - Sped Up,14,,178,,"1,138,594","14,888,182"
Drake-Final Fantasy,14,,41,,"2,627,383","14,875,534"
Peso Pluma-RUBICON,13,,113,,"1,495,477","14,866,355"
Eminem-Love The Way You Lie,12,,110,,"1,342,079","14,845,451"
Bizarrap-Toy en el Mic,11,,81,,"1,702,893","14,845,216"
Lil Baby-Pure Cocaine,22,,89,,"1,126,817","14,839,236"
Wiz Khalifa-Fr Fr,23,,122,,"788,913","14,836,880"
Taylor Swift-evermore,8,,16,,"3,741,047","14,830,858"
Eminem-Evil,7,,18,,"4,047,693","14,804,135"
Alesso-When I’m Gone,18,,98,,"1,005,426","14,800,611"
Lil Uzi Vert-I'm Sorry,11,,25,,"2,717,668","14,787,773"
Nickelback-How You Remind Me,11,,141,,"1,526,425","14,787,150"
Kane Brown-What Ifs,28,,125,,"623,231","14,779,959"
Drake-Get Along Better,8,,25,,"4,533,185","14,770,270"
"Tyler, The Creator-RUNNING OUT OF TIME",13,,17,,"2,666,984","14,766,793"
Stephanie Beatriz-Waiting On A Miracle,18,,134,,"857,633","14,765,101"
Smokepurpp-Nephew,26,,167,,"620,928","14,748,722"
MERO-Hobby Hobby,16,,35,,"1,712,691","14,731,761"
Internet Money-Somebody,22,,150,,"731,293","14,729,102"
"Nicki Nicole-Nicki Nicole: Bzrp Music Sessions, Vol. 13",19,,90,,"939,192","14,717,721"
Travis Scott-SKELETONS,12,,14,,"3,439,494","14,708,499"
Eno-Ferrari,16,,52,,"1,625,845","14,700,023"
J. Cole-Window Pain - Outro,12,,24,,"2,967,493","14,694,319"
J. Cole-7 Minute Drill,7,,11,,"4,191,887","14,687,368"
Travis Scott-ASTROTHUNDER,13,,22,,"3,058,120","14,685,636"
Cliff Richard-Mistletoe and Wine,9,,96,,"2,003,061","14,680,300"
Lil Pump-Drug Addicts,21,,94,,"884,034","14,679,716"
Taylor Swift-Long Live (Taylor's Version),7,,20,,"4,481,928","14,674,875"
The Weeknd-Nothing Without You,20,,39,,"1,169,545","14,658,326"
Rels B-La Vida Sin Ti,9,,84,,"1,893,821","14,630,431"
Taylor Swift-long story short,8,,18,,"3,498,069","14,630,412"
Quevedo-Sin Señal,16,,160,,"1,165,054","14,620,897"
cakal-İmdat,16,,80,,"1,029,960","14,609,136"
Billie Eilish-The 30th,13,,44,,"1,735,235","14,600,856"
Linkin Park-Over Each Other,8,,28,,"2,920,685","14,590,641"
Fetty Wap-679,55,,96,,"383,754","14,546,434"
Cali Y El Dandee-Nada,20,,151,,"805,197","14,538,112"
Travis Scott-HOUSTONFORNICATION,14,,31,,"2,643,241","14,535,299"
C. Tangana-No Te Debí Besar,21,,136,,"780,150","14,533,168"
Dua Lipa-These Walls,8,,40,,"2,772,615","14,530,352"
Queen-We Are The Champions - Remastered 2011,23,,148,,"684,869","14,523,707"
Future-Ice Attack,7,,16,,"4,112,265","14,523,053"
G-Eazy-Lady Killers II (Christoph Andersson Remix),10,,86,,"1,644,938","14,520,739"
HUMBE-KINTSUGI,10,,79,,"1,844,827","14,519,930"
Maluma-Cosas Pendientes,10,,121,,"1,624,026","14,503,298"
Alessia Cara-Make It To Christmas,9,,96,,"2,054,339","14,498,175"
Big One-Cuando Te Vi | CROSSOVER #5,11,,154,,"1,459,998","14,497,220"
Roddy Ricch-Tip Toe,19,,119,,"919,377","14,471,854"
The Weeknd-Starry Eyes,9,,18,,"3,240,654","14,469,313"
Beyoncé-I'M THAT GIRL,9,1,10,,"3,882,604","14,464,960"
Tungevaag-Samsara 2015,73,,95,,"351,958","14,459,802"
El Padrinito Toys-Tal Vez Fui Yo,11,,154,,"1,381,429","14,457,285"
Bonez MC-Kokain,20,,76,,"1,102,947","14,445,021"
The Weeknd-Love To Lay,19,,42,,"1,151,687","14,425,806"
Teto-Fim de Semana no Rio,17,,115,,"958,885","14,415,920"
Drake-Bahamas Promises,7,,21,,"4,112,930","14,415,358"
Rich Gang-Lifestyle,80,,100,,"223,612","14,399,420"
Quevedo-AHORA QUÉ,11,,64,,"1,913,054","14,390,771"
Marlon Roudette-When The Beat Drops Out,56,,63,,"455,937","14,368,165"
Eminem-Em Calls Paul - Skit,12,,29,,"2,391,074","14,360,174"
Romeo Santos-Imitadora,30,,148,,"545,677","14,359,747"
Alesso-Is That For Me,27,,80,,"909,541","14,359,268"
Daddy Yankee-Con Calma - Remix,22,,134,,"772,155","14,358,101"
Lil Uzi Vert-Prices,11,,37,,"2,295,579","14,313,396"
Blood Orange-Champagne Coast,12,,163,,"1,246,871","14,311,356"
Alesso-Cool,64,,103,,"313,163","14,308,560"
Maite Perroni-Loca,32,,171,,"486,326","14,297,253"
Sam Fischer-What Other People Say,19,,101,,"981,755","14,288,167"
Drake-March 14,13,,37,,"2,829,683","14,285,356"
Kanye West-FML,31,,55,,"715,428","14,280,517"
Grupo Firme-El Beneficio De La Duda,10,,118,,"1,540,936","14,280,396"
Pop Smoke-Bout A Million,14,,25,,"2,396,755","14,276,812"
The Weeknd-Ordinary Life,20,,49,,"1,059,861","14,271,269"
Marília Mendonça-Supera - Ao Vivo,21,,123,,"883,346","14,259,317"
Ryan Gosling-City Of Stars,29,,74,,"776,425","14,257,289"
Russ-What They Want,39,,142,,"423,904","14,232,174"
Rick Ross-Gold Roses,16,,32,,"1,920,759","14,231,163"
Sido-2002,20,,101,,"973,307","14,196,728"
Enrique Iglesias-Bailando - English Version,61,,44,,"470,822","14,170,393"
Bad Bunny-P FKN R,13,,54,,"1,925,322","14,158,965"
Camila Cabello-Cry for Me,14,,46,,"1,563,388","14,156,991"
Drake-Tried Our Best,7,,23,,"4,018,614","14,135,281"
Kendrick Lamar-Rich - Interlude,7,,15,,"5,114,852","14,123,144"
Taylor Swift-Timeless (Taylor’s Version) (From The Vault),7,,24,,"4,237,082","14,112,685"
Kendrick Lamar-Alright,18,,26,,"1,956,342","14,101,692"
Kevin Gates-Thinking with My Dick,16,,105,,"996,282","14,099,168"
One Direction-Olivia,28,,34,,"1,069,015","14,087,515"
Drake-What Would Pluto Do,7,,28,,"3,533,936","14,086,710"
ROSALÍA-TUYA,10,,56,,"2,014,367","14,081,397"
Sub Urban-INFERNO,19,,172,,"780,700","14,079,659"
Bosh-Djomb,19,,98,,"903,895","14,070,853"
Lil Nas X-Old Town Road,8,,14,,"2,521,887","14,069,124"
Stromae-L’enfer,15,,80,,"1,245,469","14,055,379"
Migos-BBO (Bad Bitches Only),15,,20,,"2,094,631","14,055,005"
Alessia Cara-Out Of Love,20,,126,,"778,973","14,044,875"
Sabrina Carpenter-Alien,23,,143,,"669,824","14,043,544"
Jung Kook-Closer to You,8,,24,,"2,960,841","14,042,856"
Billie Eilish-I Didn't Change My Number,11,,23,,"2,603,983","14,041,891"
ScHoolboy Q-Numb Numb Juice,16,,44,,"1,591,793","14,032,202"
Bad Bunny-BATICANO,7,,25,,"4,798,125","14,022,147"
Dj Agus Lima-Gata Only (Mashup),2,2,6,,"7,055,917","13,991,657"
Astrid S-Think Before I Talk,29,,159,,"578,290","13,989,777"
Ariana Grande-my hair,11,,20,,"3,236,886","13,989,467"
Doja Cat-Demons,10,,65,,"1,811,303","13,984,945"
Coldplay-Fix You,82,,105,,"1,233,478","13,941,308"
Justin Bieber-Loved By You,12,,34,,"2,139,498","13,922,109"
Sigala-Give Me Your Love,45,,161,,"354,450","13,917,552"
Meghan Trainor-No Good For You,49,,59,,"445,205","13,904,896"
Lauv-Drugs & The Internet,19,,64,,"1,269,826","13,900,116"
Jung Kook-Somebody,8,,27,,"2,866,592","13,895,277"
Kanye West-God Is,9,,18,,"2,700,796","13,885,448"
Beyoncé-CHURCH GIRL,9,,16,,"3,156,074","13,879,623"
Lil Durk-Stand By Me,11,,117,,"1,405,171","13,876,287"
Justin Bieber-Trust,35,,61,,"835,413","13,875,137"
XXXTENTACION-Guardian angel,10,1,6,,"3,297,276","13,868,011"
J. Cole-For Whom The Bell Tolls,13,,16,,"2,165,398","13,862,825"
Camila Cabello-psychofreak,14,,52,,"1,466,698","13,859,919"
Charli xcx-Boys,28,,87,,"837,426","13,851,107"
Duki-Antes de Perderte,16,,144,,"999,924","13,843,934"
SAIKO-BADGYAL,10,,153,,"1,528,508","13,835,504"
Bad Bunny-HOY COBRÉ,8,1,8,,"4,355,825","13,833,217"
Taylor Swift-Treacherous (Taylor's Version),8,,18,,"3,512,231","13,831,247"
Taylor Swift-Haunted (Taylor's Version),6,,17,,"5,000,122","13,827,344"
BLACKPINK-Ready For Love,9,,25,,"2,661,402","13,822,600"
Juice WRLD-Real Shit,12,,47,,"1,822,994","13,797,559"
Lana Del Rey-Cinnamon Girl,14,,70,,"1,189,916","13,788,463"
Capital Bra-Wir ticken,15,,70,,"1,211,192","13,784,193"
"Pentatonix-Mary, Did You Know?",16,,111,,"2,169,120","13,783,385"
Beyoncé-DAUGHTER,7,,20,,"3,411,415","13,778,883"
DJ Khaled-Wish Wish,16,,74,,"1,242,027","13,776,791"
NF-HOPE,10,,53,,"2,018,938","13,772,744"
Kendrick Lamar-Mr. Morale,8,,23,,"3,839,429","13,744,373"
AC/DC-Back In Black,16,,133,,"1,390,871","13,739,536"
Duki-Unfollow,17,,136,,"920,884","13,733,365"
Lauv-Easy Love,25,,118,,"716,853","13,731,979"
Taylor Swift-cowboy like me,8,,20,,"3,428,061","13,731,473"
DJ Khaled-To the Max,14,,45,,"1,507,763","13,731,438"
RedOne-Don't You Need Somebody,44,,151,,"366,994","13,727,889"
Little Mix-No More Sad Songs,29,,163,,"526,038","13,707,126"
"Lil Wayne-I Do It (ft. Big Sean, Lil Baby)",14,,51,,"1,571,690","13,703,387"
Beyoncé-SUMMER RENAISSANCE,9,,26,,"2,488,712","13,688,019"
Lil Nas X-DOLLA SIGN SLIME,11,,26,,"2,495,936","13,671,585"
Henrique & Juliano-Traumatizei - Ao Vivo Em Brasília,12,,144,,"1,258,807","13,671,033"
Bing Crosby-Do You Hear What I Hear? - Remastered 2006,11,,51,,"2,515,339","13,655,919"
One Direction-If I Could Fly,28,,32,,"1,079,745","13,648,230"
Rogerinho-Botadinha Saliente,15,,64,,"1,294,706","13,647,915"
Oasis-Wonderwall,78,,113,,"752,066","13,640,175"
J. Cole-She's Mine Pt. 1,14,,25,,"1,963,167","13,636,437"
Colbie Caillat-Try,79,,102,,"222,508","13,634,862"
RM-LOST!,7,,28,,"3,230,889","13,610,233"
Eminem-Trouble,6,,17,,"4,280,808","13,601,669"
Pop Smoke-Demeanor,14,,35,,"2,034,732","13,595,594"
MC L da Vinte-Parado no Bailão,20,,109,,"808,257","13,593,401"
Khalid-Don't Pretend,13,,40,,"1,909,515","13,589,374"
Drake-Since Way Back,13,,37,,"2,015,277","13,581,805"
Paulo Londra-Party en el Barrio,12,,45,,"1,737,466","13,567,429"
Loredana-Kein Plan,16,,67,,"1,239,587","13,567,047"
Migos-Kelly Price,25,,93,,"679,901","13,553,199"
J. Cole-t h e . c l i m b . b a c k,8,,15,,"3,720,069","13,549,075"
Alex Rose-Me Fije,18,,162,,"833,687","13,542,782"
Iggy Azalea-Beg For It,68,,101,,"255,590","13,540,485"
Bad Bunny-MALDITA POBREZA,8,1,10,,"4,224,807","13,534,249"
Beyoncé-SPAGHETTII,7,,19,,"3,434,566","13,533,767"
Lil Nas X-Old Town Road,3,3,4,,"4,860,946","13,530,298"
Polo G-No Return,13,,34,,"2,093,586","13,516,398"
Pop Smoke-AP - Music from the film Boogie,14,,46,,"1,565,768","13,487,647"
Trippie Redd-6 Kiss,14,,40,,"1,651,570","13,480,663"
Camila Cabello-Living Proof,17,,65,,"1,164,917","13,455,771"
Morgan Wallen-Everything I Love,10,,43,,"2,162,699","13,444,133"
Future-Life Is Good,17,,110,,"1,037,711","13,443,791"
Conrad Sewell-Hold Me Up,49,,92,,"357,560","13,441,680"
Justin Bieber-Die For You,11,,29,,"2,350,030","13,437,909"
Beyoncé-AMERIICAN REQUIEM,6,,14,,"4,255,012","13,384,855"
El Alfa-Singapur,20,,162,,"735,926","13,375,954"
J. Cole-FRIENDS,10,,20,,"3,140,526","13,369,793"
Kanye West-Every Hour,8,,13,,"3,337,207","13,362,143"
Imagine Dragons-Sharks,14,,86,,"1,261,464","13,356,629"
Beyoncé-COZY,9,,14,,"3,296,289","13,347,298"
Drake-You Broke My Heart,8,,19,,"2,920,015","13,344,791"
Taylor Swift-Afterglow,12,,38,,"2,110,831","13,338,610"
Bayhan-Tiryakinim,9,,111,,"1,611,317","13,334,257"
Metro Boomin-Around Me,8,,59,,"2,035,027","13,331,727"
BTS-My Time,12,,38,,"2,036,026","13,318,224"
Metro Boomin-Metro Spider,8,,57,,"2,034,602","13,308,816"
Lola Young-One Thing,11,,149,,"1,333,044","13,305,215"
Petter Ferraz-Amor ou o Litrão,16,,58,,"1,208,462","13,299,595"
Rudimental-Sun Comes Up,29,,154,,"565,550","13,293,369"
SZA-Gone Girl,8,,41,,"2,638,013","13,282,199"
Michael Jackson-Love Never Felt so Good,88,,133,,"239,318","13,255,398"
Carpenters-Merry Christmas Darling - Remix,9,,104,,"1,767,681","13,247,666"
Jorge & Mateus-Troca,17,,141,,"902,364","13,242,862"
BTS-Born Singer,8,,16,,"3,434,880","13,237,480"
NF-Lie,21,,108,,"770,092","13,235,639"
Whitney Houston-I Wanna Dance with Somebody (Who Loves Me),10,,44,,"2,144,553","13,210,371"
Drake-Currents,7,,13,,"4,461,510","13,205,946"
J. Cole-Ville Mentality,13,,24,,"1,971,698","13,198,514"
Drake-Demons,12,,25,,"2,652,210","13,197,609"
Jona Lewie-Stop The Cavalry,14,,117,,"1,444,873","13,190,898"
Morat-París,14,,79,,"1,516,386","13,186,691"
Os Barões Da Pisadinha-Zero Saudade - Ao Vivo,16,,113,,"909,138","13,180,021"
Gwen Stefani-Baby Don't Lie,53,,63,,"346,191","13,180,016"
Kanye West-Water,8,,17,,"2,755,128","13,179,475"
Kanye West-PAID,5,,11,,"3,787,152","13,174,834"
Rae Sremmurd-Throw Sum Mo,55,,93,,"336,589","13,173,022"
The Weavers-We Wish You A Merry Christmas,6,,63,,"3,382,417","13,168,719"
Tate McRae-run for the hills,8,,53,,"2,184,430","13,145,674"
Taylor Swift-marjorie,8,,24,,"3,253,469","13,144,291"
The Weeknd-Prisoner,38,,52,,"591,632","13,143,766"
Guilherme & Benuto-Assunto Delicado - Ao Vivo,13,,104,,"1,161,012","13,143,010"
XXXTENTACION-Save Me,19,,53,,"1,447,945","13,138,387"
J. Cole-Lion King On Ice,12,,26,,"2,120,540","13,137,924"
Raaban-Russian Roulette,47,,118,,"392,067","13,129,794"
Cazzu-Con otra,10,,116,,"1,551,264","13,128,705"
Seeb-What Do You Love,37,,113,,"504,536","13,116,654"
Post Malone-I'm Gonna Be,15,,57,,"1,214,087","13,110,741"
Mc Poze do Rodo-Vida Louca,17,,152,,"862,974","13,095,413"
Ariana Grande-goodnight n go,14,,37,,"1,877,975","13,092,807"
Pharrell Williams-Down In Atlanta,9,,37,,"2,316,012","13,089,713"
Travis Scott-PARASAIL,6,,24,,"4,555,841","13,088,647"
NAV-Never Sleep,13,,61,,"1,656,495","13,087,049"
Sidhu Moose Wala-295,14,,120,,"1,040,210","13,085,712"
Bad Bunny-VUELVE CANDY B,6,,22,,"5,051,246","13,084,061"
The Weeknd-Enjoy The Show,7,,32,,"2,739,968","13,078,981"
Luan Santana-ERRO PLANEJADO - Ao Vivo,15,,123,,"1,005,239","13,077,858"
Rita Ora-Body on Me,48,,94,,"334,853","13,070,553"
Lorde-Perfect Places,21,,75,,"996,003","13,057,881"
Sia-Helium,25,,125,,"596,981","13,053,889"
Juice WRLD-Make Believe,15,,69,,"1,304,078","13,039,181"
Pop Smoke-Aim For The Moon,13,,19,,"2,489,981","13,026,955"
Mac Miller-Circles,9,,22,,"3,173,834","13,024,269"
Julia Michaels-Uh Huh,27,,123,,"709,096","13,004,651"
Joji-Your Man,14,,57,,"1,475,168","12,998,159"
Cardi B-Ring,15,,66,,"1,076,206","12,994,733"
BTS-Jamais Vu,12,,24,,"2,270,674","12,992,565"
TWICE-FANCY,18,,115,,"874,546","12,972,648"
Drake-Digital Dash,41,,69,,"441,129","12,968,185"
Capital Bra-Nicht verdient,13,,35,,"1,732,621","12,931,331"
SZA-F2F,8,,44,,"2,505,828","12,927,778"
13 Organisé-Bande organisée,17,,95,,"1,062,334","12,925,336"
Michael Bublé-Winter Wonderland,9,,70,,"3,370,614","12,924,302"
MEDUZA-Bad Memories,13,,135,,"1,301,482","12,895,252"
Maroon 5-It Was Always You,48,,37,,"479,013","12,891,476"
La Oreja de Van Gogh-Rosas,10,,159,,"1,377,292","12,890,520"
Harry Styles-Cherry,9,,22,,"2,765,237","12,888,381"
KIDS SEE GHOSTS-4th Dimension,11,,34,,"1,764,388","12,886,814"
Piso 21-Puntos Suspensivos,20,,141,,"729,303","12,884,126"
Megan Thee Stallion-Cry Baby,18,,171,,"773,902","12,854,352"
Kesha-TiK ToK,10,,76,,"1,986,946","12,854,338"
Eminem-Believe,11,,18,,"2,190,651","12,842,014"
Linkin Park-Up From the Bottom,8,,41,,"2,609,751","12,831,767"
Otis Redding-Merry Christmas Baby,8,,91,,"2,031,548","12,817,549"
SZA-Hit Different,14,,40,,"1,739,926","12,812,403"
Beéle-sobelove,10,,153,,"1,371,749","12,807,186"
BLACKPINK-Don't Know What To Do,17,,92,,"1,044,473","12,802,419"
BTS-IDOL,15,,46,,"1,345,471","12,798,364"
Blessd-SI SABE FERXXO,10,,86,,"1,707,358","12,789,216"
De La Rose-NUBES,9,,78,,"1,800,870","12,788,027"
ROSÉ-Messy (From F1® The Movie),8,,62,,"2,045,861","12,779,228"
Beyoncé-BLACKBIIRD,6,,16,,"3,942,307","12,770,730"
Queen-Crazy Little Thing Called Love - Remastered 2011,20,,126,,"774,551","12,763,170"
Juice WRLD-In My Head,8,,33,,"2,683,189","12,762,995"
Drake-No Tellin',39,,39,,"562,120","12,757,906"
Peso Pluma-BIPOLAR,10,,66,,"1,958,083","12,748,815"
Ozuna-Del Mar,14,,63,,"1,336,299","12,748,732"
Marshmello-Tongue Tied,15,,48,,"1,350,783","12,745,487"
Eminem-In Too Deep,9,,27,,"2,913,302","12,714,368"
Sigala-Say You Do,40,,111,,"439,988","12,708,632"
Kanye West-Jesus Lord,7,,27,,"3,194,124","12,707,249"
Eminem-Lucifer,6,,21,,"3,775,983","12,699,154"
Rihanna-Disturbia,11,,71,,"1,906,759","12,693,831"
Ariana Grande-pete davidson,14,,29,,"2,028,024","12,684,375"
Shindy-Drama 10,14,,57,,"1,377,768","12,682,374"
BTS-UGH!,11,,37,,"2,055,738","12,663,455"
Future-Hard Work Pays Off,17,,88,,"1,096,752","12,656,047"
Kendrick Lamar-Crown,7,,20,,"4,218,809","12,654,671"
Gorillaz-New Gold,11,,47,,"1,819,211","12,649,406"
BTS-Louder than bombs,11,,36,,"2,084,847","12,630,640"
"Bebe Rexha-Baby, I'm Jealous",16,,76,,"1,194,933","12,629,359"
Taylor Swift-Wildest Dreams,17,,120,,"1,341,859","12,601,597"
Darshan Raval-Mahiye Jinna Sohna,11,,127,,"1,212,499","12,589,073"
benny blanco-You,14,,51,,"1,461,845","12,580,090"
"Metro Boomin-All The Way Live (Spider-Man: Across the Spider-Verse) (Metro Boomin & Future, Lil Uzi Vert)",9,,70,,"1,839,241","12,574,650"
Grupo Frontera-No Se Va,10,,42,,"1,720,851","12,574,207"
Michael Bublé-Santa Baby,27,,55,,"1,143,291","12,566,454"
Foudeqush-Con La Brisa,11,,102,,"1,257,366","12,559,820"
KAROL G-TUS GAFITAS,9,,70,,"1,801,191","12,558,776"
Madison Beer-Home With You,21,,139,,"692,755","12,546,385"
Otto Knows-Dying for You,47,,148,,"319,679","12,546,046"
Dreamville-Down Bad,14,,61,,"1,342,812","12,526,376"
Mason Ramsey-Famous,14,,68,,"1,133,460","12,521,721"
Justin Bieber-Love You Different,10,,33,,"2,202,596","12,518,515"
Chance the Rapper-I Might Need Security,13,,36,,"1,724,272","12,514,934"
Taylor Swift-Better Man (Taylor's Version) (From The Vault),8,,28,,"2,898,283","12,507,137"
Bad Bunny-EL MUNDO ES MÍO,7,1,6,,"4,886,546","12,507,010"
Ed Sheeran-2step,14,,64,,"1,228,925","12,496,768"
XXXTENTACION-Sauce!,14,,64,,"1,259,195","12,493,544"
Drake-Redemption,30,,73,,"639,891","12,489,781"
The Avener-Fade Out Lines - The Avener Rework,65,,84,,"332,193","12,489,145"
Martin Solveig-Do It Right,39,,138,,"403,054","12,485,786"
Bo Burnham-All Eyes On Me,16,,120,,"917,400","12,468,173"
ABBA-Don't Shut Me Down,11,,46,,"2,340,400","12,468,123"
Ariana Grande-six thirty,9,,17,,"3,340,506","12,462,274"
J. Cole-h u n g e r . o n . h i l l s i d e,8,,21,,"3,479,487","12,456,200"
ZAYN-iT's YoU,32,,52,,"693,291","12,455,104"
Jung Kook-Shot Glass of Tears,7,,28,,"2,764,220","12,445,444"
Imagine Dragons-Shots,51,,89,,"355,050","12,429,721"
Bob Marley & The Wailers-Could You Be Loved,10,,144,,"1,375,696","12,428,595"
DENNIS-Agora é Tudo Meu,19,,140,,"764,061","12,425,142"
Prince Royce-Deja vu,26,,165,,"520,831","12,419,588"
Bing Crosby-The Little Drummer Boy,12,,115,,"1,736,917","12,414,855"
Drake-It's Up,8,,56,,"2,018,803","12,400,143"
Joji-Daylight,14,,67,,"1,345,826","12,376,309"
Beyoncé-YA YA,7,,33,,"2,876,380","12,374,769"
6ix9ine-GOTTI,18,,105,,"836,234","12,374,413"
Justin Bieber-All In It,32,,70,,"784,654","12,359,206"
Drake-Members Only,6,,25,,"3,683,016","12,358,718"
Stevie Wonder-Someday At Christmas,7,,108,,"2,013,411","12,350,014"
K/DA-THE BADDEST,14,,54,,"1,534,163","12,346,049"
J. Cole-Foldin Clothes,13,,29,,"1,735,982","12,345,976"
MC Kevinho-Olha a Explosão,24,,121,,"635,727","12,318,516"
Zé Felipe-Roça Em Mim,11,,67,,"1,369,490","12,314,703"
Drake-F*****g Fans,7,,27,,"4,086,189","12,312,466"
Arcane-To Ashes and Blood - from the series Arcane League of Legends,8,,93,,"1,752,060","12,291,076"
Drake-6 God,38,,38,,"555,765","12,276,784"
One Direction-A.M.,26,,42,,"946,187","12,263,978"
Mora-APA,10,,63,,"2,195,443","12,263,250"
Drake-Flight's Booked,7,,19,,"3,520,654","12,250,742"
"XXXTENTACION-ALONE, PART 3",14,,42,,"1,772,638","12,238,320"
Sam Hunt-Break Up In A Small Town,43,,105,,"345,889","12,236,463"
Rita Ora-Poison,38,,63,,"449,428","12,220,690"
Omar Montes-Alocao (With Bad Gyal),17,,112,,"950,573","12,219,733"
Marco Mengoni-Due Vite,9,,65,,"1,607,459","12,212,359"
Tyga-Dip,19,,118,,"873,790","12,209,615"
Ed Sheeran-Curtains,8,,42,,"2,194,814","12,195,272"
JVKE-Angel Pt. 2,8,,43,,"2,094,779","12,189,718"
Zach Bryan-Heading South,10,,179,,"1,332,320","12,189,474"
"Tyler, The Creator-LEMONHEAD",8,,17,,"3,397,137","12,182,317"
Bad Bunny-ANTES QUE SE ACABE,8,,18,,"3,469,139","12,175,262"
SZA-Notice Me,7,,36,,"2,739,369","12,169,328"
The Weeknd-Niagara Falls,7,,49,,"2,304,510","12,161,260"
Drake-I Guess It’s Fuck Me,7,,31,,"3,404,644","12,159,077"
Major Lazer-Boom,38,,146,,"366,406","12,118,457"
Natanael Cano-Pacas De Billetes,10,,109,,"1,657,173","12,109,841"
21 Savage-sneaky,7,,25,,"2,903,244","12,097,600"
Sofia Carson-Come Back Home,13,,111,,"1,050,310","12,087,918"
Jung Kook-Too Sad to Dance,7,,29,,"2,727,729","12,083,479"
Zach Bryan-Spotless,8,,42,,"2,319,571","12,081,550"
Kanye West-KEYS TO MY LIFE,5,,14,,"3,657,150","12,074,330"
Ariana Grande-obvious,10,,27,,"2,776,917","12,064,400"
TAEYANG-Shoong!,10,,133,,"1,277,997","12,052,568"
Beéle-si te pillara,9,,97,,"1,544,226","12,032,813"
J. Cole-4 Your Eyez Only,13,,29,,"1,737,193","12,025,691"
Kanii-I Know - PR1SVX Edit,10,,117,,"1,408,019","12,023,420"
NEIKED-Sexual,36,,124,,"420,468","12,010,614"
J Balvin-Tu Veneno,14,,98,,"1,107,301","12,004,231"
ScHoolboy Q-Floating,14,,47,,"1,532,099","12,004,074"
Taylor Swift-Last Kiss (Taylor's Version),5,,18,,"4,771,456","12,002,109"
Jorja Smith-I Am,16,,62,,"1,248,978","11,997,790"
Paloma Mami-Fingías,14,,78,,"1,127,455","11,987,768"
Kanye West-Donda,6,,23,,"3,286,403","11,980,068"
Kanye West-Real Friends,28,,58,,"664,048","11,971,440"
Taylor Swift-Bad Blood,7,,40,,"2,733,538","11,969,440"
Beyoncé-BLACK PARADE,13,,52,,"1,397,598","11,960,078"
Bad Bunny-SORRY PAPI,8,,24,,"3,341,610","11,957,892"
Normani-Wild Side,14,,72,,"1,413,613","11,955,256"
Zara Larsson-So Good,22,,58,,"1,008,247","11,954,623"
Olly Murs-You Don't Know Love,38,,134,,"408,700","11,954,550"
Fuerza Regida-Billete Grande (En Vivo),12,,149,,"1,094,429","11,949,517"
Tyga-Haute,14,,52,,"1,456,392","11,936,580"
Ashnikko-Paint The Town Blue (from the series Arcane League of Legends),8,,130,,"1,596,240","11,924,261"
Laufey-Santa Baby,5,,59,,"3,766,301","11,915,689"
Offset-SAY MY GRACE,8,,48,,"2,478,005","11,913,566"
Playboi Carti-CHARGE DEM HOES A FEE,5,,23,,"4,313,980","11,907,941"
Hunter Hayes-21,52,,104,,"322,049","11,895,050"
Logic-One Day,14,,48,,"1,415,203","11,887,180"
Farruko-El Incomprendido,15,,147,,"867,771","11,885,217"
Cardi B-Best Life,14,,61,,"1,113,695","11,882,167"
Eminem-Antichrist,6,,24,,"3,518,773","11,873,050"
Kanye West-Keep My Spirit Alive,6,,28,,"3,176,699","11,870,883"
MACHETE-YOSHI,16,,97,,"1,037,075","11,854,781"
Lil Uzi Vert-Celebration Station,9,,41,,"2,328,344","11,853,348"
Lil Peep-Save That Shit,19,,63,,"1,076,938","11,846,881"
Sam Smith-One Last Song,16,,55,,"1,213,965","11,843,789"
Kygo-It Ain’t Me,4,3,4,,"3,514,429","11,829,507"
Bad Bunny-120,8,,25,,"3,322,479","11,826,167"
Dan + Shay-Tequila,20,,146,,"690,347","11,817,779"
Playboi Carti-I SEEEEEE YOU BABY BOI,5,,22,,"4,340,141","11,816,531"
Bing Crosby-It's Beginning To Look Like Christmas,9,,78,,"1,897,624","11,812,544"
Lorde-Liability,19,,67,,"1,063,500","11,777,559"
XXXTENTACION-bad vibes forever,14,,70,,"1,291,314","11,771,833"
Luísa Sonza-Penhasco2,8,,41,,"2,137,197","11,759,661"
Morgan Wallen-I Wrote The Book,9,,60,,"1,949,450","11,756,285"
David Kushner-Skin and Bones,8,,54,,"2,008,249","11,752,935"
Morgan Wallen-Ain’t That Some,8,,44,,"2,127,645","11,743,974"
Morgan Wallen-Thought You Should Know,10,,78,,"1,538,669","11,725,796"
Lil Tjay-Beat the Odds,11,,60,,"1,609,650","11,725,466"
NewJeans-ASAP,7,,26,,"2,607,028","11,724,653"
Cardi B-Bickenhead,14,,68,,"1,106,732","11,723,395"
Dave-Clash,13,,69,,"1,338,014","11,717,796"
KIDS SEE GHOSTS-Feel The Love,10,,26,,"1,819,719","11,715,976"
Thomas Rhett-Craving You,26,,163,,"488,281","11,696,591"
Lana Del Rey-Chemtrails Over The Country Club,13,,61,,"1,295,930","11,691,249"
Nimo-KARMA,15,,81,,"954,000","11,677,080"
Blueface-Thotiana,15,,100,,"897,908","11,676,982"
Doja Cat-Juicy,18,,165,,"699,032","11,671,382"
Kanye West-Hands On,8,,25,,"2,417,896","11,663,676"
Melanie Martinez-DEATH,9,,75,,"1,773,310","11,650,345"
Taylor Swift-I Almost Do (Taylor's Version),7,,21,,"3,117,452","11,629,343"
Drake-Keep The Family Close,26,,66,,"706,684","11,625,353"
Kanye West-Lift Yourself,14,,68,,"1,135,320","11,625,266"
Twenty One Pilots-Cancer,28,,72,,"760,308","11,623,714"
BTS-Intro : Persona,11,,39,,"1,859,481","11,623,299"
WIU-Coração de Gelo,10,,108,,"1,343,695","11,613,778"
Khalid-Self,13,,74,,"1,333,822","11,589,141"
Drake-Drew A Picasso,6,,27,,"3,587,076","11,584,633"
Tayler Buono-Technically Single,33,,128,,"384,941","11,583,666"
KAROL G-Ivonny Bonita,9,,104,,"1,548,548","11,580,890"
SiM-The Rumbling (TV Size),14,,108,,"974,623","11,574,325"
J. Cole-Once an Addict - Interlude,8,,22,,"3,085,393","11,574,188"
Anuel AA-OA,10,,172,,"1,265,137","11,568,817"
Huncho Jack-Dubai Shit,18,,51,,"1,437,255","11,565,906"
Addison Rae-Headphones On,9,,95,,"1,525,073","11,563,184"
Metro Boomin-Walk Em Down (Don't Kill Civilians) [with 21 Savage & feat. Mustafa],7,,65,,"1,983,019","11,552,254"
Matt Terry-Sucker for You,21,,160,,"643,333","11,540,087"
Bad Bunny-Puesto Pa' Guerrial,11,,55,,"1,890,195","11,534,801"
Noah Kahan-Dial Drunk,8,,66,,"1,931,854","11,532,065"
Beyoncé-ENERGY,10,,49,,"1,520,673","11,507,979"
Bryant Myers-Tanta Falta,19,,136,,"772,533","11,496,779"
Reynmen-Ela,14,,72,,"1,065,486","11,479,788"
The Weeknd-Don’t Break My Heart,8,,26,,"2,704,248","11,468,779"
Joyner Lucas-Your Heart,12,,66,,"1,369,154","11,450,018"
Taylor Swift-The Very First Night (Taylor's Version) (From The Vault),8,,55,,"2,132,940","11,441,693"
Lady Gaga-911,9,,17,,"2,907,126","11,441,000"
Bizarrap-Anuel AA: Bzrp Music Session: Vol. 46,10,,33,,"1,771,516","11,439,541"
"Nat King Cole-Caroling, Caroling",7,,104,,"2,140,759","11,387,891"
TINI-La Loto,13,,105,,"1,140,907","11,386,952"
Drake-Weston Road Flows,26,,69,,"689,416","11,384,213"
"Lana Del Rey-Henry, come on",7,,16,,"3,366,646","11,381,780"
DJ Khaled-Don't Quit,14,,52,,"1,347,835","11,380,003"
Anuel AA-Narcos,15,,112,,"940,326","11,379,660"
Gayla Peevey-I Want a Hippopotamus for Christmas (Hippo the Hero),6,,87,,"2,462,725","11,370,469"
SZA-Scorsese Baby Daddy,8,,105,,"2,053,109","11,367,443"
Jason Derulo-Coño,17,,158,,"739,982","11,366,410"
Twenty One Pilots-Morph,12,,28,,"2,036,823","11,363,367"
The Citizens of Halloween-This Is Halloween,8,,11,,"4,850,988","11,363,233"
Drake-Another Late Night,6,,32,,"3,139,952","11,359,661"
De La Ghetto-La Formula,23,,165,,"539,031","11,354,469"
Sebastian Yatra-No Hay Nadie Más,20,,175,,"610,277","11,336,412"
Lil Uzi Vert-POP,8,,19,,"2,947,283","11,314,705"
j-hope-NEURON,7,,39,,"2,559,464","11,307,544"
Eminem-Premonition - Intro,8,,18,,"3,281,143","11,305,998"
Lucio Corsi-Volevo essere un duro,8,,79,,"1,713,962","11,302,382"
Mumford & Sons-Snake Eyes,31,,48,,"614,892","11,298,229"
Queen-Thank God It's Christmas - 2011 Remaster,12,,38,,"2,646,871","11,297,256"
Dean Lewis-7 Minutes,16,,146,,"782,650","11,283,105"
Pop Smoke-Tell The Vision,10,,22,,"2,566,521","11,271,499"
John Legend-What Christmas Means to Me,6,,96,,"2,431,303","11,266,630"
BTS-00:00 (Zero O’Clock),10,,42,,"1,919,934","11,265,771"
Alejandro Sanz-Deja Que Te Bese,34,,153,,"376,235","11,260,493"
beabadoobee-Glue Song,9,,50,,"1,936,429","11,257,613"
Banda MS de Sergio Lizárraga-Qué Maldición,12,,54,,"1,427,918","11,248,250"
Taylor Swift-closure,7,,28,,"3,079,442","11,245,393"
MC K.K-Agudo Mágico 3,11,,143,,"1,196,789","11,245,120"
Juice WRLD-Maze,13,,47,,"1,584,679","11,228,502"
Zé Neto & Cristiano-Notificação Preferida - Ao Vivo,17,,124,,"791,796","11,226,613"
BANKS-Beggin For Thread,57,,100,,"255,677","11,223,646"
Taylor Swift-Never Grow Up (Taylor's Version),5,,19,,"4,668,451","11,217,450"
Lil Uzi Vert-Venetia,9,,55,,"1,911,918","11,216,744"
AYLIVA-Wunder,7,,54,,"2,348,210","11,210,880"
Capital Bra-Rolex,13,,58,,"1,516,890","11,210,438"
Ufo361-Emotions,15,,92,,"912,594","11,208,239"
YG-Why You Always Hatin?,38,,182,,"321,991","11,207,264"
Eno-Blackberry Sky,14,,100,,"1,011,147","11,200,401"
Linkin Park-What I've Done,15,,28,,"1,969,449","11,194,256"
A$AP Rocky-L$D,35,,45,,"659,921","11,182,098"
ABBA-Gimme! Gimme! Gimme! (A Man After Midnight),8,,50,,"2,040,071","11,175,411"
Future-F*ck Up Some Commas,52,,122,,"260,024","11,172,456"
Bonez MC-Angeklagt,12,,59,,"1,398,341","11,159,561"
Beyoncé-BROWN SKIN GIRL,14,,69,,"1,196,278","11,155,049"
Joji-YUKON (INTERLUDE),10,,78,,"1,683,637","11,147,123"
Tate McRae-bloodonmyhands,7,,59,,"2,211,322","11,114,404"
Yandel-Yankee 150,9,,127,,"1,470,250","11,110,003"
Frenna-Verleden Tijd,16,,106,,"841,171","11,109,319"
Daya-Insomnia,16,,146,,"760,285","11,104,433"
Trippie Redd-Who Needs Love,13,,47,,"1,513,809","11,094,939"
Jonas Brothers-X,14,,74,,"1,166,928","11,094,298"
Jessie J-Man With The Bag,11,,107,,"1,474,366","11,080,580"
LISTENBEE-Save Me,46,,111,,"321,879","11,065,083"
Taylor Swift-Everything Has Changed,7,,24,,"2,988,393","11,063,569"
The Cranberries-Zombie,12,,33,,"1,570,384","11,049,648"
Avicii-Gonna Love Ya,41,,109,,"341,719","11,044,642"
Alvaro Soler-La Cintura,16,,121,,"767,921","11,040,638"
Playboi Carti-TRIM,5,,31,,"3,780,257","11,039,464"
Lana Del Rey-Summertime Sadness (Lana Del Rey Vs. Cedric Gervais) - Cedric Gervais Remix / Radio Edit,74,,123,,"227,693","11,037,459"
"Charli xcx-The girl, so confusing version with lorde",7,,47,,"2,314,489","11,036,482"
Kanye West-DO IT,4,,17,,"3,329,245","11,031,633"
PEDRO SAMPAIO-POCPOC,8,,81,,"1,705,936","11,028,289"
Christian Nodal-Dime Cómo Quieres,13,,120,,"1,004,554","11,027,241"
XXXTENTACION-I don’t let go,8,,14,,"2,617,820","11,020,903"
Beyoncé-MOOD 4 EVA,11,,46,,"1,513,805","11,012,020"
Kendrick Lamar-Auntie Diaries,6,,24,,"3,816,621","11,000,423"
Demi Lovato-Anyone,12,,65,,"1,332,519","10,999,294"
Selena Gomez-Sunset Blvd,8,,101,,"1,625,752","10,992,544"
Beyoncé-MY HOUSE,7,,65,,"2,042,636","10,978,414"
Post Malone-Wrapped Around Your Finger,8,,30,,"2,239,612","10,976,656"
Kanye West-New Again,6,,30,,"2,909,424","10,967,462"
Pop Smoke-Something Special,12,,53,,"1,633,149","10,958,084"
Rammstein-Deutschland,12,,62,,"1,455,000","10,949,528"
Playboi Carti-CRANK,5,,27,,"4,157,106","10,948,366"
Coleman Hell-2 Heads,51,,121,,"279,213","10,932,151"
"Tyler, The Creator-IGOR'S THEME",8,,11,,"2,941,072","10,926,306"
Juice WRLD-Lace It,8,,95,,"1,819,672","10,922,746"
Roddy Ricch-Start Wit Me,15,,168,,"831,283","10,921,658"
J Balvin-MOJAITA,12,,32,,"2,006,910","10,916,176"
Cardi B-Bongos,8,,70,,"1,904,700","10,903,856"
Bizarrap-No soy Eterno,8,,86,,"1,554,374","10,903,111"
Dj Guuga-Depende,12,,77,,"1,199,545","10,868,721"
Britney Spears-Pretty Girls,50,,87,,"328,948","10,868,026"
Future-D4L,8,,14,,"3,123,117","10,867,967"
leftovermax-love hotel,6,,46,,"2,517,706","10,840,873"
Capital Bra-Neymar,16,,122,,"800,473","10,840,391"
Ed Sheeran-Put It All on Me,10,,39,,"1,882,708","10,834,365"
Migos-Gang Gang,14,,63,,"1,347,061","10,834,313"
Kanye West-VULTURES,5,,24,,"2,901,517","10,830,227"
Luísa Sonza-Sagrado Profano,8,,141,,"1,416,030","10,828,356"
Eminem-No Regrets,9,,50,,"2,020,113","10,821,337"
Lana Del Rey-Fuck it I love you,12,,53,,"1,402,125","10,809,326"
Stray Kids-CASE 143,10,,54,,"1,597,790","10,807,258"
Duki-RoCKSTAR 2.0,8,,61,,"1,927,425","10,806,407"
Taylor Swift-The Last Time,7,,29,,"2,820,097","10,799,411"
Panic! At The Disco-Say Amen (Saturday Night),15,,60,,"1,217,775","10,779,320"
Kid Cudi-The Adventures of Moon Man & Slim Shady,9,,26,,"2,758,087","10,768,939"
Taylor Swift-Stay Stay Stay (Taylor's Version),7,,26,,"2,964,136","10,767,008"
Lil Wayne-Dark Side Of The Moon,8,,15,,"3,127,188","10,763,239"
Lil Tecca-Shots,14,,113,,"989,465","10,742,516"
Daya-Words,30,,130,,"430,874","10,735,663"
Bad Bunny-TRELLAS,7,,19,,"3,446,929","10,733,416"
J. Cole-c l o s e,7,,22,,"3,455,563","10,712,648"
Lady Gaga-Alice,8,,12,,"3,111,581","10,682,951"
"Anirudh Ravichander-Chaleya (From ""Jawan"")",8,,73,,"1,607,870","10,674,776"
Drake-Preach,37,,47,,"502,854","10,672,790"
Sam Hunt-Take Your Time,56,,104,,"283,380","10,668,124"
Maroon 5-Priceless,7,,31,,"2,481,356","10,664,598"
Eminem-Lock It Up,9,,52,,"2,013,592","10,662,701"
Metro Boomin-I Can't Save You (Interlude) [with Future & feat. Don Toliver],7,,76,,"1,838,707","10,649,362"
Logic-Midnight,13,,51,,"1,470,914","10,644,787"
The Weeknd-A Tale By Quincy,7,,21,,"3,054,378","10,644,730"
Drake-The Remorse,6,,30,,"3,837,627","10,641,454"
Lil Uzi Vert-Bigger Than Life,8,,46,,"2,261,927","10,641,204"
Adele-Chasing Pavements,14,,72,,"1,296,775","10,638,977"
Ninho-Lettre à une femme,11,,76,,"1,281,341","10,632,987"
Emir Can İğrek-Ali Cabbar,8,,92,,"1,505,015","10,630,689"
Lil Uzi Vert-Endless Fashion,7,,24,,"2,652,994","10,626,345"
Maluma-Agua de Jamaica,14,,118,,"968,439","10,620,428"
The Weeknd-Repeat After Me (Interlude),8,,30,,"2,602,638","10,609,931"
Kendrick Lamar-untitled 02 | 06.23.2014.,20,,31,,"1,305,147","10,605,757"
Lady Gaga-Shadow Of A Man,7,,57,,"2,207,832","10,597,363"
A Boogie Wit da Hoodie-Demons and Angels,16,,120,,"1,067,336","10,595,450"
Marracash-SUPREME - L'ego,14,,72,,"1,153,037","10,580,175"
Lauv-Fake,14,,77,,"1,177,271","10,574,766"
NewJeans-Get Up,7,,41,,"2,172,778","10,571,427"
Kid Cudi-She Knows This,7,,33,,"2,920,361","10,561,183"
NATTAN-Patrai,7,,69,,"1,712,514","10,540,625"
Tito Double P-DEMBOW BÉLICO,9,,133,,"1,331,967","10,532,765"
Jorge & Mateus-Propaganda - Ao Vivo,18,,162,,"646,861","10,532,433"
21 Savage-3AM on Glenwood,6,,32,,"3,361,534","10,516,478"
MERO-Baller los,13,,88,,"975,245","10,509,784"
Lady Gaga-Perfect Celebrity,6,,31,,"3,065,552","10,501,473"
Shindy-Affalterbach,13,,85,,"1,150,338","10,501,134"
Samir & Viktor-Saxofuckingfon,43,,98,,"349,411","10,500,286"
Kanye West-PAPERWORK,4,,20,,"3,255,674","10,499,327"
Lana Del Rey-Summer Bummer,18,,81,,"1,016,669","10,488,118"
CAZZETTE-Together,38,,75,,"427,527","10,479,299"
Cardi B-Get Up 10,12,,54,,"1,299,580","10,457,962"
J. Cole-The Climb Back,9,,21,,"2,205,585","10,455,793"
Lil Nas X-DEAD RIGHT NOW,8,,25,,"2,498,363","10,445,513"
Taylor Swift-False God,8,,34,,"2,210,386","10,436,781"
Arcane-Remember Me - from the series Arcane League of Legends,7,,119,,"1,644,901","10,412,118"
"Lil Baby-Dum, Dumb, and Dumber",7,,34,,"2,360,639","10,411,803"
Playboi Carti-WE NEED ALL DA VIBES,5,,41,,"3,410,067","10,407,766"
Harry Styles-She,8,,30,,"2,378,481","10,404,729"
"Tyler, The Creator-I Hope You Find Your Way Home",4,,25,,"3,761,378","10,391,924"
TOMORROW X TOGETHER-Deja Vu,8,,134,,"1,427,305","10,377,475"
P!nk-TRUSTFALL,8,,93,,"1,436,121","10,370,977"
Outkast-Hey Ya!,11,,73,,"1,396,694","10,355,761"
Agust D-Daechwita,10,,38,,"1,794,593","10,351,814"
Drake-All The Parties,5,,29,,"3,524,651","10,348,795"
Dua Lipa-Future Nostalgia,10,,31,,"1,977,494","10,329,559"
NLE Choppa-Shotta Flow 5,14,,90,,"919,837","10,323,522"
Henrique & Juliano-A Maior Saudade - Ao Vivo,12,,118,,"1,053,287","10,322,100"
Ozuna-Bebe,23,,168,,"483,435","10,303,790"
Unknown Artist-Unknown Title,6,,48,,"2,219,722","10,303,277"
mgk-emo girl,11,,58,,"1,464,625","10,298,322"
Migos-Give No Fxk,8,,20,,"2,783,956","10,271,625"
V-Slow Dancing (Piano Ver.),7,,54,,"2,146,779","10,250,612"
Young Thug-Oh U Went,7,,34,,"2,302,148","10,245,718"
Dennis Lloyd-Never Go Back,13,,118,,"944,116","10,243,846"
Anurag Saikia-Ishq Hai,8,,153,,"1,461,899","10,239,551"
"Tyler, The Creator-A BOY IS A GUN",8,,21,,"2,447,566","10,230,984"
Rihanna-Where Have You Been,7,,63,,"1,850,804","10,229,611"
Kendrick Lamar-Savior - Interlude,6,,28,,"3,640,226","10,229,329"
aespa-Dirty Work,7,,63,,"1,836,980","10,228,745"
Drake-Scholarships,35,,82,,"398,483","10,227,051"
"Halsey-I am not a woman, I'm a god",9,,43,,"1,697,197","10,225,584"
Mac Miller-Hand Me Downs,8,,38,,"2,334,705","10,209,335"
Rauw Alejandro-Que Le De,16,,184,,"688,230","10,185,839"
Alan Walker-The Spectre,21,,179,,"544,453","10,185,710"
Kanye West-Wolves,24,,63,,"632,559","10,182,168"
Wiz Khalifa-We Dem Boyz,67,,112,,"186,777","10,180,156"
Zach Bryan-East Side of Sorrow,7,,38,,"2,374,359","10,150,926"
Ed Sheeran-Feels,9,,36,,"1,938,656","10,145,015"
Charlie Puth-I Warned Myself,14,,107,,"964,544","10,117,166"
Lil Uzi Vert-The Way Life Goes,19,,154,,"595,288","10,097,213"
Taylor Swift-Babe (Taylor's Version) (From The Vault),7,,37,,"2,511,550","10,093,273"
Bad Bunny-Una Velita,6,,16,,"3,058,953","10,090,210"
Lady Gaga-Zombieboy,6,,40,,"2,720,124","10,088,176"
Frank Ocean-Chanel,15,,70,,"941,480","10,088,046"
Justin Bieber-Come Around Me,8,,32,,"2,234,097","10,086,475"
Slimane-Mon amour,6,,69,,"1,878,361","10,080,658"
Drake-Time Flies,8,,23,,"2,680,305","10,060,398"
Pharrell Williams-Doctor (Work It Out),7,,53,,"2,062,474","10,058,191"
One Direction-Never Enough,21,,39,,"1,064,572","10,049,591"
Halsey-So Good,9,,59,,"1,635,208","10,039,150"
Taylor Swift-Soon You’ll Get Better,8,,31,,"2,307,187","10,038,462"
Dreamville-Under The Sun,11,,53,,"1,464,930","10,031,440"
Ghali-Casa Mia,7,,100,,"1,588,804","10,031,189"
Kat Dahlia-I Think I'm In Love,53,,124,,"234,780","10,021,402"
Summer Cem-Diamonds,14,,121,,"886,947","10,008,216"
Mac Miller-I Can See,7,,35,,"2,481,820","10,002,673"
Drake-Faithful,24,,78,,"605,780","9,995,595"
DJ Khaled-Celebrate,9,,61,,"1,453,599","9,981,587"
Skrillex-Rumble,9,,71,,"1,430,081","9,981,167"
Lil Uzi Vert-X,15,,75,,"1,006,175","9,974,252"
One Direction-18,28,,55,,"1,527,034","9,967,992"
Logic-Overnight,11,,33,,"1,767,672","9,967,108"
BTS-Airplane pt.2,13,,60,,"1,203,487","9,962,623"
mgk-Bad Things,21,,157,,"508,562","9,949,861"
Diplo-Get It Right,16,,96,,"820,678","9,949,462"
The Weeknd-Losers,28,,54,,"577,564","9,946,191"
V-Blue,7,,45,,"2,259,885","9,923,067"
Metro Boomin-Feel The Fiyaaaah,7,,85,,"1,738,291","9,912,090"
Chencho Corleone-Un Cigarrillo,8,,129,,"1,357,826","9,906,892"
Kings of Leon-Waste A Moment,24,,71,,"751,861","9,904,551"
Billie Eilish-Halley's Comet,8,,40,,"2,002,476","9,898,050"
Eminem-Marsh,8,,47,,"2,131,449","9,897,849"
Sfera Ebbasta-Cupido,15,,95,,"920,022","9,896,568"
XXXTENTACION-$$$ - with Matt Ox,12,,67,,"1,199,692","9,889,360"
"Tyler, The Creator-HOT WIND BLOWS",7,,25,,"3,011,689","9,889,197"
Bad Bunny-BENDICIONES,9,,27,,"2,072,049","9,886,415"
Rae Sremmurd-CLOSE,13,,68,,"1,203,698","9,886,411"
Kendrick Lamar-Mirror,6,,30,,"3,214,315","9,886,047"
Post Malone-Wrong Ones (Feat. Tim McGraw),6,,39,,"2,482,398","9,884,000"
Taylor Swift-Holy Ground (Taylor's Version),7,,33,,"2,628,699","9,883,814"
21 Savage-Rich Nigga Shit,8,,29,,"2,554,229","9,882,916"
Oimara-Wackelkontakt,7,,87,,"1,705,750","9,873,307"
Nina Chuba-Wildberry Lillet,11,,161,,"986,384","9,863,349"
V-For Us,7,,47,,"2,241,892","9,852,032"
Future-Slimed In,5,,23,,"3,324,057","9,850,524"
Jess Glynne-Take Me Home,41,,163,,"259,916","9,837,105"
Anuel AA-Jangueo,12,,83,,"1,224,005","9,817,837"
Shakira-Puntería,7,,87,,"1,918,171","9,812,988"
Alessia Cara-Growing Pains,14,,91,,"915,449","9,809,956"
J. Cole-Crocodile Tearz,5,,18,,"3,535,645","9,805,232"
Travie McCoy-Golden,40,,103,,"322,962","9,796,012"
Peso Pluma-RARI,7,,123,,"1,572,293","9,776,319"
Shawn Mendes-The Christmas Song (Shawn Mendes & Camila Cabello),6,,63,,"2,439,626","9,774,921"
Parangolé-Perna Bamba,6,,54,,"2,022,861","9,764,745"
Justin Bieber-Somebody,8,,39,,"2,018,557","9,762,992"
Future-Patek Water,14,,69,,"1,085,707","9,762,158"
SZA-Smoking on my Ex Pack,6,,49,,"2,451,971","9,760,044"
Adele-All I Ask,11,,81,,"1,207,172","9,754,921"
21 Savage-pop ur shit,5,,21,,"3,078,391","9,741,293"
Eminem-Stepdad,8,,44,,"2,149,212","9,730,551"
TOMORROW X TOGETHER-Back for More,7,,83,,"1,610,659","9,724,598"
Anna Naklab-Supergirl,45,,128,,"256,046","9,712,344"
J. Cole-Intro,11,,19,,"3,364,549","9,702,540"
Kanye West-Come to Life,6,,35,,"2,508,949","9,697,359"
"Tyler, The Creator-WHAT'S GOOD",8,,22,,"2,441,468","9,689,955"
Post Malone-Lemon Tree,7,,29,,"2,244,500","9,683,220"
Cauty-Ta To Gucci (Remix),15,,172,,"701,584","9,677,878"
Anitta-Terremoto,13,,66,,"1,248,781","9,659,413"
Zach Bryan-Tourniquet,7,,66,,"1,865,824","9,652,422"
Don Toliver-Flocky Flocky,10,,41,,"1,748,206","9,651,317"
Playboi Carti-OLYMPIAN,5,,47,,"3,184,794","9,647,338"
Stray Kids-Thunderous,11,,86,,"1,041,995","9,646,389"
Russ-Are You Entertained,7,,19,,"2,557,547","9,645,688"
Post Malone-Reputation,7,,22,,"2,507,274","9,644,402"
Harry Styles-Carolina,13,,37,,"1,658,771","9,641,781"
Luke Combs-The Kind of Love We Make,10,,80,,"1,313,349","9,618,423"
Michael Bublé-White Christmas,6,,134,,"2,210,339","9,617,004"
Halsey-Strangers,14,,80,,"1,003,035","9,616,835"
BTS-The Truth Untold,11,,50,,"1,369,542","9,608,647"
Logic-Black SpiderMan,18,,103,,"805,153","9,605,998"
Post Malone-Wasting Angels,7,,28,,"2,262,154","9,602,960"
Lil Uzi Vert-You Better Move,7,,30,,"2,581,101","9,596,524"
Lana Del Rey-Norman fucking Rockwell,8,,26,,"2,122,231","9,588,477"
Michael Bublé-Silent Night,15,,69,,"1,681,107","9,584,090"
Kygo-Freedom,12,,61,,"1,339,239","9,574,377"
Apache 207-Unterwegs,12,,82,,"1,327,321","9,574,045"
Lil Nas X-TALES OF DOMINICA,8,,41,,"1,959,544","9,544,304"
Lil Wayne-Famous,8,,27,,"2,350,034","9,540,689"
Carpenters-Sleigh Ride,10,,90,,"1,670,122","9,538,731"
Naomi Scott-Speechless (Full),15,,156,,"668,397","9,537,535"
Ivete Sangalo-Macetando,5,,40,,"2,303,364","9,524,785"
Lil Uzi Vert-444+222,14,,56,,"1,292,815","9,524,658"
Dj Ozuna-,6,,26,,"1,762,307","9,518,236"
"Tyler, The Creator-CORSO",7,,22,,"3,134,002","9,503,981"
Trippie Redd-Matt Hardy 999,9,,51,,"1,569,579","9,494,742"
JACKBOYS-GATTI,9,,21,,"2,335,212","9,489,833"
Imagine Dragons-Walking The Wire,15,,61,,"1,075,284","9,478,979"
Drake-Intro,5,,11,,"4,766,148","9,476,389"
Hotel Ugly-Shut up My Moms Calling - (Sped Up),9,,128,,"1,174,742","9,475,502"
System Of A Down-Toxicity,7,,165,,"1,398,693","9,470,897"
PinkPantheress-Illegal,7,,85,,"1,564,935","9,470,343"
Big Sean-One Man Can Change The World,29,,54,,"476,891","9,467,058"
BIGBANG-Still Life,8,,21,,"2,070,719","9,462,488"
"Maroon 5-Moves Like Jagger - Studio Recording From ""The Voice"" Performance",59,,150,,"237,434","9,462,360"
Sam Smith-Say It First,13,,71,,"1,072,038","9,452,982"
Saweetie-My Type,15,,161,,"713,030","9,445,521"
Natanael Cano-Mas Altas Que Bajadas,7,,65,,"2,016,843","9,442,913"
Natanzinho Lima-Uma e Quinze da Manhã,6,,57,,"2,022,323","9,441,751"
Takeoff-Last Memory,13,,81,,"1,076,104","9,436,417"
Kid Ink-Ride Out,36,,75,,"384,284","9,432,490"
Calvin Harris-Feel So Close,8,,158,,"1,358,604","9,430,153"
Juice WRLD-Feline,7,,27,,"2,425,436","9,422,363"
Playboi Carti-MUNYUN,4,,26,,"4,204,188","9,411,103"
Drake-Overdrive,6,,26,,"3,060,106","9,407,041"
Linkin Park-Cut the Bridge,5,,24,,"3,096,784","9,404,885"
blink-182-Bored To Death,24,,57,,"853,768","9,404,769"
USHER-DJ Got Us Fallin' In Love,7,,103,,"1,490,288","9,402,238"
J Balvin-Gris,10,,48,,"1,765,960","9,401,117"
J. Cole-She's Mine Pt. 2,10,,33,,"1,542,240","9,399,694"
Ariana Grande-love language,7,,26,,"2,846,018","9,399,230"
Drake-Now & Forever,28,,34,,"600,282","9,399,064"
Dua Lipa-Pretty Please,9,,43,,"1,743,206","9,398,995"
Bad Bunny-Caro,14,,130,,"918,313","9,398,097"
Ariana Grande-west side,7,,25,,"2,850,790","9,397,167"
Eminem-Guilty Conscience 2,5,,37,,"3,038,960","9,385,237"
LeeHi-ONLY,13,,175,,"751,711","9,379,148"
Zach Bryan-Sarah's Place,6,,24,,"2,527,975","9,367,915"
Mac Miller-Complicated,7,,31,,"2,690,111","9,363,971"
SZA-Conceited,6,,58,,"2,261,131","9,360,973"
Frank Sinatra-The First Noel - Remastered 1999,11,,77,,"1,572,024","9,349,913"
Loredana-Eiskalt,14,,143,,"743,849","9,348,717"
Dua Lipa-Cool,9,,37,,"1,910,796","9,344,633"
Don Patricio-Contando Lunares,14,,154,,"758,892","9,342,647"
Summer Walker-No Love,8,,37,,"1,875,577","9,341,304"
Ed Sheeran-First Times,8,,31,,"1,973,079","9,330,243"
Eminem-Yah Yah,8,,45,,"2,140,639","9,329,598"
KIDS SEE GHOSTS-Freeee (Ghost Town Pt. 2),8,,35,,"1,715,793","9,325,125"
Big Sean-Go Legend (& Metro Boomin),12,,55,,"1,183,644","9,320,376"
Harry Styles-To Be So Lonely,7,,32,,"2,356,043","9,319,160"
OneRepublic-Wanted,12,,68,,"1,224,233","9,318,845"
Prince Royce-Stuck On a Feeling,48,,109,,"255,677","9,315,151"
Family of the Year-Hero,52,,143,,"219,250","9,312,990"
TOMORROW X TOGETHER-0X1=LOVESONG (I Know I Love you),10,,78,,"1,172,726","9,311,385"
Future-Claustrophobic,5,,22,,"3,380,340","9,306,558"
Kanye West-Ok Ok pt 2,4,1,5,,"5,940,975","9,303,266"
Drake-Desires,7,,18,,"2,869,224","9,291,788"
The Weeknd-Opening Night,5,,33,,"2,693,747","9,286,862"
Drake-Live From The Gutter,31,,79,,"413,987","9,283,140"
Lil Skies-Lust,17,,186,,"608,946","9,278,348"
Imagine Dragons-Machine,12,,60,,"1,289,342","9,267,462"
will.i.am-Boys & Girls,30,,145,,"359,904","9,265,263"
Justin Timberlake-Supplies,13,,54,,"1,237,534","9,247,086"
Beyoncé-PROTECTOR,5,,25,,"3,229,301","9,235,931"
Young Stoner Life-Ski,9,,40,,"1,666,610","9,231,974"
21 Savage-Numb,17,,110,,"670,557","9,229,659"
A$AP Rocky-Bad Company,14,,89,,"883,496","9,225,934"
Taylor Swift-Forever Winter (Taylor's Version) (From The Vault),7,,56,,"2,126,599","9,225,926"
21 Savage-dangerous,5,,27,,"2,837,282","9,223,254"
Kanye West-Lord I Need You,5,,33,,"2,669,264","9,221,270"
Sleep Token-Damocles,6,,37,,"2,368,653","9,218,593"
Trippie Redd-Holy Smokes,10,,78,,"1,363,995","9,214,290"
NAV-Up,20,,167,,"496,241","9,212,269"
Luan Santana-quando a bad bater - Ao Vivo,14,,165,,"707,063","9,211,780"
The Weeknd-Shameless,27,,58,,"531,272","9,199,790"
Kanye West-BEG FORGIVENESS,4,,26,,"2,748,432","9,191,870"
Lil Nas X-C7osure (You Like),12,,99,,"948,344","9,188,061"
Taylor Swift-Innocent (Taylor's Version),4,,23,,"4,239,290","9,182,022"
Bonez MC-Fuckst mich nur ab,11,,79,,"1,180,903","9,169,333"
"Tyler, The Creator-SWEET / I THOUGHT YOU WANTED TO DANCE",7,,31,,"2,565,625","9,142,721"
KATSEYE-Gameboy,7,,106,,"1,488,670","9,141,335"
Future-712PM,7,,15,,"2,609,609","9,124,564"
Pop Smoke-44 BullDog,8,,25,,"2,185,344","9,118,762"
Lady Gaga-Free Woman,7,,18,,"2,860,683","9,114,004"
ZAYN-BeFoUr,22,,53,,"726,904","9,112,739"
Playboi Carti-JUMPIN,4,,33,,"3,688,881","9,106,709"
Post Malone-I Cannot Be (A Sadder Song),7,,33,,"2,202,713","9,073,108"
Michelle Williams-Tightrope,17,,163,,"579,399","9,069,508"
Olly Murs-Kiss Me,34,,110,,"314,567","9,069,225"
Beyoncé-VIRGO'S GROOVE,7,,30,,"2,372,450","9,056,408"
Pashanim-Shabab(e)s im VIP,7,,109,,"1,507,764","9,052,136"
Baby Lasagna-Rim Tim Tagi Dim,5,,45,,"2,189,698","9,041,910"
Taylor Swift-Fearless (Taylor’s Version),6,,13,,"3,130,482","9,038,593"
Capital Bra-One Night Stand,13,,96,,"819,052","9,030,014"
JISOO-All Eyes On Me,5,,16,,"3,104,156","9,027,226"
Guilherme & Benuto-Duas Três,8,,174,,"1,197,683","9,024,915"
Hilary Duff-Sparks,37,,107,,"322,485","9,023,828"
"Tyler, The Creator-PUPPET",8,,25,,"2,251,562","9,018,443"
Mc IG-Sorriso no Rosto,7,,152,,"1,431,983","9,009,678"
Taylor Swift-Daylight,8,,42,,"1,834,253","9,006,326"
Esau Ortiz-Triple Lavada,7,,117,,"1,419,080","9,005,951"
Lauv-Who,11,,121,,"1,132,869","9,005,610"
Billie Eilish-Male Fantasy,8,,55,,"1,638,949","9,003,801"
The Weeknd-Until I Bleed Out,7,,34,,"2,449,518","8,998,999"
BTS-Butter (Instrumental),9,,43,,"1,883,004","8,991,821"
Don Toliver-TORE UP,7,,156,,"1,447,130","8,990,774"
"Harry Styles-Sunflower, Vol. 6",7,,34,,"2,201,298","8,985,629"
Taylor Swift-Begin Again (Taylor's Version),6,,36,,"2,558,716","8,969,930"
Ed Sheeran-1000 Nights,8,,46,,"1,751,022","8,968,082"
Anuel AA-Mercedes Tintia,8,,90,,"1,235,664","8,965,412"
Kanye West-Feedback,21,,65,,"616,884","8,964,582"
Ariana Grande-raindrops (an angel cried),8,,21,,"2,445,133","8,958,462"
Playboi Carti-COCAINE NOSE,4,,38,,"3,555,838","8,953,692"
Brisa Star-Se Joga no Passinho,11,,122,,"956,909","8,953,501"
Gunna-Too Easy,10,,78,,"1,241,309","8,933,333"
Juice WRLD-Rockstar In His Prime,7,,32,,"2,192,467","8,928,877"
6ix9ine-KANGA,8,,23,,"1,979,109","8,925,563"
j-hope-Killin' It Girl (Solo Version),7,,124,,"1,347,342","8,919,343"
Ufo361-Pass auf wen du liebst,10,,51,,"1,226,233","8,914,958"
Loud Luxury-Love No More,14,,150,,"759,601","8,910,474"
Lazza-100 MESSAGGI,6,,59,,"1,953,098","8,905,974"
Outkast-Hey Ya! - Radio Mix / Club Mix,47,,131,,"440,958","8,905,279"
Jamie Lawson-Wasn't Expecting That,38,,137,,"272,271","8,900,723"
Crush-Rush Hour (Feat. j-hope of BTS),8,,58,,"1,527,335","8,899,297"
Ninho-Jefe,9,,69,,"1,533,209","8,898,246"
Eminem-Never Love Again,8,,56,,"1,923,386","8,882,697"
Justin Bieber-Habitual,7,,30,,"2,363,016","8,882,626"
Drake-Omertà,8,,18,,"2,144,500","8,877,352"
Anitta-Indecente,15,,123,,"716,612","8,873,708"
Gusttavo Lima-Fala Mal de Mim - Ao Vivo,10,,120,,"1,037,017","8,870,870"
Red Hot Chili Peppers-Black Summer,8,,31,,"1,911,734","8,869,485"
My Chemical Romance-Teenagers,12,,171,,"794,213","8,868,790"
21 Savage-Rap Saved Me,12,,51,,"1,154,702","8,864,110"
The Weeknd-Every Angel is Terrifying,6,,25,,"2,704,736","8,858,176"
Loredana-Jetzt rufst du an,12,,119,,"908,499","8,846,786"
Eminem-Farewell,8,,68,,"1,767,251","8,836,673"
Mac Miller-Ladders,10,,40,,"1,697,565","8,835,851"
Pop Smoke-Enjoy Yourself,10,,65,,"1,483,136","8,825,154"
Lil Uzi Vert-Bean (Kobe),7,,22,,"2,499,572","8,812,324"
Lana Del Rey-Mariners Apartment Complex,12,,67,,"1,159,295","8,812,024"
J Balvin-Si Tu Novio Te Deja Sola,20,,166,,"482,649","8,809,204"
Playboi Carti-LIKE WEEZY,5,,56,,"2,810,728","8,803,253"
Tory Lanez-Jerry Sprunger,10,,63,,"1,236,764","8,794,569"
J Balvin-Rosa,9,,44,,"1,958,001","8,789,211"
Of Monsters and Men-Little Talks,61,,146,,"154,630","8,787,179"
Justin Bieber-All Around Me,7,,24,,"2,434,300","8,779,823"
XXXTENTACION-One Minute,7,,11,,"2,764,133","8,771,023"
Drake-Views,21,,81,,"588,024","8,768,247"
Jasleen Royal-Sahiba,7,,158,,"1,289,332","8,764,633"
Taylor Swift-Ours (Taylor’s Version),4,,26,,"3,866,730","8,757,102"
The Weeknd-Given Up On Me,5,,43,,"2,394,560","8,752,972"
Arctic Monkeys-Four Out Of Five,8,,17,,"2,299,291","8,739,826"
KIDS SEE GHOSTS-Fire,8,,42,,"1,541,056","8,733,514"
Becky Hill-Remember (and David Guetta),11,,151,,"870,748","8,731,637"
MC Du Black-Gaiola É o Troco,13,,139,,"768,291","8,724,123"
Kendrick Lamar-Mother I Sober,5,,29,,"3,272,066","8,723,141"
Shawn Mendes-Why Why Why,6,,60,,"2,067,226","8,709,945"
LANY-Thru These Tears,15,,125,,"771,866","8,706,870"
Louis Armstrong-Cool Yule,6,,131,,"1,738,303","8,702,301"
Travis Scott-COFFEE BEAN,8,,36,,"2,247,432","8,701,901"
Nicky Jam-Hiekka,7,,151,,"1,384,849","8,696,091"
Bazzi-No Way!,12,,80,,"1,066,749","8,684,514"
La La Land Cast-Another Day Of Sun,20,,132,,"546,813","8,682,829"
21 Savage-Many Men,7,,33,,"2,351,039","8,675,173"
Kanye West-HOODRAT,4,,23,,"2,908,491","8,667,221"
PARTYNEXTDOOR-SOMEBODY LOVES ME,5,,47,,"2,877,041","8,661,073"
SZA-Too Late,6,,68,,"2,053,575","8,660,399"
KHEA-WACHA,11,,118,,"866,047","8,659,745"
MoTrip-So wie du bist,40,,134,,"237,807","8,627,098"
Lady Gaga-A-YO,16,,48,,"1,070,223","8,625,430"
Young Thug-Chanel (Go Get It),14,,121,,"792,891","8,624,208"
Harry Styles-Kiwi,14,,65,,"1,160,315","8,620,123"
Disco Lines-No Broke Boys,7,,157,,"1,289,744","8,617,999"
Quavo-HOTEL LOBBY (Unc & Phew),8,,79,,"1,399,008","8,612,322"
Eminem-Like Home,8,,29,,"1,704,993","8,611,333"
BTS-Moon,8,,56,,"1,635,935","8,609,433"
Mimi Webb-Good Without,12,,177,,"756,066","8,604,233"
Anitta-Boys Don't Cry,9,,53,,"1,492,046","8,598,505"
One Direction-Where Do Broken Hearts Go,31,,54,,"382,397","8,595,442"
Billie Eilish-GOLDWING,7,,38,,"2,040,118","8,589,283"
Lil Wayne-Dope Niggaz,7,,24,,"2,440,264","8,587,983"
BTS-Friends,7,,48,,"1,821,831","8,587,944"
Drake-Away From Home,5,,46,,"2,653,056","8,586,638"
Iggy Azalea-Trouble,38,,108,,"299,261","8,573,087"
NF-HAPPY,7,,69,,"1,619,066","8,569,815"
"Andrew Gold-Spooky, Scary Skeletons - Undead Tombstone Remix",4,,28,,"3,339,739","8,566,726"
The Moonglows-Hey Santa Claus,4,,60,,"2,315,383","8,565,753"
"Tyler, The Creator-GONE, GONE / THANK YOU",8,,34,,"1,983,998","8,549,842"
Danny Ocean-Priti,7,,135,,"1,380,329","8,548,772"
Meghan Trainor-My Kind Of Present,6,,99,,"1,946,220","8,538,367"
One Direction-Temporary Fix,19,,48,,"941,262","8,535,402"
Post Malone-Insane,7,,49,,"1,905,573","8,535,029"
Stormzy-Big For Your Boots,16,,116,,"674,956","8,532,343"
Capital Bra-Zombie,10,,69,,"1,339,620","8,531,782"
Noah Kahan-Forever,5,,32,,"2,636,552","8,525,591"
Justin Bieber-Beauty And A Beat,7,,165,,"1,490,932","8,518,138"
Tate McRae-Signs,6,,101,,"1,725,885","8,516,311"
Lil Baby-Right On,9,,72,,"1,269,033","8,504,902"
Shindy-DODI,10,,56,,"1,308,017","8,500,483"
Logic-Indica Badu,9,,40,,"1,612,425","8,497,659"
Cigarettes After Sex-Sunsetz,7,,162,,"1,285,520","8,497,460"
Romeo Santos-El Pañuelo,8,,82,,"1,327,116","8,494,936"
XXXTENTACION-what are you so afraid of,7,,21,,"2,314,446","8,493,682"
Rod Wave-Richer,10,,70,,"1,278,116","8,492,159"
Kanye West-Jesus Is Lord,6,,30,,"2,065,770","8,469,816"
Ed Sheeran-Way To Break My Heart,8,,47,,"1,702,848","8,455,029"
Tracy Chapman-Fast Car,6,,113,,"1,524,911","8,446,771"
Playboi Carti-TWIN TRIM,4,,45,,"3,297,191","8,444,715"
John Mayer-Last Train Home,9,,56,,"1,592,287","8,443,065"
Eminem-Gnat,7,,56,,"1,707,181","8,436,418"
Rae Sremmurd-Look Alive,29,,150,,"325,547","8,435,763"
Lana Del Rey-Did you know that there's a tunnel under Ocean Blvd,6,,55,,"2,008,742","8,433,175"
Irama-Ovunque Sarai,9,,73,,"1,091,374","8,423,888"
Logic-Perfect,8,,55,,"1,736,034","8,417,151"
Coldplay-Clocks,8,,170,,"1,258,409","8,410,854"
Broiler-Wild Eyes,55,,128,,"210,316","8,409,068"
aespa-UP - KARINA Solo,6,,122,,"1,484,211","8,395,252"
Alle Farben-Please Tell Rosie,28,,152,,"342,268","8,392,556"
BTS-Skit,7,,21,,"2,623,585","8,392,247"
Drake-Star67,29,,52,,"482,267","8,391,519"
Belly-Better Believe,8,,38,,"1,805,760","8,389,450"
Tate McRae-chaotic,8,,56,,"1,447,799","8,374,926"
The Cratez-Honda Civic,10,,70,,"1,190,857","8,374,693"
Ariana Grande-successful,8,,35,,"1,904,988","8,373,625"
mgk-ay!,9,,49,,"1,477,023","8,370,965"
5 Seconds of Summer-Girls Talk Boys,20,,54,,"866,443","8,365,803"
Lorde-Mood Ring,8,,43,,"1,774,019","8,362,751"
Ed Sheeran-I Don't Want Your Money,8,,51,,"1,648,947","8,355,192"
twocolors-Lovefool,12,,134,,"1,057,468","8,345,901"
PARTYNEXTDOOR-MOTH BALLS,4,,26,,"3,824,275","8,345,361"
Shubh-Supreme,7,,154,,"1,251,626","8,340,080"
The Weeknd-Take Me Back To LA,5,,62,,"2,131,808","8,333,884"
Bausa-Madonna,10,,66,,"1,227,512","8,333,048"
Farid Bang-Maghreb Gang,12,,136,,"838,419","8,319,805"
Drake-Used To,29,,45,,"501,747","8,319,584"
Jorge & Mateus-Xonei,6,,113,,"1,561,724","8,317,425"
Drake-Not You Too,6,,17,,"2,975,819","8,308,692"
Nick Jonas-Bom Bidi Bom,17,,130,,"587,832","8,307,327"
Noah Kahan-Northern Attitude,6,,36,,"2,223,993","8,304,975"
SZA-Far,6,,73,,"1,943,341","8,303,866"
Badpojken-Johnny G (The Guidetti Song),33,,114,,"325,180","8,297,951"
Eminem-Untouchable,9,,34,,"1,682,107","8,297,042"
Lil Pump-Racks on Racks,9,,44,,"1,556,911","8,271,926"
Taylor Swift-The Lucky One (Taylor's Version),6,,41,,"2,389,222","8,266,194"
Michael Bublé-Blue Christmas,23,,45,,"1,129,164","8,261,493"
Julia Michaels-Anxiety,12,,82,,"1,114,957","8,259,091"
Bruno Mars-Blast Off,7,,63,,"1,979,632","8,257,659"
21 Savage-Slidin,7,,32,,"2,353,215","8,243,488"
HEARTSTEEL-PARANOIA,5,,43,,"1,990,487","8,236,989"
Norm Ender-Mekanın Sahibi,12,,136,,"766,768","8,232,942"
Taylor Swift-Sad Beautiful Tragic (Taylor's Version),6,,43,,"2,382,979","8,232,222"
One Direction-I Want to Write You a Song,19,,54,,"899,679","8,228,682"
Lil Wayne-Open Letter,7,,23,,"2,468,404","8,228,373"
BTS-We are Bulletproof : the Eternal,7,,54,,"1,693,464","8,222,713"
Brent Faiyaz-Clouded,7,,158,,"1,286,816","8,216,109"
Kid Cudi-Another Day,6,,36,,"2,694,089","8,214,747"
Lil Baby-California Breeze,7,,43,,"1,829,164","8,207,979"
Mac Miller-Woods,7,,49,,"2,072,651","8,206,216"
Irama-Tu No,6,,134,,"1,452,672","8,201,194"
Lil Nas X-LOST IN THE CITADEL,7,,40,,"1,986,093","8,200,216"
Pop Smoke-Woo Baby,8,,51,,"1,656,738","8,195,487"
Katy Perry-Firework,19,,103,,"1,594,952","8,195,295"
Tinashe-2 On,45,,92,,"254,579","8,189,532"
Lil Nas X-Late To Da Party,7,,50,,"1,655,763","8,186,777"
Taylor Swift-Come Back...Be Here (Taylor's Version),6,,48,,"2,282,404","8,179,229"
Beyoncé-Partition,55,,125,,"189,249","8,178,364"
Becky G-Lovin' So Hard,41,,138,,"241,122","8,176,493"
Lil Uzi Vert-Yessirskiii,7,,32,,"2,157,783","8,175,677"
Sia-Bird Set Free,31,,95,,"378,280","8,173,528"
Kanye West-Donda Chant,4,,18,,"3,641,199","8,158,252"
Axwell /\ Ingrosso-Something New,44,,90,,"398,131","8,154,237"
JJ-Wasted Love,5,,23,,"2,281,677","8,149,580"
Lil Uzi Vert-Seven Million,26,,168,,"355,553","8,148,267"
mgk-make up sex,8,,43,,"1,604,450","8,148,252"
CNCO-Mamita,15,,174,,"595,127","8,147,547"
Rels B-lo que hay x aquí,7,,147,,"1,250,211","8,141,618"
BTS-Inner Child,7,,51,,"1,774,579","8,119,818"
J Balvin-UN PESO,9,,58,,"1,495,387","8,117,628"
Liam Payne-All I Want (For Christmas),6,,99,,"1,619,663","8,116,335"
Zé Neto & Cristiano-Largado As Traças - Acústico,14,,153,,"677,779","8,101,328"
Gorillaz-Saturnz Barz,13,,85,,"959,859","8,100,971"
KIDS SEE GHOSTS-Cudi Montage,8,,54,,"1,350,339","8,095,295"
Feid-LUCES DE TECNO,6,,59,,"1,843,625","8,079,735"
Arctic Monkeys-There’d Better Be A Mirrorball,6,,35,,"1,881,307","8,071,664"
Dillon Francis-Get Low,39,,121,,"253,454","8,067,025"
Anitta-Veneno,12,,120,,"946,681","8,056,950"
Rihanna-Sex With Me,24,,151,,"368,488","8,053,550"
Sfera Ebbasta-Baby,8,,36,,"1,926,614","8,049,276"
"Tyler, The Creator-Who Dat Boy",14,,105,,"843,048","8,049,197"
Samra-Huracan,9,,63,,"1,338,698","8,040,402"
Linkin Park-Stained,5,,42,,"2,539,295","8,040,316"
Taylor Swift-Starlight (Taylor's Version),6,,47,,"2,303,813","8,037,531"
Taylor Swift-The Moment I Knew (Taylor's Version),6,,51,,"2,222,465","8,035,759"
Lunay-La Cama - Remix,13,,184,,"645,116","8,019,327"
"Judy Garland-Have Yourself A Merry Little Christmas - ""Meet Me In St. Louis"" Original Cast Recording",9,,60,,"1,424,129","8,018,577"
Becky G-Can't Stop Dancin',46,,110,,"217,979","8,015,700"
Kanye West-PROBLEMATIC,4,,39,,"2,376,063","8,010,442"
Justin Bieber-Second Emotion,7,,33,,"2,162,784","8,009,400"
Ab-Soul-Bloody Waters,12,,78,,"1,080,793","8,007,400"
Darlene Love-Winter Wonderland,5,,125,,"1,891,350","8,002,649"
XXXTENTACION-Train food,6,,12,,"2,757,463","7,998,519"
6ix9ine-YAYA,10,,106,,"1,004,881","7,976,182"
XXXTENTACION-before I close my eyes,10,,54,,"1,445,788","7,973,409"
Metro Boomin-Lock On Me,6,,96,,"1,629,949","7,965,038"
Sofía Reyes-Muevelo,34,,99,,"290,388","7,961,892"
Ultimo-I Tuoi Particolari,10,,78,,"1,056,389","7,946,556"
PARTYNEXTDOOR-SOMETHING ABOUT YOU,4,,30,,"3,653,099","7,945,638"
mgk-cliché,6,,142,,"1,407,788","7,940,839"
Drake-Tie That Binds,6,,34,,"2,518,413","7,938,887"
Shawn Mendes-Teach Me How To Love,7,,35,,"2,105,701","7,932,101"
Bebe Rexha-I Can't Stop Drinking About You,52,,128,,"191,886","7,922,581"
Ed Sheeran-Azizam,4,,38,,"2,156,384","7,917,093"
Sexyy Red-Get It Sexyy,6,,167,,"1,363,161","7,911,251"
Kali Uchis-Labios Mordidos,6,,75,,"1,571,727","7,909,359"
Juice WRLD-Sometimes,7,,46,,"1,551,092","7,902,249"
MC Kevinho-Ta Tum Tum,14,,155,,"641,608","7,898,198"
Ariana Grande-Santa Tell Me - Naughty Version,2,2,6,,"3,996,937","7,892,565"
Kanye West-Tell The Vision,5,,40,,"2,354,077","7,880,253"
"George Ezra-White Christmas - Spotify Singles - Holiday, Recorded at Air Studios, London",7,,119,,"1,361,069","7,879,036"
Red Velvet - IRENE & SEULGI-Monster,10,,83,,"1,042,631","7,861,463"
i-dle-TOMBOY,10,,159,,"816,530","7,858,599"
Ariana Grande-better off,8,,39,,"1,730,320","7,858,403"
Zé Felipe-Senta Danada,10,,167,,"891,232","7,846,897"
Abor & Tynna-Baller,5,,59,,"1,824,334","7,840,379"
Beyoncé-PLASTIC OFF THE SOFA,6,,31,,"2,356,395","7,837,168"
Lil Uzi Vert-Aye,4,,11,,"3,611,185","7,835,637"
Gunna-P power,7,,60,,"1,413,212","7,834,981"
KALUSH-Stefania (Kalush Orchestra),6,,38,,"1,962,754","7,832,882"
KC Rebell-DNA,10,,121,,"881,712","7,827,341"
Khalid-Vertigo,8,,36,,"1,752,300","7,823,467"
Bonez MC-Roadrunner,9,,79,,"1,106,013","7,819,829"
Erica Banks-Buss It,11,,184,,"738,354","7,801,227"
DJ Khaled-Gold Slugs,28,,99,,"348,888","7,799,018"
Tate McRae-Siren sounds (bonus),6,,102,,"1,685,295","7,790,077"
Logic-Flexicution,22,,98,,"525,161","7,788,622"
Eminem-Remind Me,7,,26,,"1,742,312","7,777,963"
BTS-Anpanman,11,,77,,"1,045,107","7,773,431"
Miriam Bryant-Ett sista glas,31,,121,,"299,064","7,771,868"
Thomas Gold-Magic,18,,168,,"492,133","7,768,189"
Beyoncé-TYRANT,5,,64,,"2,131,659","7,764,674"
Bryson Tiller-Outta Time,7,,41,,"2,024,835","7,762,934"
21 Savage-should've wore a bonnet,5,,44,,"2,352,083","7,756,819"
Brent Faiyaz-Wasting Time ( feat. Drake ),8,,39,,"1,778,619","7,749,576"
Tokischa-Linda,10,,140,,"865,016","7,745,468"
t-low-We Made It,8,,52,,"1,411,287","7,744,896"
Omah Lay-Attention,8,,46,,"1,533,631","7,741,194"
Sia-Move Your Body - Alan Walker Remix,22,,151,,"403,594","7,721,568"
Eminem-Little Engine,7,,63,,"1,824,799","7,717,040"
Miley Cyrus-Plastic Hearts,9,,95,,"1,221,989","7,715,832"
Bad Bunny-SI ELLA SALE,6,,25,,"2,129,818","7,712,259"
DJ Khaled-BEAUTIFUL,7,,56,,"1,645,549","7,712,185"
Coldplay-Paradise,43,,102,,"1,309,602","7,700,720"
Giorgia-LA CURA PER ME,6,,129,,"1,372,881","7,696,370"
Amy Winehouse-Back To Black,6,,169,,"1,343,553","7,693,519"
Trippie Redd-Love Me More,10,,64,,"1,224,403","7,691,659"
Kodak Black-MoshPit,8,,54,,"1,408,570","7,686,050"
Christina Aguilera-Have Yourself a Merry Little Christmas,9,,100,,"1,335,848","7,681,282"
Taylor Swift-It’s Nice To Have A Friend,7,,44,,"1,801,520","7,680,088"
Drake-I'm The Plug,27,,91,,"363,788","7,674,013"
Gordo-Sideways,6,,146,,"1,396,078","7,671,477"
Various Artists-,3,,15,,"3,197,056","7,655,786"
Marília Mendonça-Te Amo Demais,8,,72,,"1,321,850","7,655,336"
Playboi Carti-OPM BABI,4,,52,,"2,950,940","7,649,098"
Nueva H-YCQVM,6,,161,,"1,338,192","7,642,364"
Lil Uzi Vert-Suicide Doors,4,,12,,"3,553,537","7,640,307"
"Tyler, The Creator-SIR BAUDELAIRE",5,,20,,"3,228,838","7,640,293"
Lil Nas X-AM I DREAMING,7,,46,,"1,779,436","7,632,690"
¥$-STARS,5,,48,,"2,173,144","7,614,671"
PARTYNEXTDOOR-DEEPER,4,,37,,"3,261,799","7,606,163"
Eminem-From The D 2 The LBC,8,,64,,"1,446,783","7,602,910"
Taylor Swift-Superman (Taylor’s Version),4,,34,,"3,360,083","7,586,682"
Blake Roman-Poison - Hazbin Hotel Original Soundtrack,6,,155,,"1,302,814","7,585,981"
DeJ Loaf-Back Up,31,,139,,"336,514","7,581,002"
21 Savage-prove it,5,,51,,"2,234,111","7,574,334"
Drake-6 Man,28,,58,,"440,983","7,573,074"
mgk-bloody valentine,9,,89,,"1,138,746","7,551,364"
NLE Choppa-Shotta Flow,12,,184,,"651,494","7,547,746"
Lil Nas X-ONE OF ME,6,,32,,"2,195,151","7,539,021"
Harry Styles-Two Ghosts,12,,56,,"1,290,800","7,522,759"
Ariana Grande-get well soon,8,,43,,"1,635,443","7,521,754"
Joji-Feeling Like The End,5,,61,,"2,213,654","7,519,363"
Young Stoner Life-Diamonds Dancing,7,,32,,"1,912,625","7,515,766"
Anne-Marie-Birthday,9,,90,,"1,066,571","7,506,792"
Bonez MC-Big Body Benz,8,,58,,"1,374,976","7,491,323"
Baby Keem-durag activity,7,,38,,"1,827,979","7,485,416"
Kygo-ID - Ultra Music Festival Anthem,27,,60,,"467,249","7,482,839"
Lana Del Rey-Watercolor Eyes,7,,53,,"1,461,233","7,473,187"
Post Malone-Only Wanna Be With You - Pokémon 25 Version,7,,40,,"1,686,070","7,464,020"
One Direction-Wolves,18,,60,,"820,357","7,462,586"
XXXTENTACION-Floor 555,9,,62,,"1,312,533","7,458,584"
Chappell Roan-Femininomenon,6,,185,,"1,273,950","7,452,358"
Drake-Landed,6,,27,,"2,530,901","7,449,107"
"Thurl Ravenscroft-You're A Mean One, Mr. Grinch",7,,107,,"1,469,420","7,447,831"
Amy Grant-White Christmas,5,,52,,"3,104,254","7,439,077"
TOMORROW X TOGETHER-LO$ER=LO♡ER,9,,81,,"1,055,484","7,437,353"
Polo G-Distraction,7,,89,,"1,416,952","7,434,823"
Cyndi Lauper-Girls Just Want to Have Fun,6,,170,,"1,346,106","7,427,123"
Gunna-thought i was playing,7,,43,,"1,813,342","7,427,108"
iann dior-Prospect (ft. Lil Baby),11,,140,,"713,548","7,402,913"
Future-Magic Don Juan (Princess Diana),4,,27,,"2,916,016","7,399,128"
Polo G-Epidemic,8,,77,,"1,222,010","7,389,989"
Shirin David-ON OFF,9,,90,,"1,136,459","7,388,760"
Miley Cyrus-Younger Now,13,,70,,"992,746","7,387,469"
Stan Kenton-Lonesome Train,9,,99,,"993,159","7,387,237"
Justin Bieber-Running Over,7,,44,,"1,887,252","7,383,970"
Mac Miller-Everybody,6,,46,,"2,138,807","7,381,446"
Panic! At The Disco-Emperor's New Clothes,26,,92,,"389,485","7,376,277"
CORPSE-HOT DEMON B!TCHES NEAR U ! ! !,8,,115,,"1,159,968","7,375,178"
Justin Bieber-Available,7,,49,,"1,855,545","7,372,254"
Bazzi-Young & Alive,10,,152,,"944,260","7,365,639"
Thomas Rhett-Marry Me,13,,167,,"619,232","7,333,207"
Christina Aguilera-This Christmas,6,,110,,"1,470,602","7,329,885"
Lil Baby-Live Off My Closet,7,,47,,"1,709,586","7,326,883"
Lil Baby-Hats Off,7,,70,,"1,398,119","7,324,233"
Future-Runnin Outta Time,4,,30,,"2,852,590","7,315,880"
Pop Smoke-Creature,7,,37,,"1,865,552","7,308,690"
Eminem-Road Rage,4,,40,,"2,848,444","7,308,450"
Selena Gomez-Vulnerable,7,,43,,"1,755,978","7,308,153"
Beyoncé-HEATED,6,,39,,"2,008,084","7,292,688"
Future-Drankin N Smokin,7,,40,,"1,734,614","7,292,247"
Logic-Wassup,8,,44,,"1,569,679","7,285,644"
Logic-Confessions of a Dangerous Mind,8,,51,,"1,462,255","7,284,112"
Kalazh44-Royal Rumble,9,,78,,"1,104,086","7,283,129"
Beyoncé-MY ROSE,4,,31,,"2,908,701","7,281,291"
Juice WRLD-Anxiety - Intro,5,,16,,"3,357,478","7,279,478"
J. Cole-Snow On Tha Bluff,6,,19,,"2,219,088","7,278,965"
Brytiago-Asesina,10,,107,,"852,998","7,275,971"
Lean Trap-La Modelo,13,,174,,"603,558","7,270,153"
Gucci Mane-Met Gala,15,,143,,"567,844","7,269,007"
Ariana Grande-blazed,7,,28,,"2,170,025","7,265,064"
Madame-IL BENE NEL MALE,6,,103,,"1,362,300","7,260,520"
MUSIC LAB JPN-Danza Kuduro - Cover,5,,94,,"1,618,951","7,258,540"
Fall Out Boy-Fourth Of July,24,,73,,"363,734","7,249,962"
Kendrick Lamar-untitled 03 | 05.28.2013.,13,,27,,"1,333,690","7,247,423"
Justin Bieber-The Christmas Song (Chestnuts Roasting On An Open Fire),8,,156,,"1,369,070","7,228,163"
David Guetta-Light My Body Up,12,,77,,"1,106,259","7,226,876"
XXXTENTACION-STARING AT THE SKY,6,,19,,"2,360,561","7,226,706"
Eminem-Temporary,4,,52,,"2,590,467","7,226,527"
Selena Gomez-Dance Again,7,,41,,"1,848,331","7,223,853"
ROSALÍA-Aute Cuture,9,,80,,"1,143,814","7,221,988"
Go_A-SHUM,7,,69,,"1,187,927","7,220,906"
KIDS SEE GHOSTS-Kids See Ghosts,7,,49,,"1,418,164","7,216,870"
Dudy Oris-Aku Yang Jatuh Cinta,6,,151,,"1,253,123","7,215,934"
Selena Gomez-Love On,5,,50,,"2,198,739","7,207,474"
Harry Styles-Fine Line,6,,38,,"2,013,433","7,201,207"
Jack Harlow-SUVs (Black on Black),8,,86,,"1,138,522","7,200,773"
Sido-Astronaut,32,,135,,"272,323","7,182,960"
Frank Ocean-Thinkin Bout You,10,,113,,"1,289,884","7,169,918"
Lady Gaga-Fun Tonight,6,,23,,"2,493,126","7,164,976"
"Metro Boomin-Link Up (Metro Boomin & Don Toliver, Wizkid feat. BEAM & Toian) - Spider-Verse Remix (Spider-Man: Across the Spider-Verse )",6,,149,,"1,290,717","7,164,363"
Luke Combs-The Man He Sees in Me,5,,95,,"1,679,611","7,161,557"
Khalid-Bad Luck,7,,48,,"1,681,033","7,157,761"
Beyoncé-ALLIIGATOR TEARS,4,,35,,"2,700,375","7,156,838"
Drake-Down Hill,5,,33,,"2,674,015","7,152,894"
Peg Parnevik-Ain't No Saint,19,,69,,"525,508","7,149,446"
Capital Bra-Der Bratan bleibt der gleiche,7,,42,,"1,512,966","7,142,650"
A Boogie Wit da Hoodie-Reply,8,,52,,"1,325,091","7,138,802"
Drake-Madonna,24,,54,,"470,607","7,114,988"
Pop Smoke-Yea Yea,7,,42,,"1,827,057","7,112,419"
Summer Cem-Summer Cem,9,,76,,"1,092,422","7,111,805"
George Ezra-Blame It on Me,49,,120,,"213,596","7,109,516"
Paulo Londra-Solo Pienso En Ti,9,,121,,"968,499","7,106,761"
Zach Bryan-Fear and Friday's,5,,49,,"2,148,902","7,105,587"
Bing Crosby-God Rest Ye Merry Gentlemen,7,,129,,"1,409,750","7,095,749"
Liam Payne-Naughty List,5,,71,,"2,247,401","7,095,345"
Dedublüman-Belki,8,,163,,"906,585","7,087,267"
mgk-love race,8,,62,,"1,360,253","7,086,872"
Tame Impala-Breathe Deeper,7,,54,,"1,724,362","7,081,432"
Sam Smith-No Peace,11,,96,,"811,565","7,074,281"
Barbara Pravi-Voilà,6,,44,,"1,604,147","7,066,579"
ENHYPEN-Sweet Venom,5,,58,,"1,899,720","7,058,239"
One Direction-You & I,5,,87,,"1,714,123","7,043,083"
Harry Styles-Treat People With Kindness,6,,35,,"2,152,924","7,039,539"
Nicki Minaj-Black Barbies,15,,129,,"588,859","7,038,448"
Jimin-Slow Dance,4,,54,,"2,278,054","7,036,212"
Linkin Park-One More Light,11,,62,,"1,270,776","7,034,941"
Cardi B-Thru Your Phone,10,,100,,"833,589","7,032,681"
Eminem-Bad Husband,7,,47,,"1,508,547","7,030,061"
Eminem-Guts Over Fear,45,,103,,"199,739","7,029,198"
J. Cole-H.Y.B.,4,,32,,"2,764,036","7,026,627"
Bruno Mars-Chunky,15,,65,,"821,395","7,015,640"
Drake-On The Radar Freestyle,5,,79,,"1,899,095","7,013,466"
Logic-Yuck,8,,50,,"1,485,385","7,013,230"
DaBaby-PICK UP,7,,30,,"2,041,369","6,996,829"
Metro Boomin-Overdue,7,,36,,"1,567,061","6,989,120"
Charlie Charles-Peace & Love,8,,46,,"1,660,525","6,983,414"
Aldair Playboy-Amor Falso,12,,154,,"658,750","6,981,926"
Panic! At The Disco-Into the Unknown - Panic! At The Disco Version,10,,134,,"782,191","6,979,716"
Nimo-KEIN SCHLAF,8,,85,,"1,180,198","6,978,455"
Kadu Martins-Halls na Língua,6,,136,,"1,298,463","6,976,578"
Drake-Deep Pockets,5,,15,,"3,074,958","6,967,764"
Lady Gaga-Enigma,6,,26,,"2,322,559","6,967,047"
Harry Styles-Meet Me in the Hallway,11,,55,,"1,315,278","6,966,454"
"Tyler, The Creator-MASSA",5,,30,,"2,632,396","6,958,729"
Luan Pereira-Entra Na Defender,5,,148,,"1,538,605","6,947,254"
Zoe Wees-Girls Like Us,9,,167,,"828,869","6,944,174"
Joji-Ew,7,,50,,"1,570,044","6,936,305"
Lady Gaga-Sine From Above,6,,29,,"2,298,888","6,929,621"
Drake-When To Say When,5,,20,,"2,861,171","6,928,391"
Drake-War,6,,34,,"2,207,166","6,912,399"
Morgan Wallen-Man Made A Bar,5,,52,,"2,076,018","6,909,747"
Grey-I Miss You,16,,175,,"469,526","6,905,815"
Miley Cyrus-Rose Colored Lenses,5,,56,,"1,935,105","6,904,150"
Drake-Liability,5,,36,,"2,456,055","6,901,626"
Halsey-Still Learning,7,,82,,"1,564,801","6,894,580"
Migos-Supastars,7,,22,,"2,050,348","6,888,828"
Foo Fighters-Everlong,6,,53,,"1,361,743","6,878,218"
Grupo Firme-Ya Supérame (En Vivo),9,,92,,"994,346","6,870,035"
Era7capone-SONBAHAR,6,,175,,"1,197,934","6,867,836"
Samra-Harami,8,,108,,"1,057,570","6,849,426"
JAY-Z-Run This Town,5,,72,,"1,715,662","6,847,894"
Demi Lovato-Dancing With The Devil,8,,91,,"1,010,499","6,843,710"
ROSALÍA-VAMPIROS,5,,57,,"2,041,770","6,843,444"
DJ Khaled-LET IT GO,8,,60,,"1,364,005","6,842,674"
Meek Mill-On Me,7,,73,,"1,231,918","6,838,911"
Young Thug-Best Friend,27,,174,,"285,931","6,833,107"
True Damage-GIANTS,9,,89,,"898,307","6,831,797"
IVE-Kitsch,6,,149,,"1,236,424","6,831,410"
Valentino Merlo-Hoy,5,,113,,"1,589,532","6,826,472"
Daft Punk-One More Time,7,,41,,"1,485,070","6,823,990"
Quavo-FLIP THE SWITCH,7,,35,,"1,783,423","6,821,154"
PnB Rock-Selfish,13,,65,,"1,399,377","6,818,427"
Ed Sheeran-Bloodstream,42,,151,,"204,249","6,812,893"
RM-Wild Flower,6,,148,,"1,217,789","6,810,579"
Lil Uzi Vert-Chrome Heart Tags,5,,54,,"2,061,022","6,805,765"
Charlie Puth-That's Hilarious,7,,71,,"1,293,520","6,805,417"
Central Cee-CRG,5,,113,,"1,633,588","6,803,389"
Social House-Magic In The Hamptons,12,,175,,"629,487","6,800,602"
A$AP Rocky-Electric Body,23,,55,,"508,514","6,778,112"
Kay Starr-The Man with the Bag,6,,141,,"1,414,358","6,776,163"
Future-Rent Money,10,,53,,"1,130,704","6,773,292"
Trippie Redd-Rich MF,7,,58,,"1,444,785","6,767,904"
Ed Sheeran-Tides,6,,36,,"1,885,236","6,767,232"
One Direction-Hey Angel,14,,41,,"1,061,274","6,761,970"
Taylor Swift-Fifteen (Taylor’s Version),5,,24,,"2,612,908","6,761,147"
Bryson Tiller-Run Me Dry,13,,132,,"702,693","6,755,415"
"Kodak Black-If I'm Lyin, I'm Flyin",8,,91,,"1,086,181","6,750,395"
Gabriel Rios-Gold - Thomas Jack Radio Edit,47,,138,,"169,518","6,749,056"
Future-Fried (She a Vibe),4,,41,,"2,560,555","6,726,718"
Imagine Dragons-Zero,8,,76,,"1,186,843","6,723,584"
Twenty One Pilots-Choker,7,,54,,"1,468,478","6,722,952"
Beyoncé-JUST FOR FUN,4,,43,,"2,537,641","6,721,489"
Luciano-Mios mit Bars,8,,112,,"1,071,247","6,709,018"
ZAYN-sHe,13,,44,,"871,721","6,707,899"
Drake-BBL Love - Interlude,4,,47,,"2,604,847","6,707,798"
Lil Pump-Be Like Me,8,,71,,"1,304,111","6,704,637"
Apache 207-Boot,8,,52,,"1,380,346","6,702,588"
XXXTENTACION-difference (interlude),6,,27,,"2,125,734","6,698,908"
Cults-Gilded Lily,7,,184,,"1,003,793","6,696,970"
DaBaby-RAW SHIT,8,,56,,"1,389,115","6,693,814"
Lady Gaga-Replay,6,,34,,"2,167,880","6,690,327"
Matuê-Crack com Mussilon,5,,119,,"1,554,851","6,684,986"
Nessa Barrett-die first,8,,169,,"887,133","6,682,118"
DJ Khaled-Higher,7,,58,,"1,547,172","6,677,532"
The Chainsmokers-Kills You Slowly,8,,77,,"1,287,097","6,675,666"
Dua Lipa-Good In Bed,7,,55,,"1,469,293","6,674,178"
Akon-Smack That,5,,153,,"1,382,015","6,673,913"
Tyga-VACATION,7,,53,,"1,236,095","6,672,152"
The Weeknd-I Can't Wait To Get There,4,,61,,"2,137,109","6,668,445"
Emilia-blackout 🧊,5,,152,,"1,396,137","6,668,395"
The Script-Hall of Fame,47,,145,,"152,909","6,666,888"
"Tyler, The Creator-RUNITUP",5,,33,,"2,456,839","6,666,154"
Metro Boomin-All The Money,5,,105,,"1,570,818","6,664,457"
Clarent-IA,5,,143,,"1,442,186","6,661,765"
Apache 207-Matrix,8,,88,,"1,134,386","6,650,320"
KSI-Lose,7,,74,,"1,208,644","6,643,667"
Luke Combs-Love You Anyway,5,,64,,"1,856,518","6,641,569"
Lil Wayne-Problems,6,,32,,"2,171,090","6,637,494"
$NOT-Doja,7,,97,,"1,080,441","6,626,024"
Drake-Polar Opposites,4,,51,,"2,398,378","6,625,786"
Jin-Yours,6,,45,,"1,402,458","6,618,670"
Bushido-Für Euch alle,9,,101,,"922,054","6,617,639"
Travis Scott-Drugs You Should Try It,4,,46,,"2,495,028","6,612,211"
Lady Gaga-Killah,4,,45,,"2,485,591","6,602,361"
David Guetta-Memories,5,,104,,"1,612,702","6,589,244"
.Feast-Nina,6,,181,,"1,150,593","6,581,365"
ZHU-Faded,38,,102,,"216,151","6,578,456"
NLE Choppa-Gang Baby,5,,185,,"1,357,758","6,576,315"
Logic-Wizard Of Oz,8,,59,,"1,333,308","6,575,701"
J Balvin-Negro,7,,51,,"1,711,077","6,571,534"
Maria Becerra-AUTOMÁTICO,7,,151,,"1,018,856","6,564,535"
¥$-FRIED,4,,54,,"2,149,143","6,562,976"
Roar-Christmas Kids,6,,153,,"1,174,459","6,548,514"
One Direction-Long Way Down,15,,59,,"878,703","6,545,112"
"Elton John-Rocket Man (I Think It's Going To Be A Long, Long Time)",10,,145,,"722,215","6,543,481"
Young Thug-Livin It Up,8,,97,,"1,120,092","6,541,985"
Koe Wetzel-High Road,5,,164,,"1,434,619","6,540,743"
A Boogie Wit da Hoodie-King Of My City,8,,93,,"1,094,701","6,540,396"
Drake-Plastic Bag,24,,89,,"367,347","6,540,239"
Juice WRLD-Misfit,4,,59,,"2,231,288","6,532,006"
Future-I'M DAT N****,5,,24,,"2,312,838","6,525,109"
Loredana-BONNIE & CLYDE,10,,131,,"715,150","6,525,055"
Martin Solveig-Intoxicated,28,,89,,"344,437","6,521,392"
ABBA-I Still Have Faith In You,5,,44,,"2,391,290","6,518,654"
Metro Boomin-No More,7,,62,,"1,243,016","6,515,207"
Lady Gaga-LoveDrug,4,,49,,"2,378,533","6,512,329"
Cardi B-Money Bag,9,,104,,"814,499","6,510,534"
Capital Bra-Ich weiß nicht mal wie sie heißt,8,,76,,"1,138,247","6,507,676"
Rihanna-Rude Boy,5,,92,,"1,494,183","6,506,552"
"Mari Fernandez-Louco, Louco - Ao Vivo",4,,70,,"1,971,694","6,504,071"
6ix9ine-RONDO,8,,72,,"1,106,955","6,500,628"
ZAYN-Entertainer,10,,95,,"1,007,294","6,496,952"
Future-KEEP IT BURNIN,5,,21,,"2,385,967","6,493,409"
Lil Pump-Designer,11,,109,,"787,658","6,492,766"
Marshmello-You Can Cry,10,,90,,"999,840","6,492,193"
Billie Eilish-OverHeated,6,,53,,"1,658,317","6,492,054"
Taylor Swift-The Way I Loved You (Taylor’s Version),5,,29,,"2,235,324","6,491,547"
Beyoncé-RIIVERDANCE,4,,56,,"2,270,362","6,482,466"
Eminem-Alfred - Interlude,5,,39,,"2,314,676","6,480,928"
Taylor Swift-Girl At Home (Taylor's Version),5,,59,,"2,032,127","6,475,939"
Lil Nas X-DONT WANT IT,6,,56,,"1,659,563","6,472,950"
Khalid-Right Back,7,,69,,"1,415,901","6,471,731"
A$AP Ferg-Move Ya Hips,8,,77,,"1,288,283","6,470,819"
Kid Ink-Hotel,30,,99,,"300,594","6,463,582"
Márcia Fellipe-Quem Me Dera,10,,134,,"722,813","6,463,367"
Sigala-Lullaby,11,,170,,"618,567","6,462,524"
Sidhu Moose Wala-The Last Ride,7,,124,,"1,005,191","6,457,066"
MC Kevinho-O Bebê,11,,172,,"665,050","6,456,734"
Juice WRLD-You Wouldn't Understand,5,,31,,"2,217,270","6,449,361"
Kanye West-KING,4,,58,,"2,022,021","6,448,283"
NAV-Some Way,14,,126,,"646,979","6,447,996"
Ninho-Maman ne le sait pas,8,,81,,"1,118,071","6,447,614"
Gzuz-Donuts,8,,98,,"1,071,981","6,446,981"
Gunna-SKYBOX,8,,137,,"971,255","6,440,443"
RIN-Keine Liebe,8,,81,,"1,089,145","6,436,526"
Lil Uzi Vert-Bust Me,5,,58,,"1,894,098","6,433,815"
Selena Gomez-Dámelo To’,7,,51,,"1,530,588","6,426,522"
Kid Cudi-Mr. Solo Dolo III,5,,49,,"2,215,872","6,426,166"
Nick Jonas-Chains,32,,117,,"279,638","6,423,444"
Gene Autry-Rudolph the Red-Nosed Reindeer,4,,119,,"1,843,023","6,421,815"
Wisin & Yandel-Reggaetón en lo Oscuro,10,,178,,"703,899","6,417,097"
One Direction-Walking in the Wind,15,,62,,"829,314","6,414,040"
Maroon 5-Lost,7,,79,,"1,350,132","6,410,263"
Arctic Monkeys-Star Treatment,6,,19,,"2,235,484","6,399,280"
AJR-World's Smallest Violin,8,,181,,"819,627","6,391,521"
Ariana Grande-borderline,7,,44,,"1,612,141","6,389,200"
Colde-Don't ever say love me,5,,84,,"1,536,675","6,388,657"
Migos-White Sand,7,,40,,"1,661,140","6,377,885"
Ty Dolla $ign-Pineapple,11,,146,,"631,413","6,376,510"
Morgan Wallen-Sand In My Boots,8,,80,,"1,160,757","6,374,966"
NF-When I Grow Up,9,,132,,"881,123","6,372,820"
Migos-Call Casting,12,,85,,"757,889","6,368,732"
Bad Bunny-RONCA FREESTYLE,6,,41,,"1,732,906","6,367,833"
Studio Killers-Jenny,8,,149,,"869,352","6,364,799"
Kygo-Love Me Now,7,,61,,"1,386,760","6,362,152"
Mora-PASAJERO,4,,27,,"2,467,100","6,356,947"
Don Toliver-Cardigan,7,,75,,"1,341,933","6,352,063"
Bonez MC-Tilidin Weg,8,,117,,"1,014,017","6,350,322"
Oliver Heldens-Gecko (Overdrive),41,,108,,"322,847","6,344,676"
21 Savage-My Choppa Hate Niggas,9,,76,,"936,635","6,343,859"
La rappresentante di lista-Ciao Ciao,7,,109,,"972,781","6,332,400"
¥$-PROMOTION,4,,59,,"2,047,232","6,331,304"
Avicii-You Be Love,9,,51,,"1,672,593","6,330,161"
Pitbull-El Taxi - Original Version,30,,136,,"239,999","6,316,584"
Jimin-Face-off,4,,35,,"2,460,069","6,312,108"
Meek Mill-Uptown Vibes,7,,64,,"1,295,364","6,312,057"
The Weeknd-Phantom Regret by Jim,5,,35,,"2,077,328","6,306,586"
ROSÉ-drinks or coffee,4,,89,,"1,988,844","6,303,475"
Eminem-Tragic Endings,7,,54,,"1,400,043","6,300,947"
Tiësto-Hot In It,7,,71,,"1,279,628","6,299,914"
Mora-DOMINGO DE BOTE,5,,69,,"2,038,766","6,297,985"
Capital Bra-Andere Welt,8,,112,,"1,091,442","6,291,774"
Lil Wayne-Hittas,6,,35,,"2,062,396","6,284,294"
Madison Beer-Hurts Like Hell,10,,159,,"684,112","6,282,687"
Frank Ocean-Nikes,16,,102,,"522,197","6,281,475"
Gunna-WUNNA,7,,57,,"1,385,511","6,274,771"
Taylor Swift-Hey Stephen (Taylor’s Version),5,,26,,"2,301,805","6,274,671"
Sam Smith-Midnight Train,9,,94,,"891,354","6,272,689"
Michael Jackson-Thriller - 2003 Edit,4,,57,,"2,349,561","6,271,948"
Post Malone-Love/Hate Letter To Alcohol,5,,51,,"1,879,638","6,266,621"
Avicii-Pure Grinding,27,,128,,"316,851","6,264,030"
Zach Bryan-Overtime,4,,31,,"2,483,731","6,254,739"
Kanye West-Highlights,16,,82,,"513,572","6,252,272"
Kendrick Lamar-untitled 07 | 2014 - 2016,12,,43,,"1,012,622","6,249,068"
Imagine Dragons-Next To Me,9,,62,,"1,214,633","6,244,230"
Xand Avião-Não Pode Se Apaixonar,8,,136,,"881,201","6,240,327"
Mora-AURORA,5,,124,,"1,446,776","6,239,518"
Beyoncé-THIQUE,5,,40,,"2,001,086","6,236,328"
Eminem-I Will,6,,80,,"1,581,159","6,231,281"
XXXTENTACION-Orlando,9,,73,,"1,176,011","6,229,941"
Bruno Major-Nothing,8,,173,,"819,483","6,228,945"
Drake-CRYING IN CHANEL,3,,34,,"3,404,295","6,221,901"
Panic! At The Disco-Bohemian Rhapsody,19,,141,,"367,494","6,220,027"
Bruno Mars-Fly As Me,5,,66,,"1,907,731","6,217,313"
Mac Miller-Surf,6,,75,,"1,658,377","6,215,704"
Anderson .Paak-Tints,8,,65,,"1,307,892","6,203,848"
Future-Everyday Hustle,4,,57,,"2,327,795","6,201,308"
Playboi Carti-Slay3r,6,,75,,"1,679,443","6,200,624"
Anitta-Some que ele vem atrás,9,,157,,"753,435","6,189,044"
Rod Wave-Heart On Ice,10,,186,,"640,080","6,186,614"
Alesso-Words,7,,186,,"926,439","6,185,149"
BTS-Best Of Me,9,,66,,"987,319","6,178,432"
Billie Eilish-Everybody Dies,6,,59,,"1,602,013","6,175,174"
Bad Bunny-Si Estuviésemos Juntos,8,,177,,"853,411","6,173,224"
Lady Gaga-Plastic Doll,5,,27,,"2,319,755","6,170,235"
Logic-BoomTrap Protocol,7,,49,,"1,493,299","6,169,468"
Beyoncé-SMOKE HOUR ★ WILLIE NELSON,3,,29,,"3,011,533","6,167,123"
Kanye West-GOOD (DON'T DIE),3,,41,,"2,351,186","6,165,744"
5 Seconds of Summer-She Looks So Perfect,43,,48,,"295,238","6,159,336"
"Tyler, The Creator-911 / Mr. Lonely",12,,130,,"659,775","6,159,122"
JAY-Z-Numb / Encore,8,,49,,"1,515,836","6,157,893"
So!YoON!-Smoke Sprite,5,,115,,"1,461,168","6,157,342"
ROSALÍA-CHICKEN TERIYAKI,7,,90,,"1,165,670","6,156,465"
Lewis Capaldi-when the party's over - Recorded at Spotify Studios NYC,8,,100,,"1,018,092","6,156,010"
KSI-Patience,7,,80,,"1,173,056","6,155,698"
Justin Bieber-Red Eye,7,,60,,"1,410,214","6,146,177"
KC Rebell-Alleen,9,,163,,"794,779","6,145,928"
CRO-Bye Bye,29,,127,,"254,098","6,145,306"
Luciano-La Haine,8,,126,,"832,124","6,144,032"
Lil Dicky-$ave Dat Money,23,,123,,"329,624","6,136,573"
TWICE-Strategy,5,,150,,"1,273,754","6,135,891"
Blind Channel-Dark Side,6,,62,,"1,288,760","6,130,561"
The Weeknd-Reminder - Remix,12,,106,,"710,887","6,125,527"
Nicki Minaj-Rich Sex,9,,98,,"860,552","6,122,081"
Morgan Wallen-Don't Think Jesus,6,,39,,"1,544,174","6,121,223"
Hamza-KYKY2BONDY,5,,181,,"1,242,128","6,114,962"
Mariah Carey-Oh Santa!,3,,88,,"2,515,717","6,113,706"
Metro Boomin-Dreamcatcher,7,,57,,"1,296,331","6,111,175"
Tame Impala-Lost In Yesterday,7,,75,,"1,105,044","6,106,386"
Miksu / Macloud-XXL,8,,83,,"1,053,009","6,104,892"
The Chainsmokers-Inside Out,21,,152,,"335,652","6,104,528"
KDA-Turn The Music Louder (Rumble),23,,115,,"314,163","6,103,100"
DJ Biel Divulga-Tipo Nino Vs Kabrinha,5,,160,,"1,291,969","6,089,912"
Dyamante DJ-Vai Novinha Ah Ah Ah,5,,163,,"1,309,233","6,086,599"
BTS-Outro : Ego,6,,81,,"1,296,478","6,086,307"
Lorde-Shapeshifter,4,,30,,"2,469,205","6,079,868"
Bruno Mars-After Last Night,5,,71,,"1,833,698","6,078,933"
Capital Bra-Berlin lebt,9,,111,,"794,040","6,071,486"
XXXTENTACION-SMASH!,8,,75,,"1,087,909","6,071,046"
Ski Mask The Slump God-Foot Fungus,7,,76,,"1,209,006","6,066,404"
Nicki Minaj-Majesty,8,,74,,"1,018,059","6,064,496"
Logic-Warm It Up,7,,55,,"1,389,592","6,063,501"
21 Savage-red sky,4,,65,,"1,996,226","6,048,461"
Luck Ra-HOLA PERDIDA,5,,157,,"1,323,172","6,043,974"
Beyoncé-SPIRIT,8,,100,,"1,100,073","6,043,814"
Ufo361-Shot,8,,109,,"984,553","6,042,291"
Mac Miller-Love Lost,7,,148,,"975,143","6,041,708"
Netta-Toy,8,,52,,"1,031,854","6,038,731"
Huncho Jack-Modern Slavery,7,,27,,"1,816,179","6,036,797"
Little Mix-Power,14,,176,,"498,174","6,036,373"
Faris Adam-Stecu Stecu,5,,166,,"1,268,642","6,033,261"
Shawn Mendes-Something Big,36,,148,,"201,357","6,032,749"
Post Malone-What Don't Belong To Me,4,,73,,"1,991,918","6,022,673"
Sleep Token-Even In Arcadia,4,,46,,"2,241,427","6,022,500"
Joji-Before The Day Is Over,4,,70,,"2,034,103","6,013,121"
JENNIE-You & Me (Coachella ver.),2,,18,,"4,660,153","6,007,126"
Backstreet Boys-Christmas Time,6,,111,,"1,313,717","6,005,034"
Frank Sinatra-Silent Night - Remastered,4,,147,,"1,754,649","6,004,738"
Beyoncé-Formation,6,,46,,"1,524,931","5,994,353"
Aqua-Barbie Girl,5,,132,,"1,308,809","5,991,427"
Justin Bieber-Changes,6,,63,,"1,616,260","5,991,182"
KAROL G-BESTIES,5,,93,,"1,493,411","5,972,805"
Gorillaz-Andromeda,10,,86,,"986,177","5,972,624"
Murda-AYA,9,,154,,"739,177","5,967,682"
Bing Crosby-Do You Hear What I Hear,3,,88,,"2,454,171","5,965,648"
David Bowie-Heroes - 1999 Remastered Version,9,1,8,,"1,478,900","5,961,069"
Harry Styles-Canyon Moon,5,,41,,"1,942,740","5,960,533"
Juice WRLD-Doom,5,,43,,"2,000,995","5,960,043"
6ix9ine-PUNANI,8,,127,,"904,824","5,957,364"
Lil Wayne-Open Safe,6,,40,,"1,850,894","5,948,507"
Troye Sivan-Got Me Started,5,,125,,"1,328,575","5,948,049"
Zach Bryan-Summertime's Close,4,,40,,"2,341,631","5,934,495"
Mac Miller-Hurt Feelings,7,,48,,"1,433,417","5,931,988"
21 Savage-just like me,4,,59,,"2,101,405","5,926,588"
The Weeknd-Blinding Lights,6,,68,,"1,518,138","5,926,113"
Twenty One Pilots-Saturday,6,,62,,"1,617,683","5,925,677"
BTS-Interlude : Shadow,6,,73,,"1,398,230","5,917,118"
Lady Gaga-Chromatica II,5,,30,,"2,276,300","5,911,788"
Pamungkas-To the Bone,8,,154,,"781,233","5,909,677"
Loredana-Genick,8,,131,,"858,148","5,906,566"
Frank Ocean-Ivy,16,,119,,"472,271","5,905,702"
Nicki Minaj-Yikes,7,,106,,"992,957","5,900,181"
Felipe Original-Hit Contagiante,9,,160,,"709,050","5,898,922"
Drake-From Florida With Love,5,,36,,"2,196,891","5,891,303"
22 Savage-The Race,12,,170,,"529,066","5,889,120"
Mark Ronson-Uptown Funk - Trinidad James Remix,6,,11,,"1,372,110","5,883,858"
Eminem-Nowhere Fast,7,,60,,"1,263,749","5,879,158"
David Guetta-Titanium,31,,160,,"220,595","5,876,741"
Anuel AA-El Manual,8,,105,,"893,050","5,876,387"
Kanye West-Junya pt 2,4,,46,,"1,953,572","5,874,245"
Stray Kids-Come Play (from the series Arcane League of Legends),4,,139,,"1,506,803","5,870,101"
Kontra K-Tiefschwarz,7,,88,,"1,212,609","5,867,111"
The Chainsmokers-Bloodstream,8,,57,,"1,199,508","5,865,388"
PARTYNEXTDOOR-SPIDER-MAN SUPERMAN,3,,39,,"3,109,197","5,861,449"
Selena Gomez-Ring,6,,52,,"1,601,231","5,858,865"
Beyoncé-PURE/HONEY,5,,46,,"1,841,913","5,857,078"
Lorde-Stoned at the Nail Salon,6,,70,,"1,210,532","5,856,107"
Shiva-Auto Blu,6,,48,,"1,419,243","5,853,504"
Peter Manos-In My Head,9,,156,,"735,710","5,847,692"
Drake-Screw The World - Interlude,3,,36,,"2,985,309","5,843,246"
Future-Draco,9,,55,,"1,073,057","5,842,585"
Fero47-Puerto Rico,8,,127,,"896,868","5,839,878"
Jenny Duncan-,1,,16,,"5,836,742","5,836,742"
Taylor Swift-State Of Grace (Acoustic Version) (Taylor's Version),5,,73,,"1,793,104","5,829,972"
The Beatles-Let It Be - Remastered,16,,57,,"817,154","5,823,841"
Burna Boy-Alone,6,,155,,"1,017,415","5,814,108"
Kate Havnevik-Winter Wonderland,25,,49,,"451,804","5,812,171"
Trippie Redd-KNIGHT CRAWLER,5,,89,,"1,471,427","5,811,513"
Alan Arrieta-Ay Mamita,5,,180,,"1,218,173","5,804,702"
Juice WRLD-Not Enough,5,,52,,"1,899,237","5,804,070"
Future-WIFI LIT,8,,78,,"1,059,476","5,800,396"
XXXTENTACION-Dead Inside (Interlude),9,,90,,"1,018,655","5,797,941"
Vince Guaraldi Trio-Linus And Lucy,4,,113,,"1,540,510","5,794,545"
Big Sean-Sacrifices,10,,79,,"760,362","5,794,445"
Jin-Heart on the Window,4,,99,,"1,792,874","5,793,929"
The Chainsmokers-Don't Say,8,,58,,"1,194,374","5,793,291"
Kanye West-Jail pt 2,4,,39,,"2,038,621","5,786,339"
Lil Peep-I've Been Waiting (w/ ILoveMakonnen & Fall Out Boy),8,,107,,"962,978","5,782,535"
XXXTENTACION-I Don't Wanna Do This Anymore,7,,56,,"1,415,066","5,775,423"
Lil Uzi Vert-Secure The Bag,5,,68,,"1,629,238","5,774,096"
Post Malone-Something Real,4,,62,,"2,105,523","5,773,246"
TOMORROW X TOGETHER-Chasing That Feeling,4,,89,,"1,722,375","5,771,064"
Kehlani-up at night,6,,50,,"1,460,141","5,767,264"
Samra-COLT,7,,111,,"1,028,343","5,764,749"
Lil Wayne-Took His Time,6,,42,,"1,807,996","5,760,063"
Shawn Mendes-Fallin' All In You,7,,62,,"1,291,833","5,759,823"
Apache 207-Sie ruft,7,,73,,"1,319,838","5,752,169"
Jorge & Mateus-Tijolão - Ao Vivo,9,,164,,"676,630","5,748,589"
Suki Waterhouse-Good Looking,7,,168,,"876,106","5,748,402"
Jung Kook-My You,4,,51,,"1,834,663","5,745,602"
Zé Neto & Cristiano-Largado Às Traças - Ao Vivo,10,,161,,"620,963","5,742,758"
J. Cole-Pricey,3,,23,,"3,125,715","5,740,247"
Imagine Dragons-I Don’t Know Why,8,,54,,"1,239,255","5,737,540"
MC MM-Só Quer Vrau,9,,135,,"746,257","5,736,749"
AK AUSSERKONTROLLE-In meinem Benz,8,,116,,"915,823","5,730,551"
Kygo-Broken Glass,7,,68,,"1,415,916","5,727,398"
Lil Baby-Commercial,6,,56,,"1,521,310","5,718,354"
Idina Menzel-Show Yourself,8,,121,,"812,877","5,714,191"
Lil Baby-Close Friends (Lil Baby & Gunna),9,,153,,"824,198","5,709,915"
Pineapple StormTv-Poesia Acústica 13,6,,151,,"1,071,901","5,704,356"
Gunna-One Call,7,,71,,"1,157,998","5,695,796"
Polo G-Black Hearted,5,,52,,"1,742,989","5,694,683"
Lorde-Sober,8,,73,,"1,010,221","5,687,589"
¥$-SLIDE,3,,34,,"2,608,312","5,682,573"
Zacari-Redemption,9,,108,,"868,398","5,678,626"
2Pac-California Love - Original Version,6,,93,,"1,059,695","5,671,702"
Tate McRae-working,7,,86,,"1,143,556","5,666,770"
Colapesce-Musica leggerissima,7,,116,,"968,232","5,665,133"
Sia-Floating Through Space,7,,58,,"1,289,755","5,664,767"
Anuel AA-Dictadura,7,,132,,"976,875","5,663,244"
Lady Gaga-Babylon,5,,40,,"2,056,129","5,662,925"
Beyoncé-Before I Let Go - Homecoming Live Bonus Track,7,,108,,"921,555","5,658,944"
Queen-Radio Ga Ga - Live Aid,9,,150,,"694,494","5,658,771"
Eminem-Chloraseptic,6,,36,,"1,630,021","5,658,006"
Gera MX-Se Me Olvidó,7,,122,,"972,305","5,655,126"
The Neighbourhood-#icanteven,36,,115,,"213,144","5,650,351"
John Mayer-Love on the Weekend,12,,64,,"852,960","5,649,383"
Beyoncé-Sorry,5,,37,,"1,652,812","5,638,628"
Pusha T-If You Know You Know,7,,65,,"1,255,718","5,638,267"
5 Seconds of Summer-Wildflower,7,,68,,"1,324,865","5,632,099"
Grupo Frontera-OJITOS ROJOS,5,,162,,"1,211,497","5,630,308"
J Balvin-YO LE LLEGO,6,,45,,"1,666,855","5,624,975"
L7NNON-Desenrola Bate Joga de Ladin,7,,149,,"905,021","5,622,675"
Juice WRLD-Juice WRLD Speaks From Heaven - Outro,5,,38,,"2,194,107","5,622,085"
Justin Bieber-Confirmation,6,,73,,"1,490,190","5,615,589"
Martin Garrix-We Are The People,7,,92,,"1,148,638","5,610,234"
Nate Ruess-Nothing Without Love,27,,128,,"245,822","5,607,218"
Ozuna-Cambio,8,,115,,"942,512","5,606,572"
SZA-Snooze (Acoustic),4,,67,,"1,719,260","5,604,807"
Samir & Viktor-Bada nakna,19,,103,,"383,497","5,594,555"
Kid Cudi-Dive,4,,46,,"2,283,176","5,592,420"
Cardi B-She Bad,8,,107,,"816,448","5,591,973"
Mr. Probz-Nothing Really Matters,39,,120,,"173,418","5,591,381"
Capital Bra-Nummer 1,7,,69,,"1,251,333","5,589,516"
SZA-Diamond Boy (DTM),3,,71,,"2,393,081","5,587,330"
P!nk-Hurts 2B Human,8,,83,,"1,080,802","5,579,926"
KAI-Rover,5,,163,,"1,153,322","5,575,724"
Beyoncé-Hold Up,5,,35,,"1,659,841","5,574,100"
Thomas Jack-Rivers,25,,135,,"263,466","5,559,513"
Linkin Park-Casualty,3,,36,,"2,671,341","5,556,363"
Internet Money-Lemonade (Feat. Roddy Ricch & Don Toliver) [Remix],7,,128,,"857,091","5,550,390"
Sleep Token-Dangerous,4,,81,,"1,830,110","5,548,830"
Panic! At The Disco-Victorious,20,,111,,"337,093","5,545,451"
"Juice WRLD-The Man, The Myth, The Legend - Interlude",5,,42,,"2,066,844","5,544,643"
Nekfeu-Tricheur,7,,63,,"1,272,037","5,543,306"
Calvin Harris-Nuh Ready Nuh Ready,8,,64,,"1,229,693","5,540,145"
Juan Magán-Baila Conmigo,18,,173,,"337,920","5,537,356"
David Guetta-Stay (Don't Go Away),7,,50,,"1,505,107","5,528,846"
Zach Bryan-Ticking,4,,57,,"2,016,494","5,527,997"
.Feast-Tarot,5,,190,,"1,143,513","5,523,848"
Bruno Mars-Put On A Smile,5,,82,,"1,628,288","5,521,146"
Drake-Jungle,21,,64,,"398,434","5,520,273"
KITSCHKRIEG-Standard,9,,164,,"690,589","5,513,335"
Conan Gray-Memories,7,,146,,"852,725","5,498,278"
One Direction-Stockholm Syndrome,24,,62,,"358,035","5,497,730"
XXXTENTACION-Pain = BESTFRIEND,7,,74,,"1,174,739","5,495,918"
A$AP Rocky-A$AP Forever REMIX,6,,37,,"1,666,584","5,494,946"
Alex Warren-On My Mind,4,,113,,"1,493,669","5,483,116"
Ufo361-Emotions 2.0,8,,116,,"843,086","5,470,632"
Linkin Park-Overflow,3,,38,,"2,582,270","5,470,089"
Camila Cabello-All These Years,7,,58,,"1,249,805","5,469,620"
Trans-Siberian Orchestra-Christmas Eve / Sarajevo 12/24 - Instrumental,3,,109,,"2,186,263","5,468,918"
Justin Timberlake-Man of the Woods,7,,53,,"1,395,011","5,468,425"
Keisya Levronka-Tak Ingin Usai,7,,190,,"817,468","5,467,633"
BTS-Go Go,9,,102,,"748,348","5,465,447"
John Newman-Love Me Again,38,,114,,"306,631","5,458,691"
Lil Nas X-J CHRIST,4,,80,,"1,777,787","5,455,590"
Drake-Change Locations,20,,106,,"327,197","5,448,267"
David Bowie-Life On Mars? - 1999 Remastered Version,9,,19,,"1,228,336","5,444,207"
Capital Bra-Frühstück in Paris,7,,81,,"1,103,054","5,440,253"
RAF Camora-All Night,4,,68,,"1,899,234","5,437,921"
TOMORROW X TOGETHER-Good Boy Gone Bad,5,,81,,"1,258,875","5,437,670"
Khalid-Free Spirit,6,,68,,"1,416,901","5,435,285"
Zuna-Du bist mein,7,,82,,"1,153,599","5,428,702"
Eartha Kitt-Santa Baby,9,,52,,"1,143,503","5,428,177"
Luan Pereira-FALTA DE QUÊ?,4,,145,,"1,451,036","5,412,942"
Ava Max-Who's Laughing Now,8,,171,,"747,985","5,412,601"
Wizkid-Essence,7,,145,,"913,404","5,411,380"
The Weeknd-Angel,18,,75,,"427,828","5,408,849"
Morgan Wallen-’98 Braves,4,,72,,"1,824,181","5,407,456"
Jessie Ware-Say You Love Me,33,,102,,"209,956","5,405,054"
French Montana-A Lie,8,,79,,"895,546","5,403,822"
Dominic Fike-Elliot's Song,6,,86,,"1,174,589","5,402,370"
ABBA-Happy New Year,6,,107,,"1,261,255","5,400,891"
Logic-State Of Emergency,7,,62,,"1,254,470","5,400,846"
Achille Lauro-Incoscienti Giovani,4,,119,,"1,428,921","5,400,735"
SNBRN-Raindrops,25,,101,,"322,627","5,386,683"
Juice WRLD-Face 2 Face,4,,63,,"2,057,297","5,386,585"
Ed Sheeran-Shape of You - Stormzy Remix,11,,149,,"552,245","5,375,492"
Rkomi-INSUPERABILE,6,,106,,"992,886","5,373,057"
21 Savage-can't leave without it,6,,71,,"1,404,549","5,370,840"
mgk-papercuts,6,,63,,"1,360,360","5,370,495"
Zara Larsson-Carry You Home,32,,142,,"193,954","5,368,601"
grandson-Blood // Water,8,,176,,"698,972","5,363,195"
Gemitaiz-Veleno 7,5,,31,,"1,855,492","5,357,554"
Taylor Swift-White Horse (Taylor’s Version),4,,28,,"2,259,615","5,353,387"
Gunna-COOLER THAN A BITCH,5,,50,,"1,493,110","5,352,769"
Felix Jaehn-Book Of Love,21,,141,,"343,624","5,346,337"
John Legend-Bring Me Love,5,,149,,"1,347,399","5,345,378"
Future-Trillionaire,6,,54,,"1,495,902","5,341,935"
Don Toliver-Lose My Mind,4,,125,,"1,396,799","5,341,718"
David Kushner-Miserable Man,6,,114,,"1,029,119","5,337,926"
Kelly Clarkson-Under The Mistletoe - Bonus Track,4,,157,,"1,393,256","5,334,215"
Billie Eilish-Not My Responsibility,5,,54,,"1,643,794","5,330,564"
Shirin David-90-60-111,7,,68,,"1,134,674","5,326,982"
JENNIE-ZEN,4,,110,,"1,661,995","5,326,914"
Kygo-I'm in Love,16,,82,,"544,195","5,325,630"
Ariana Grande-Greedy,14,,103,,"480,935","5,324,747"
Calvin Harris-Open Wide,31,,98,,"245,899","5,322,950"
RAF Camora-2CB,6,,87,,"1,234,445","5,321,504"
Apache 207-Angst,7,,95,,"925,382","5,317,174"
Big Sean-Jump Out The Window,9,,86,,"755,522","5,312,861"
Dua Lipa-Boys Will Be Boys,6,,61,,"1,369,053","5,311,922"
Bad Bunny-EN CASITA,5,,46,,"1,646,546","5,309,239"
Bing Crosby-I'll Be Home For Christmas - Single Version,5,,151,,"1,330,690","5,302,063"
Tinashe-Pretend,35,,122,,"185,887","5,299,347"
Lil Baby-Stuff,4,,132,,"1,520,007","5,296,337"
SZA-What Do I Do,3,,80,,"2,314,066","5,295,374"
Kygo-Carry Me,17,,151,,"364,213","5,288,152"
Don Khuma-Estamos Bien,6,,85,,"933,681","5,287,532"
SEVENTEEN-THUNDER,4,,117,,"1,476,311","5,282,025"
Kanye West-Jesus Lord pt 2,4,,53,,"1,788,280","5,279,596"
Miley Cyrus-Thousand Miles,4,,66,,"1,829,789","5,274,667"
Joji-NIGHT RIDER,4,,80,,"1,783,424","5,274,545"
Frank Ocean-DHL,5,,23,,"1,575,262","5,273,842"
"Tyler, The Creator-MANIFESTO",4,,40,,"2,254,020","5,268,933"
Tory Lanez-Stupid Again,6,,53,,"1,335,088","5,267,131"
ogu-METAMORPHOSIS,4,,92,,"1,355,266","5,262,375"
Ufo361-Wir sind Kral,8,,139,,"808,012","5,257,182"
Gorillaz-Ascension,9,,86,,"945,888","5,255,590"
Camila Cabello-Consequences,7,,61,,"1,195,404","5,251,458"
Rihanna-S&M,4,,80,,"1,557,255","5,249,490"
Kid Cudi-Heaven On Earth,4,,54,,"2,095,578","5,246,756"
BTS-Intro: Singularity,7,,97,,"921,446","5,245,716"
Normani-Checklist,7,,70,,"1,192,460","5,244,432"
Beyoncé-ENERGY,2,,18,,"3,089,590","5,242,743"
Anuel AA-Los Dioses,6,,68,,"1,259,583","5,242,040"
Harry Styles-Woman,9,,77,,"1,038,532","5,238,555"
Kodak Black-Take One,7,,114,,"875,681","5,238,240"
Linkin Park-Good Goodbye,8,,56,,"1,363,081","5,233,607"
Lilly Wood and The Prick-Prayer In C,26,,99,,"246,938","5,232,859"
Rihanna-Born Again,5,,110,,"1,279,866","5,232,692"
GASHI-Creep On Me,9,,165,,"612,649","5,231,536"
Tiago PZK-Alegría,4,,136,,"1,483,103","5,229,612"
King Von-Don't Play That,6,,107,,"1,021,816","5,228,235"
Miley Cyrus-Heart Of Glass (Live from the iHeart Festival),6,,134,,"1,008,403","5,224,439"
Luke Bryan-Kick The Dust Up,19,,93,,"335,307","5,218,035"
NMIXX-O.O,7,,183,,"762,664","5,210,211"
Drake-Losses,4,,31,,"2,353,146","5,208,269"
Lil Uzi Vert-Erase Your Social,16,,170,,"366,771","5,206,233"
Joji-Dissolve,4,,79,,"1,785,515","5,204,148"
Arctic Monkeys-One Point Perspective,5,,24,,"1,994,438","5,202,312"
Tyga-Girls Have Fun,7,,86,,"1,085,934","5,201,321"
Baby Keem-range brothers,5,,53,,"1,616,886","5,200,071"
Linkin Park-Good Things Go,3,,56,,"2,325,048","5,195,341"
"Baddiel, Skinner & Lightning Seeds-Three Lions",5,,33,,"1,735,820","5,188,756"
Big Sean-Halfway Off The Balcony,8,,74,,"820,545","5,186,458"
Pimmie-PIMMIE'S DILEMMA,3,,60,,"2,604,223","5,182,431"
Beyoncé-FLAMENCO,3,,50,,"2,340,940","5,180,624"
Mac Miller-That's On Me,5,,74,,"1,658,533","5,180,339"
Lil Wayne-Let It All Work Out,6,,74,,"1,373,673","5,177,064"
"Rihanna-Yeah, I Said It",18,,109,,"368,108","5,176,890"
Huncho Jack-Black & Chinese,6,,34,,"1,681,439","5,173,682"
Mac Miller-Come Back to Earth,6,,50,,"1,399,116","5,173,152"
Billie Eilish-WHEN I WAS OLDER - Music Inspired By The Film ROMA,7,,65,,"1,212,925","5,172,777"
The 1975-Give Yourself A Try,7,,49,,"1,369,134","5,170,857"
J. Cole-Huntin’ Wabbitz,3,,41,,"2,527,032","5,170,602"
Lil Yachty-Get Dripped,7,,97,,"1,005,306","5,163,064"
"Tyler, The Creator-ARE WE STILL FRIENDS?",5,,47,,"1,699,440","5,152,508"
Migos-Racks 2 Skinny,7,,90,,"1,019,455","5,150,985"
Nicki Minaj-Bussin,5,,60,,"1,501,550","5,146,734"
Drake-Company,20,,74,,"384,433","5,142,425"
BTS-Respect,5,,64,,"1,497,545","5,125,127"
Billy Joel-Uptown Girl,4,,183,,"1,359,446","5,122,197"
Frank Sinatra-Santa Claus Is Coming To Town,3,,97,,"2,429,081","5,118,828"
Lady Gaga-Chromatica I,4,,24,,"2,422,891","5,113,535"
Steve Aoki-I Love It When You Cry (Moxoki),24,,108,,"296,136","5,110,949"
Myke Towers-ULALA (OOH LA LA),5,,193,,"1,074,427","5,110,045"
"Anirudh Ravichander-Arabic Kuthu - Halamithi Habibo (From ""Beast"")",6,,126,,"932,704","5,109,531"
Dermot Kennedy-Power Over Me,8,,190,,"655,507","5,101,190"
Shawn Mendes-Don't Be A Fool,13,,87,,"620,552","5,100,707"
Maria Becerra-Mi Debilidad,7,,192,,"758,232","5,093,975"
Isabel LaRosa-i'm yours,5,,167,,"1,069,467","5,093,329"
"Tyler, The Creator-I DON'T LOVE YOU ANYMORE",5,,46,,"1,700,929","5,093,105"
Stevie Wonder-Superstition - Single Version,9,,99,,"977,731","5,089,641"
Future-Feed Me Dope,8,,102,,"769,323","5,087,680"
The Chainsmokers-Push My Luck,7,,58,,"1,219,395","5,087,553"
Lil Tjay-Not In The Mood,6,,84,,"1,166,548","5,086,995"
J. Cole-G.O.M.D.,28,,97,,"272,400","5,078,607"
Kid Cudi-Damaged,4,,51,,"2,106,848","5,076,906"
DaBaby-BLIND,7,,93,,"1,051,770","5,074,613"
The Chainsmokers-Honest,7,,59,,"1,165,440","5,073,542"
Loredana-Angst,6,,119,,"1,144,724","5,069,161"
The Kid LAROI-TELL ME WHY,7,,152,,"881,666","5,069,139"
Jimin-Rebirth (Intro),3,,59,,"2,163,794","5,059,394"
Linkin Park-IGYEIH,3,,55,,"2,345,500","5,055,220"
Danilo e Davi-Apaga Apaga Apaga - Ao Vivo,4,,127,,"1,356,604","5,052,116"
Jorge & Mateus-Cheirosa - Ao Vivo,7,,129,,"849,535","5,051,971"
The Beatles-Here Comes The Sun - Remastered,16,,86,,"650,198","5,043,987"
6ix9ine-FEEFA,4,,30,,"1,798,062","5,040,869"
Joji-1AM FREESTYLE,4,,93,,"1,647,430","5,036,029"
Sub Urban-Cradles,8,,184,,"665,107","5,034,114"
Dr. Dre-Gospel,6,,130,,"991,406","5,028,590"
Various Artists-Happy,26,,100,,"242,189","5,028,002"
SuperM-Jopping,7,,139,,"823,184","5,026,361"
Pop Smoke-Snitching,5,,49,,"1,694,663","5,023,468"
Lady Gaga-Look What I Found,8,,146,,"687,379","5,020,830"
Maiara & Maraisa-Vai Lá - Ao Vivo em Goiânia,4,,162,,"1,283,270","5,020,099"
Selena Gomez-Crowded Room,5,,54,,"1,558,899","5,013,271"
Lady Gaga-Paparazzi,4,,145,,"1,331,919","5,010,545"
Luis Miguel-Santa Claus Llegó a La Ciudad,3,,130,,"1,958,672","5,005,108"
Kid Cudi-Sad People,4,,61,,"1,932,909","5,004,747"
Salmo-IL CIELO NELLA STANZA,7,,133,,"892,475","5,004,729"
SZA-Drive,3,,109,,"2,014,549","5,003,470"
Khalid-Hundred,6,,97,,"1,183,305","5,001,832"
Taylor Swift-Breathe,4,,33,,"2,117,072","4,995,261"
Sabrina Carpenter-Couldn’t Make It Any Harder,3,,67,,"2,434,498","4,992,170"
Johnny Mathis-When a Child Is Born,4,,151,,"1,640,259","4,984,075"
Lil Nas X-VOID,5,,62,,"1,556,520","4,978,811"
NF-The Search,7,,134,,"878,976","4,976,343"
Lean Trap-Scooby Doo Papa!,8,,115,,"770,323","4,973,108"
Ed Sheeran-The Joker And The Queen,5,,52,,"1,469,666","4,970,041"
Mumford & Sons-The Wolf,18,,55,,"442,918","4,967,098"
Lil Peep-Sex with My Ex,6,,50,,"1,469,637","4,965,224"
"Sam Smith-Baby, You Make Me Crazy",7,,102,,"871,626","4,961,870"
6LACK-Pretty Little Fears,7,,81,,"1,069,348","4,961,392"
Sam Smith-HIM,7,,101,,"836,541","4,949,014"
DNCE-Body Moves,14,,100,,"575,789","4,946,927"
Charli xcx-Talk talk featuring troye sivan,3,,72,,"1,978,383","4,938,064"
21 Savage-letter to my brudda,3,,48,,"2,299,240","4,937,945"
David Guetta-Yesterday,25,,117,,"242,734","4,936,449"
Dedublüman-Sana Güvenmiyorum - Dedub Sessions,4,,167,,"1,283,268","4,935,051"
MACHETE-HO PAURA DI USCIRE 2 - prod. Mace,6,,75,,"1,210,522","4,928,769"
Marracash-∞ LOVE,5,,65,,"1,464,974","4,924,217"
Bernadya-Lama-Lama,4,,168,,"1,268,841","4,923,820"
Taylor Swift-Forever & Always (Taylor’s Version),4,,36,,"1,986,220","4,922,079"
TOMORROW X TOGETHER-Tinnitus (Wanna be a rock),4,,70,,"1,747,791","4,920,854"
"Tyler, The Creator-OKRA",8,,134,,"685,927","4,916,010"
Chanel-SloMo,5,,85,,"1,316,939","4,915,736"
David Bowie-Lazarus,8,,21,,"1,204,175","4,911,854"
¥$-DO IT,3,,63,,"1,925,978","4,898,460"
BTS-Euphoria,6,,71,,"1,072,345","4,891,545"
Salmo-CABRIOLET,6,,67,,"1,228,038","4,891,154"
Sam Smith-Nothing Left For You,7,,91,,"924,080","4,887,414"
GAYLE-abcdefu (angrier),6,,147,,"860,984","4,881,812"
Rita Ora-Only Want You,7,,101,,"909,850","4,881,474"
¥$-TALKING,3,,64,,"1,915,827","4,878,895"
Mac Miller-Once A Day,5,,86,,"1,519,145","4,877,180"
Steve Aoki-All Night,9,,110,,"776,563","4,871,889"
¥$-Vultures,3,,45,,"2,041,871","4,870,629"
Fifth Harmony-He Like That,8,,78,,"993,922","4,869,735"
Future-Jersey,20,,118,,"308,199","4,868,619"
Tory Lanez-Broke Leg,7,,113,,"940,371","4,867,044"
Taylor Swift-Love Story,7,,127,,"921,952","4,866,158"
Arctic Monkeys-Tranquility Base Hotel & Casino,5,,29,,"1,852,011","4,859,074"
Juice WRLD-Go Hard,4,,49,,"1,923,483","4,848,529"
SZA-Kitchen,3,,113,,"1,894,660","4,848,243"
USHER-My Boo,3,,79,,"1,690,569","4,846,197"
Lil Peep-Life is Beautiful,6,,69,,"1,222,840","4,844,480"
Clean Bandit-Baby,7,,102,,"951,693","4,842,341"
Sinéad O'Connor-Nothing Compares 2 U,3,,27,,"2,306,199","4,837,180"
Future-Jet Lag,6,,51,,"1,488,591","4,834,242"
Quavo-LOSE IT,7,,80,,"1,079,496","4,832,689"
Sfera Ebbasta-Rockstar,7,,96,,"918,108","4,828,409"
Selena Gomez-People You Know,5,,56,,"1,504,867","4,824,958"
Maluma-GPS,9,,160,,"578,463","4,823,197"
James Blake-Mile High,6,,58,,"1,346,285","4,819,380"
DJ A1-Bounce Out With That FT. YBN Nahmir,7,,124,,"734,823","4,816,077"
Nat King Cole Trio-All I Want For Christmas (Is My Two Front Teeth) - Remastered,6,,104,,"1,154,543","4,815,213"
Taylor Swift-Ronan (Taylor's Version),4,,70,,"1,837,652","4,813,941"
Drake-Summers Over Interlude,13,,109,,"444,622","4,810,270"
Michael Bublé-Let It Snow! - 10th Anniversary,3,,130,,"1,929,594","4,809,501"
Lil Peep-Benz Truck - гелик,8,,98,,"815,832","4,807,500"
Martin Garrix-Burn Out,7,,78,,"1,088,765","4,807,072"
BTS-Paradise,6,,71,,"1,097,523","4,806,223"
Big Sean-Lithuania,5,,59,,"1,399,184","4,799,884"
DJ Khaled-GOD DID,4,,50,,"1,753,599","4,799,193"
Ed Sheeran-Collide,5,,67,,"1,361,681","4,798,225"
The Chainsmokers-My Type,7,,67,,"1,019,118","4,793,752"
Pop Smoke-West Coast Shit,5,,63,,"1,495,603","4,790,449"
Ed Sheeran-Leave Your Life,5,,61,,"1,406,734","4,786,734"
DaBaby-JUMP,5,,46,,"1,552,434","4,785,789"
"Bizarrap-Morad: Bzrp Music Sessions, Vol. 47",5,,116,,"1,147,813","4,776,908"
Aitana-TELÉFONO,8,,140,,"647,783","4,775,962"
Stargate-Waterfall,9,,90,,"836,780","4,774,080"
Twenty One Pilots-Smithereens,6,,76,,"1,181,674","4,773,972"
Lil Pump-Multi Millionaire,7,,104,,"997,323","4,771,201"
Gucci Mane-Back On Road,14,,118,,"440,660","4,764,082"
Poo Bear-Hard 2 Face Reality,8,,132,,"745,084","4,760,084"
Joji-MODUS,5,,63,,"1,365,142","4,758,841"
Simone Mendes-Dois Fugitivos - Ao Vivo,4,,150,,"1,298,151","4,754,641"
Jennifer Lopez-Booty,33,,121,,"175,559","4,753,832"
"Anirudh Ravichander-Hukum - Thalaivar Alappara (From ""Jailer"")",4,,128,,"1,266,332","4,747,150"
Tina Turner-What's Love Got to Do with It - 2015 Remaster,3,,33,,"2,303,819","4,747,094"
Peso Pluma-HOLLYWOOD,4,,165,,"1,401,550","4,746,708"
Lorde-Man Of The Year,3,,65,,"1,866,587","4,746,662"
"Thurl Ravenscroft-You're A Mean One, Mr. Grinch",3,,144,,"1,714,138","4,738,424"
ROSÉ-3am,3,,93,,"1,955,510","4,733,354"
MC's Jhowzinho & Kadinho-Agora Vai Sentar,9,,147,,"612,672","4,732,100"
Dreamville-Costa Rica,6,,95,,"1,069,810","4,727,860"
Camila Cabello-Into It,7,,81,,"1,057,634","4,720,994"
BROCKHAMPTON-NO HALO,6,,67,,"1,287,569","4,713,489"
Chris Rea-Driving Home For Christmas - 2009 Remastered Version,20,,35,,"610,832","4,713,083"
Chris Brown-Angel Numbers / Ten Toes,4,,195,,"1,185,818","4,712,935"
Salmo-STAI ZITTO,6,,71,,"1,215,303","4,711,224"
BTS-Love Maze,6,,75,,"1,067,957","4,706,132"
KSI-Down Like That,7,,149,,"720,887","4,705,199"
David Bowie-Let's Dance - 1999 Remaster,8,,17,,"1,307,419","4,703,453"
BTS-Magic Shop,6,,76,,"1,061,446","4,698,451"
5 Seconds of Summer-Hey Everybody!,17,,97,,"385,116","4,696,206"
Big Sean-Bezerk,6,,93,,"1,086,529","4,695,720"
Shakira-Waka Waka (This Time for Africa) [The Official 2010 FIFA World Cup (TM) Song],5,,94,,"1,255,964","4,695,524"
Logic-The Return,7,,106,,"937,593","4,692,432"
Twenty One Pilots-Neon Gravestones,6,,79,,"1,161,529","4,692,387"
Jimin-Alone,3,,44,,"2,202,527","4,692,272"
Kendrick Lamar-Wesley's Theory,7,,15,,"915,408","4,687,614"
Playboi Carti-FOMDJ,3,,53,,"2,095,591","4,684,021"
BTS-134340,6,,66,,"1,120,047","4,680,376"
Paulo Londra-Por Eso Vine,7,,171,,"699,789","4,670,068"
Samra-Mon Ami,6,,99,,"1,056,642","4,666,179"
"Tyler, The Creator-WILSHIRE",4,,51,,"1,872,680","4,657,054"
Lil Uzi Vert-Urgency,4,,65,,"1,662,870","4,652,982"
Justin Bieber-E.T.A.,5,,74,,"1,488,904","4,646,022"
Pitbull-Drive You Crazy,25,,117,,"219,064","4,645,818"
Lorde-Supercut,7,,67,,"1,056,790","4,640,329"
"Dolly Parton-Cuddle Up, Cozy Down Christmas",3,,101,,"1,751,425","4,640,157"
KAROL G-GUCCI LOS PAÑOS,4,,118,,"1,383,424","4,638,916"
Twenty One Pilots-The Contract,3,,42,,"2,173,728","4,638,712"
Felipe Amorim-Fode Bem,4,,157,,"1,193,322","4,636,861"
Pop Smoke-More Time,4,,32,,"2,128,241","4,634,142"
Meek Mill-What's Free,5,,74,,"1,227,287","4,634,118"
Coldplay-Miracles (Someone Special),7,,51,,"1,299,772","4,627,970"
Sleep Token-Look To Windward,3,,59,,"2,083,560","4,627,521"
Juice WRLD-Feeling,6,,90,,"1,089,373","4,624,052"
Kacey Musgraves-Glittery,4,,149,,"1,347,496","4,623,161"
Pop Smoke-Bad Bitch From Tokyo (Intro),4,,30,,"2,055,674","4,622,221"
Miguel-Coffee,21,,101,,"281,162","4,619,413"
Beyoncé-ALL UP IN YOUR MIND,4,,51,,"1,769,366","4,615,214"
BTS-MIC Drop,8,,98,,"767,599","4,612,515"
Lorde-The Louvre,7,,91,,"874,472","4,608,214"
David Zowie-House Every Weekend,21,,115,,"265,049","4,605,578"
Luísa Sonza-BRABA,7,,159,,"720,212","4,605,174"
John Mayer-XO,25,,163,,"205,252","4,598,323"
Luan Santana-CORAÇÃO CIGANO - Ao Vivo,5,,144,,"1,011,139","4,597,355"
Omarion-I'm Up,20,,140,,"295,639","4,597,107"
David Guetta-Thing For You (With Martin Solveig),6,,99,,"1,105,479","4,595,792"
DJ Khaled-Jealous,6,,134,,"914,015","4,594,383"
J Balvin-Verde,5,,56,,"1,596,191","4,594,246"
2 Chainz-Rule The World,5,,48,,"1,481,682","4,593,965"
J. Cole-Album of the Year - Freestyle,7,,93,,"943,334","4,592,798"
Sia-Reaper,16,,97,,"405,724","4,588,032"
The 1975-Somebody Else,16,,101,,"426,658","4,585,739"
Linkin Park-Battle Symphony,7,,60,,"1,277,593","4,585,680"
Fifth Harmony-Write On Me,13,,79,,"549,098","4,584,100"
PARTYNEXTDOOR-Not Nice,15,,170,,"333,838","4,582,208"
Ed Sheeran-Stop The Rain,5,,75,,"1,302,741","4,580,580"
Future-Over Your Head,5,,63,,"1,298,512","4,579,873"
SZA-Another Life,3,,143,,"1,703,087","4,579,665"
SAIKO-Supernova,4,,164,,"1,244,368","4,576,576"
Gusttavo Lima-Mala dos Porta-Mala - Ao Vivo,4,,175,,"1,196,473","4,573,128"
Sam Hunt-Leave The Night On,29,,114,,"188,613","4,572,848"
Run–D.M.C.-Christmas In Hollis,4,,137,,"1,780,503","4,572,681"
Camila Cabello-In the Dark,6,,57,,"1,260,126","4,571,628"
James Blunt-When I Find Love Again,27,,131,,"196,683","4,567,884"
anees-sun and moon,6,,187,,"774,617","4,566,805"
Elisa-O Forse Sei Tu,5,,88,,"1,074,419","4,559,443"
Drake-SMALL TOWN FAME,2,,42,,"2,965,549","4,559,135"
Big Red Machine-Renegade,5,,54,,"1,465,837","4,557,806"
The Weeknd-In Your Eyes,5,,74,,"1,170,593","4,557,289"
"Tyler, The Creator-BEST INTEREST",3,,130,,"1,543,833","4,547,708"
Drake-Wednesday Night Interlude,16,,66,,"397,258","4,547,545"
Capital Bra-Berlin lebt wie nie zuvor,6,,72,,"1,136,650","4,534,289"
The Beatles-Come Together - Remastered 2009,14,,65,,"478,657","4,531,033"
Huncho Jack-Eye 2 Eye,5,,33,,"1,692,202","4,528,943"
Frank Ocean-In My Room,6,,82,,"881,487","4,527,986"
Beyoncé-AMERICA HAS A PROBLEM,4,,55,,"1,727,925","4,524,614"
NF-CLOUDS,5,,62,,"1,253,513","4,517,584"
Lil Peep-Runaway,6,,82,,"1,148,060","4,516,814"
Chris Brown-Fine By Me,17,,127,,"340,469","4,514,035"
The Weeknd-The Hills - Remix,18,,124,,"294,122","4,511,639"
Kanye West-Ye vs. the People (starring TI as the People),6,,95,,"847,589","4,511,152"
Samir & Viktor-Groupie,23,,104,,"281,506","4,509,164"
The Chainsmokers-It Won't Kill Ya,7,,72,,"970,589","4,506,381"
Samra-Weiss,6,,141,,"817,400","4,504,990"
Ed Sheeran-Old Phone,3,,54,,"2,022,743","4,503,751"
Lil Baby-Errbody,5,,116,,"1,185,798","4,503,726"
Kanye West-I Love Kanye,12,,83,,"536,829","4,497,760"
Kanye West-No More Parties In LA,13,,103,,"421,388","4,491,882"
Natanael Cano-Blancanieves,3,,68,,"1,747,000","4,484,249"
Taylor Swift-Tell Me Why (Taylor’s Version),4,,42,,"1,877,863","4,483,647"
Migos-Avalanche,4,,44,,"1,825,571","4,480,048"
The xx-Say Something Loving,8,,65,,"860,735","4,478,937"
"Tyler, The Creator-RISE!",4,,54,,"1,867,554","4,475,107"
Harry Styles-Ever Since New York,7,,69,,"1,135,944","4,472,115"
Boomdabash-Karaoke,7,,162,,"698,704","4,467,903"
G-Eazy-Hate The Way,6,,99,,"1,064,253","4,465,846"
Anne-Marie-Don't Play,6,,128,,"948,441","4,462,683"
Lana Del Rey-Venice Bitch,6,,108,,"1,009,725","4,461,033"
BTS-dimple,7,,79,,"865,109","4,460,387"
Jin-Super Tuna,3,,90,,"1,787,493","4,455,597"
Lil Wayne-Mess,5,,66,,"1,464,179","4,454,553"
TOOL-Fear Inoculum,5,,85,,"1,085,718","4,453,735"
Taylor Swift-You’re Not Sorry (Taylor’s Version),4,,44,,"1,847,591","4,451,002"
Axel Wikner-Det draaar,20,,106,,"308,209","4,450,955"
Khalid-New Normal,5,,74,,"1,265,912","4,448,404"
Trippie Redd-Love Scars 3,6,,100,,"1,077,444","4,447,831"
Matheus & Kauan-Não Vitalício (Nunca Mais) - Ao Vivo,4,,177,,"1,161,083","4,444,902"
Douglas & Vinicius-Figurinha - Ao Vivo,6,,125,,"865,531","4,439,902"
Alonzo-TOUT VA BIEN,5,,155,,"939,625","4,439,084"
Big One-En la Intimidad,4,,156,,"1,216,966","4,437,098"
Pop Smoke-Coupe,4,,49,,"1,689,502","4,436,563"
Byron Bahamonde-Fin de semana,3,,46,,"2,031,004","4,434,309"
BERKO CHAMP-Daylight,2,,33,,"2,310,357","4,434,294"
Junior H-$AD BOYZ II,3,,62,,"2,178,125","4,431,688"
Lady Gaga-1000 Doves,4,,49,,"1,856,850","4,430,806"
Billie Eilish-my boy,7,,186,,"652,838","4,424,727"
Future-All Bad,4,,52,,"1,520,703","4,424,197"
2 Chainz-Whip,5,,72,,"1,230,980","4,421,950"
Miley Cyrus-Rockin' Around The Christmas Tree - Recorded at Spotify Studios NYC,4,,82,,"1,436,173","4,416,778"
Dean Martin-A Marshmallow World,2,,106,,"2,215,817","4,414,662"
XXXTENTACION-love yourself (interlude),6,,85,,"1,051,803","4,409,147"
Norlie & KKV-Ingen annan rör mig som du,23,,122,,"249,149","4,408,558"
P!nk-Revenge,7,,79,,"953,001","4,405,934"
Khalid-Intro,5,,70,,"1,409,345","4,399,664"
Rogerinho-Tchuco Nela,5,,128,,"989,053","4,396,970"
BTS-A Brand New Day (BTS World Original Soundtrack) [Pt. 2],5,,52,,"1,451,505","4,383,131"
21 Savage-Snitches & Rats,4,,50,,"1,846,712","4,381,373"
21 Savage-My Dawg,4,,52,,"1,819,092","4,380,823"
sangiovanni-farfalle,5,,119,,"913,391","4,376,187"
M.O-Who Do You Think Of?,13,,105,,"518,756","4,375,229"
My Chemical Romance-The Foundations of Decay,3,,46,,"2,415,534","4,371,874"
Carpenters-Merry Christmas Darling - Album Version/Remix,7,,111,,"1,005,214","4,369,755"
Tyga-MAMACITA,6,,138,,"817,537","4,365,754"
Twenty One Pilots-Levitate,6,,91,,"1,063,270","4,355,885"
"Trey Songz-Touchin, Lovin",27,,115,,"187,255","4,348,661"
João Gomes-Dengo,5,,163,,"905,352","4,346,471"
A$AP Rocky-Fukk Sleep,5,,44,,"1,509,193","4,342,652"
Playboi Carti-DIS 1 GOT IT,2,,60,,"2,634,519","4,341,881"
Joji-Tick Tock,5,,81,,"1,203,530","4,341,241"
Eladio Carrion-Mbappe,4,,98,,"1,348,944","4,340,466"
Gunna-Speed It Up,6,,135,,"888,679","4,340,420"
Quevedo-LA ÚLTIMA,3,,101,,"1,604,896","4,339,226"
Calvin Harris-Cash Out,7,,58,,"1,108,289","4,337,307"
Imagine Dragons-It's Time,32,,165,,"144,340","4,336,014"
Future-LOVE YOU BETTER,4,,51,,"1,660,808","4,334,627"
Kid Ink-Body Language,31,,163,,"179,099","4,331,124"
Nicki Minaj-Last Time I Saw You,3,,52,,"1,951,176","4,326,316"
Stray Kids-MEGAVERSE,3,,47,,"1,972,858","4,325,327"
Luísa Sonza-penhasco.,5,,113,,"1,000,673","4,313,628"
The Chainsmokers-Young,7,,88,,"855,160","4,312,280"
Bad Bunny-Dime Si Te Acuerdas,7,,144,,"683,313","4,311,972"
JENNIE-start a war,3,,99,,"1,763,948","4,310,133"
Kanye West-Freestyle 4,12,,99,,"459,580","4,307,920"
Lil Wayne-Used 2,5,,72,,"1,419,862","4,304,865"
Migos-Emoji A Chain,5,,59,,"1,441,288","4,304,652"
Future-Jumpin on a Jet,5,,75,,"1,168,663","4,303,359"
Sigala-Say You Do,14,,128,,"389,640","4,301,919"
Lil Baby-Voice of the Heroes,4,,51,,"1,647,307","4,296,558"
Radiohead-Burn the Witch,10,,64,,"711,115","4,288,236"
KC Rebell-valla nein!,6,,81,,"1,047,843","4,285,852"
BTS-Your eyes tell,5,,89,,"1,149,240","4,285,162"
Young Thug-Hop Off A Jet,5,,124,,"1,005,068","4,280,881"
JENNIE-Damn Right,3,,79,,"1,886,737","4,279,627"
Dasha-Driving Home for Christmas - Spotify Singles Holiday,2,,101,,"2,280,110","4,273,492"
Samra-Marlboro Rot,6,,104,,"983,459","4,270,766"
Summer Walker-Come Thru,6,,109,,"933,274","4,266,434"
Bruno Mars-777,4,,87,,"1,531,461","4,255,421"
BTS-Heartbeat (BTS World Original Soundtrack),6,,143,,"807,015","4,251,361"
Drake-No Face,3,,118,,"1,476,760","4,239,788"
21 Savage-Brand New Draco,4,,60,,"1,698,056","4,236,967"
Sfera Ebbasta-Sciroppo,7,,153,,"676,740","4,234,732"
Taylor Swift-That’s When,4,,60,,"1,630,024","4,232,498"
Future-TEFLON DON,2,,25,,"2,799,165","4,212,583"
Luny Tunes-Mayor Que Yo 3,17,,153,,"276,391","4,211,340"
Dalex-Mejor,6,,180,,"752,213","4,207,406"
alyona alyona-Teresa & Maria,3,,116,,"1,443,699","4,206,626"
David Bowie-Space Oddity - 2009 Remastered Version,7,,30,,"1,091,030","4,206,413"
Pop Smoke-Manslaughter,4,,43,,"1,820,373","4,205,266"
Bushido-Ronin,5,,57,,"1,326,935","4,204,017"
Chance the Rapper-65th & Ingleside,6,,85,,"983,305","4,203,314"
Aretha Franklin-Respect,4,,47,,"1,460,845","4,194,550"
J Balvin-ODIO,5,,72,,"1,298,559","4,192,699"
"Nina Nesbitt-Oh Holy Night - Recorded at Metropolis Studios, London",4,,112,,"1,182,345","4,192,325"
Wiz Khalifa-Go Hard or Go Home,22,,137,,"223,557","4,192,145"
G-Eazy-I Wanna Rock,5,,59,,"1,239,188","4,185,875"
Kendrick Lamar-These Walls,7,,19,,"821,982","4,185,613"
Playboi Carti-SOUTH ATLANTA BABY,2,,61,,"2,560,793","4,184,975"
Rex Orange County-AMAZING,5,,173,,"859,197","4,184,609"
j-hope-Chicken Noodle Soup,5,,92,,"1,063,286","4,184,306"
Bas-The Jackie,5,,78,,"1,202,684","4,182,508"
Don Toliver-What You Need,5,,97,,"1,073,181","4,182,378"
Zara Larsson-All the Time,6,,112,,"949,469","4,180,245"
The Weeknd-As You Are,14,,82,,"393,860","4,180,017"
Sfera Ebbasta-Bottiglie Privè,4,,52,,"1,398,364","4,179,730"
Drake-BRIAN STEEL,2,,54,,"2,709,561","4,179,581"
Noah Cyrus-Again,8,,143,,"626,095","4,178,163"
Jeremih-Planez,17,,171,,"275,458","4,177,696"
Post Malone-When I’m Alone,4,,84,,"1,471,415","4,173,938"
Justin Timberlake-SoulMate,6,,68,,"1,137,637","4,168,025"
Doja Cat-Freak,6,,136,,"874,103","4,165,049"
Wale-MY PYT,14,,183,,"319,326","4,159,633"
Lil Skies-Bad Girls,5,,100,,"1,007,391","4,158,628"
H.E.R.-Come Through,5,,73,,"1,131,356","4,157,610"
Oasis-Live Forever,3,,150,,"1,414,582","4,151,083"
Martin Garrix-Love Runs Out,5,,81,,"1,173,305","4,150,793"
ENHYPEN-Bad Desire (With or Without You),3,,72,,"1,676,489","4,150,682"
KYLE-Hey Julie!,7,,192,,"621,746","4,146,065"
Lana Del Rey-13 Beaches,7,,89,,"959,084","4,145,702"
Calvin Harris-Prayers Up,7,,63,,"1,017,459","4,142,899"
Ariana Grande-Just Look Up (From Don’t Look Up),4,,67,,"1,535,256","4,139,760"
Khalid-Paradise,5,,91,,"1,215,917","4,138,874"
Jack & Jack-Like That,19,,104,,"268,613","4,134,345"
Felipe Amorim-Putariazinha,5,,109,,"911,990","4,130,647"
ROSALÍA-Milionària,6,,128,,"877,269","4,129,988"
Juice WRLD-HeMotions,5,,63,,"1,340,524","4,129,125"
J Balvin-COMO UN BEBÉ,5,,81,,"1,224,369","4,122,190"
Mac Miller-Hands,4,,81,,"1,578,108","4,117,806"
Rvssian-Pablo,6,,98,,"918,194","4,111,227"
Kendrick Lamar-The Blacker The Berry,10,,38,,"621,083","4,107,735"
Danny Saucedo-Dör för dig,19,,166,,"248,887","4,107,183"
Anitta-Sei Que Tu Me Odeia,3,,115,,"1,522,480","4,103,891"
Duke Dumont-Ocean Drive,17,,162,,"266,948","4,098,747"
Sfera Ebbasta-Mademoiselle,5,,66,,"1,204,840","4,095,442"
Kendrick Lamar-Institutionalized,7,,24,,"763,991","4,091,759"
Eminem-Revival (Interlude),5,,61,,"1,255,490","4,091,611"
Fifth Harmony-The Life,13,,112,,"413,476","4,091,469"
TINI-Oye,6,,148,,"721,760","4,090,970"
Eminem-Framed,5,,62,,"1,211,404","4,089,415"
Linkin Park-Crawling,6,,57,,"1,362,895","4,089,287"
Avicii-You Make Me,4,,50,,"1,688,974","4,082,212"
Katy Perry-Cry About It Later,5,,63,,"1,324,575","4,082,102"
Rihanna-Don't Stop The Music,3,,73,,"1,698,544","4,077,494"
P!nk-Beautiful Trauma,7,,106,,"772,634","4,077,294"
TWICE-SCIENTIST,5,,177,,"894,300","4,075,774"
Francesca Michielin-CHIAMAMI PER NOME,5,,91,,"958,710","4,075,563"
One Direction-Best Song Ever,3,,100,,"1,507,569","4,075,335"
Dua Lipa-Levitating,5,,58,,"1,363,329","4,075,187"
USHER-Hey Daddy (Daddy's Home),3,,107,,"1,465,429","4,074,374"
Gunna-25k jacket,4,,66,,"1,516,697","4,072,161"
Eminem-Head Honcho,2,,57,,"2,394,952","4,057,195"
Jeremih-Tonight Belongs To U!,19,,105,,"265,943","4,050,496"
DJ Jonathan-El Farsante,9,,165,,"496,465","4,049,143"
Pop Smoke-Genius,4,,52,,"1,646,444","4,045,589"
Drake-RAINING IN HOUSTON,2,,61,,"2,590,926","4,043,367"
Capital Bra-Komm Komm,5,,81,,"1,125,408","4,036,513"
Big Sean-Pull Up N Wreck (With Metro Boomin),8,,165,,"573,350","4,017,925"
Aloe Blacc-The Man,29,,129,,"270,915","4,014,195"
Justin Bieber-Take It Out On Me,4,,65,,"1,559,829","4,012,879"
Lana Del Rey-White Dress,4,,62,,"1,565,593","4,012,863"
Oscar Maydon-Los Collares,4,,189,,"1,126,288","4,007,896"
Future-FOR A NUT,3,,36,,"2,046,293","4,006,256"
Julia Michaels-What A Time,6,,170,,"700,862","4,005,690"
DJ Snake-Enzo,6,,107,,"944,490","4,003,930"
Chance the Rapper-Do You Remember,5,,71,,"1,073,277","3,997,046"
Panic! At The Disco-Death Of A Bachelor,14,,120,,"319,434","3,991,028"
A$AP Rocky-Cocky,7,,131,,"766,193","3,981,514"
Migos-Need It,6,,153,,"794,938","3,973,413"
Eminem-In Your Head,5,,72,,"1,106,963","3,960,598"
Zé Neto & Cristiano-Deu Moral - Ao Vivo,3,,149,,"1,484,879","3,959,007"
187 Strassenbande-Extasy,5,,101,,"1,048,231","3,956,700"
Mora-MEDIA LUNA,2,,22,,"2,567,207","3,953,289"
Feid-FERXXO 151,3,,121,,"1,430,915","3,951,688"
Feid-BUBALU,3,,102,,"1,440,686","3,948,454"
Bonez MC-Risiko,6,,97,,"906,043","3,945,482"
Central Cee-Truth In The Lies,3,,134,,"1,524,842","3,944,984"
Eminem-Offended,5,,66,,"1,147,773","3,941,487"
DJ Khaled-Shining,8,,122,,"666,003","3,937,206"
Lynyrd Skynyrd-Sweet Home Alabama,7,,125,,"814,081","3,935,832"
Lana Del Rey-Love song,5,,87,,"1,103,727","3,935,251"
The Kid LAROI-TRAGIC,5,,100,,"1,046,836","3,929,046"
Avicii-Heart Upon My Sleeve,5,,73,,"1,187,998","3,925,187"
T.I.-No Mediocre,26,,109,,"190,364","3,923,032"
Meek Mill-Litty,12,,182,,"353,902","3,913,037"
Lil Baby-Off White VLONE (Lil Baby & Gunna feat. Lil Durk & NAV),5,,56,,"1,412,363","3,912,954"
Juice WRLD-Flaws And Sins,5,,86,,"1,122,992","3,910,021"
Khalid-Twenty One,5,,107,,"1,074,542","3,905,293"
Faris Adam-Stecu,3,,104,,"1,368,512","3,903,191"
Shawn Mendes-Particular Taste,5,,72,,"1,160,057","3,902,532"
The Beatles-Yesterday - Remastered,12,,88,,"645,049","3,899,676"
Playboi Carti-WALK,2,,69,,"2,400,892","3,898,092"
Big Sean-All Your Fault,16,,65,,"397,170","3,895,544"
Taylor Swift-Carolina,3,,27,,"2,081,884","3,895,542"
Emil Berg-Du swipa höger,19,,159,,"223,158","3,891,647"
Lil Nas X-LIFE AFTER SALEM,4,,71,,"1,433,812","3,888,910"
G-Eazy-Drifting,13,,97,,"350,209","3,888,764"
Lil Uzi Vert-Lotus,3,,41,,"1,982,696","3,886,780"
Lil Peep-Awful Things,7,,129,,"704,441","3,883,813"
Måneskin-HONEY (ARE U COMING?),3,,78,,"1,645,565","3,883,558"
"Belly-Belly, The Weeknd - Die For It (ft. Nas)",4,,60,,"1,400,991","3,881,821"
Eminem-Need Me,5,,73,,"1,105,857","3,881,237"
Sfera Ebbasta-Happy Birthday,5,,118,,"975,516","3,880,843"
Lil Uzi Vert-UnFazed,6,,74,,"1,008,252","3,879,951"
Eminem-Castle,5,,80,,"1,074,150","3,878,349"
Sfera Ebbasta-Tik Tok,4,,58,,"1,602,128","3,877,006"
Cobra Starship-Never Been In Love,23,,114,,"182,650","3,874,225"
Playboi Carti-OVERLY,2,,74,,"2,319,477","3,872,645"
Cordae-RNP,6,,152,,"788,976","3,868,891"
A Boogie Wit da Hoodie-Bleed,5,,93,,"1,003,287","3,867,026"
Shawn Mendes-Because I Had You,5,,76,,"1,124,703","3,866,914"
blink-182-EDGING,3,,42,,"1,928,421","3,864,226"
Maroon 5-Feelings,17,,148,,"262,581","3,860,874"
Drake-Evil Ways,2,,35,,"2,369,673","3,859,127"
Lil Baby-Out The Mud,6,,164,,"704,253","3,858,373"
Michael Bublé-Frosty the Snowman,4,,161,,"1,678,238","3,857,958"
Offset-Danger (Spider) (Offset & JID),3,,114,,"1,507,182","3,851,220"
Morgan Wallen-Sunrise,3,,99,,"1,536,113","3,844,061"
Migos-Higher We Go - Intro,4,,37,,"1,729,103","3,842,559"
Twenty One Pilots-The Hype,5,,89,,"1,082,188","3,840,769"
Gusttavo Lima-A Noite (La Notte) - Ao Vivo,3,,137,,"1,288,531","3,840,406"
Mac Miller-What's the Use?,5,,64,,"1,156,556","3,832,045"
Arctic Monkeys-American Sports,4,,36,,"1,707,017","3,831,387"
Glee Cast-Jingle Bell Rock (Glee Cast Version),2,,147,,"2,096,042","3,830,607"
DMX-Ruff Ryders' Anthem,3,,41,,"1,663,677","3,830,310"
A$AP Rocky-Canal St.,12,,54,,"515,111","3,830,077"
Drake-You & The 6,14,,85,,"365,461","3,826,243"
Doja Cat-Naked,4,,77,,"1,432,803","3,825,842"
Matt Maltese-As the World Caves In,5,,154,,"789,013","3,822,529"
Christina Perri-A Thousand Years,6,,131,,"791,354","3,820,258"
Lil Uzi Vert-Leaders,4,,68,,"1,386,485","3,818,911"
Missy Elliott-WTF (Where They From),13,,86,,"530,410","3,814,862"
Eminem-Heat,5,,71,,"1,108,596","3,814,797"
Carpenters-Silent Night,6,,140,,"1,154,169","3,814,572"
JACKBOYS-JACKBOYS,3,,28,,"2,071,196","3,811,100"
Gorillaz-Humility,5,,87,,"1,036,098","3,809,632"
Eminem-Bad One,2,,64,,"2,227,085","3,807,708"
SZA-No More Hiding,2,,81,,"2,311,422","3,807,677"
Zach Bryan-Better Days,3,,170,,"1,367,054","3,806,854"
Lil Uzi Vert-Crush Em,2,,27,,"2,597,082","3,806,303"
BTS-Intro: Serendipity,6,,88,,"807,159","3,804,945"
Mac Miller-Dang!,10,,116,,"592,144","3,803,702"
Shawn Mendes-Mutual,5,,87,,"1,054,867","3,802,695"
David Guetta-Shot me Down,27,,173,,"199,182","3,801,194"
Shawn Mendes-Why,5,,75,,"1,133,076","3,798,856"
Anitta-Girl From Rio,4,,58,,"1,371,070","3,794,332"
Tina Turner-The Best,2,,32,,"2,380,637","3,790,092"
Khalid-Motion,5,,83,,"1,138,264","3,784,641"
Rihanna-Pour It Up,3,,113,,"1,360,970","3,784,290"
Gabito Ballesteros-7 DÍAS,3,,160,,"1,359,006","3,783,383"
Drake-Pop Style,4,,31,,"1,372,045","3,782,631"
Kendrick Lamar-hey now,1,,20,,"3,774,265","3,774,265"
Anitta-NO CHÃO NOVINHA,4,,97,,"972,451","3,773,913"
Nat King Cole-O Come All Ye Faithful,3,,164,,"1,319,391","3,772,751"
Anne-Marie-Kiss My (Uh Oh),5,,131,,"956,390","3,770,941"
Kanye West-Facts (Charlie Heat Version),11,,115,,"399,445","3,770,571"
Wesley Safadão-Só Pra Castigar,6,,136,,"669,788","3,769,903"
Fleetwood Mac-The Chain - 2004 Remaster,5,,175,,"1,248,743","3,769,033"
Jason Aldean-Try That In A Small Town,3,,121,,"1,377,333","3,766,892"
Guilherme & Benuto-Manda um Oi - Ao Vivo,3,,126,,"1,381,213","3,762,718"
CountryBeat-Sonho Dela,3,,162,,"1,371,613","3,762,451"
Lil Wayne-Start This Shit Off Right,4,,62,,"1,530,685","3,758,080"
Nicki Minaj-Ganja Burn,6,,109,,"814,190","3,755,596"
Traia Véia-Wi-Fi - Ao Vivo,3,,169,,"1,274,317","3,752,350"
Sabrina Carpenter-Bad Reviews,2,,69,,"2,379,415","3,752,116"
Miley Cyrus-Unholy,5,,82,,"1,136,217","3,750,611"
Gjon's Tears-Tout l'univers,4,,73,,"1,160,344","3,748,162"
Rauw Alejandro-Revolú,2,,66,,"2,210,953","3,746,756"
Taylor Swift-I Did Something Bad,6,,130,,"679,727","3,745,168"
J. Cole-Ready ‘24,2,,43,,"2,486,502","3,740,425"
Big Sean-Owe Me,7,,112,,"671,008","3,733,874"
RAF Camora-Adriana,5,,78,,"1,070,011","3,731,790"
Bruce Springsteen-Born in the U.S.A.,4,,108,,"1,604,326","3,727,460"
21 Savage-american dream,2,,40,,"2,454,934","3,723,173"
Lil Wayne-Demon,4,,64,,"1,489,428","3,721,574"
Big Sean-Pull Up N Wreck (& Metro Boomin),6,,126,,"765,067","3,718,845"
Doja Cat-Payday,4,,86,,"1,368,245","3,715,628"
Eminem-Breaking News - skit,2,,59,,"2,256,960","3,713,847"
Jimin-Promise,3,,102,,"1,538,647","3,713,707"
Kanye West-Gold Digger,15,,163,,"302,598","3,709,780"
Joji-BLAHBLAHBLAH DEMO,3,,98,,"1,585,972","3,703,125"
Blessd-AMISTA,3,,170,,"1,298,721","3,699,369"
BTS-So What,5,,92,,"945,888","3,698,515"
KAROL G-MAÑANA SERÁ BONITO,3,,110,,"1,429,831","3,698,292"
Michael Bublé-Mis Deseos / Feliz Navidad (duet with Thalia),8,,75,,"868,878","3,698,277"
Ed Sheeran-Love In Slow Motion,4,,76,,"1,250,131","3,694,505"
Kendrick Lamar-tv off,1,,22,,"3,687,161","3,687,161"
Future-Ain't No Love,2,,60,,"2,252,327","3,684,984"
NLE Choppa-Narrow Road,5,,136,,"920,639","3,683,256"
thasup-s!r!,4,,96,,"1,204,928","3,679,822"
Logic-Icy,4,,60,,"1,306,367","3,677,994"
Sarah Connor-Ring Out The Bells,2,,120,,"2,043,097","3,674,972"
Matuê-Máquina do Tempo,5,,114,,"920,159","3,674,294"
Post Malone-California Sober (Feat. Chris Stapleton),2,,56,,"2,188,658","3,673,716"
Glades-Do Right,7,,194,,"535,056","3,669,956"
Bonez MC-Shotz Fired,5,,90,,"928,921","3,668,947"
Luciano-Ya Salame,5,,102,,"999,259","3,667,155"
Street Rappers-Estamos Bien,4,,86,,"976,253","3,666,124"
David Bowie-Blackstar,6,,20,,"1,225,339","3,663,945"
"Yohani-Manike (From ""Thank God"")",4,,151,,"988,402","3,662,733"
MACHETE-MARYLEAN,5,,102,,"1,010,866","3,661,786"
Chance the Rapper-GRoCERIES,5,,122,,"965,711","3,653,323"
Ski Aggu-Friesenjung,3,,149,,"1,353,780","3,649,445"
Daniel Marcy-,1,1,5,,"3,648,307","3,648,307"
Daði Freyr-10 Years,4,,87,,"1,086,420","3,642,732"
Lil Wayne-I Love You Dwayne,2,,18,,"2,672,853","3,640,218"
Shawn Mendes-Perfectly Wrong,5,,92,,"1,027,004","3,639,700"
Martin Garrix-Forbidden Voices,16,,99,,"308,867","3,639,235"
Taylor Swift-Cruel Summer - Live from TS | The Eras Tour,2,,36,,"2,250,532","3,638,890"
AJR-Bang!,5,,184,,"825,373","3,637,859"
K CAMP-Lottery,5,,146,,"806,721","3,636,187"
Kid Cudi-The Void,3,,83,,"1,625,704","3,633,320"
Lil Uzi Vert-x2,2,,37,,"2,406,188","3,630,318"
Ufo361-Next,5,,101,,"987,010","3,630,181"
TOMORROW X TOGETHER-CROWN,5,,125,,"814,613","3,628,798"
Carnage-i Shyne,6,,153,,"646,683","3,623,112"
Kendrick Lamar-untitled 05 | 09.21.2014.,7,,47,,"991,228","3,622,059"
Little Mix-Bounce Back,5,,99,,"1,018,174","3,621,985"
A Boogie Wit da Hoodie-Might Not Give Up,4,,91,,"1,216,032","3,620,198"
Juice WRLD-734,4,,91,,"1,163,066","3,616,113"
The Chainsmokers-Last Day Alive,6,,93,,"826,821","3,615,924"
21 Savage-break da law,3,,48,,"1,626,256","3,614,156"
Dave-UK Rap,3,,156,,"1,255,675","3,613,628"
Kid Cudi-Beautiful Trip,2,,41,,"2,411,912","3,611,231"
Backstreet Boys-Everybody (Backstreet's Back),3,,104,,"1,564,917","3,606,307"
Tropijazz-Síguelo Bailando,5,,115,,"767,788","3,604,621"
Loïc Nottet-Rhythm Inside,12,,59,,"404,666","3,603,086"
Lizzo-Pink (From Barbie The Album),3,,137,,"1,258,507","3,602,830"
Takeoff-Casper,5,,105,,"938,630","3,598,203"
Kygo-Undeniable,4,,70,,"1,300,815","3,593,062"
Beyoncé-DESERT EAGLE,2,,70,,"2,072,639","3,590,576"
Future-GTA,2,,68,,"2,160,225","3,590,556"
21 Savage-see the real,2,,58,,"2,123,574","3,587,611"
Arctic Monkeys-Body Paint,3,,86,,"1,518,517","3,585,619"
Beyoncé-OH LOUISIANA,2,,68,,"2,078,158","3,581,690"
Camila Cabello-Something's Gotta Give,5,,85,,"1,030,308","3,580,507"
Eminem-Arose,5,,91,,"989,204","3,576,811"
21 Savage-Disrespectful,5,,88,,"837,924","3,574,777"
Sabrina Carpenter-santa doesn’t know you like i do,2,,157,,"1,961,224","3,572,987"
Beyoncé-MOVE,2,,38,,"2,123,692","3,569,716"
Arctic Monkeys-Golden Trunks,4,,45,,"1,586,394","3,568,174"
Tito Double P-LINDA,3,,193,,"1,282,442","3,565,408"
One Direction-Ready to Run,16,,69,,"337,406","3,563,689"
Juliette-Tengo,3,,155,,"1,234,395","3,560,499"
5 Seconds of Summer-Jet Black Heart,12,,66,,"510,779","3,560,128"
Doja Cat-Been Like This,4,,105,,"1,181,779","3,560,106"
A$AP Rocky-Lord Pretty Flacko Jodye 2 (LPFJ2),11,,60,,"483,135","3,555,640"
21 Savage-1.5,3,,59,,"1,492,670","3,555,036"
Cris MJ-Vamo a Bailotear,2,,40,,"2,109,038","3,554,539"
Stray Kids-Back Door,5,,140,,"754,306","3,552,076"
Sam Smith-Palace,6,,134,,"685,450","3,551,925"
Natanael Cano-Eres,2,,42,,"2,311,561","3,551,718"
Freddy Kalas-Hey Ho,11,,106,,"443,707","3,551,217"
NF-Leave Me Alone,5,,103,,"968,154","3,550,506"
Post Malone-Finer Things (Feat. Hank Williams Jr.),2,,65,,"2,081,268","3,545,134"
Lil Pump-Boss,7,,133,,"652,158","3,540,653"
Camila Cabello-Inside Out,5,,72,,"1,092,410","3,539,264"
Sigma-Changing,26,,143,,"158,405","3,536,966"
Harry Styles-Only Angel,5,,72,,"1,127,982","3,535,119"
MKTO-American Dream,23,,124,,"174,552","3,530,620"
Allyawan-Jag hade en gång en båt,20,,146,,"220,242","3,528,074"
XXXTENTACION-Riot,5,,91,,"934,079","3,526,829"
Brent Faiyaz-LOOSE CHANGE,3,,44,,"1,696,527","3,524,320"
Eminem-Killer,4,,112,,"912,256","3,524,254"
Coldplay-WE PRAY,2,,76,,"1,955,133","3,522,376"
Lil Uzi Vert-I Gotta,2,,46,,"2,247,023","3,522,067"
Logic-ICONIC (ft. Jaden Smith),5,,117,,"981,592","3,518,124"
XXXTENTACION-Ayala (Outro),6,,116,,"895,619","3,514,382"
J Balvin-CUIDAO POR AHÍ,4,,63,,"1,409,074","3,511,856"
Imagine Dragons-I’ll Make It Up To You,6,,72,,"980,353","3,506,849"
Shablo-M' Manc (con Geolier & Sfera Ebbasta),5,,120,,"833,047","3,501,005"
Thomas Rhett-Crash and Burn,17,,165,,"233,595","3,499,426"
Playboi Carti-2024,2,,46,,"2,196,565","3,497,950"
Master CC-METAMORPHOSIS,3,,159,,"1,226,948","3,495,825"
Selena Gomez-999,4,,87,,"1,137,037","3,494,958"
KAROL G-WATATI,3,,179,,"1,239,120","3,494,166"
Charlie Puth-How Long,2,,22,,"1,774,045","3,491,474"
Sam Smith-The Thrill Of It All,6,,136,,"661,669","3,490,356"
Bo Burnham-Welcome to the Internet,5,,189,,"721,516","3,489,320"
Ninho-Goutte d’eau,5,,144,,"847,754","3,488,584"
Måneskin-GOSSIP,3,,138,,"1,248,061","3,488,479"
Future-Drink N Dance,2,,44,,"2,255,276","3,487,307"
Luan Pereira-MOLETOM,3,,176,,"1,169,178","3,487,095"
Migos-Auto Pilot,4,,55,,"1,487,741","3,486,174"
Sam Smith-Scars,6,,141,,"670,640","3,482,298"
Miley Cyrus-We Can't Stop,25,,161,,"180,367","3,478,881"
Beyoncé-II HANDS II HEAVEN,2,,77,,"1,962,373","3,478,610"
Madame-VOCE,4,,90,,"960,392","3,472,558"
Birdy-Keeping Your Head Up,14,,161,,"259,570","3,470,666"
Twenty One Pilots-Cut My Lip,5,,111,,"962,033","3,470,488"
Damso-DEUX TOILES DE MER,4,,57,,"1,386,265","3,470,450"
The Beatles-Hey Jude - Remastered 2015,10,,65,,"728,542","3,469,227"
Twenty One Pilots-Bandito,5,,118,,"944,822","3,469,207"
Damso-BXL ZOO,4,,55,,"1,404,442","3,464,537"
One Direction-No Control,14,,95,,"744,939","3,461,871"
Future-That’s It,4,,90,,"1,182,212","3,460,352"
Lil Uzi Vert-Strawberry Peels,3,,52,,"1,713,610","3,455,321"
Nicky Jam-Travesuras,19,,165,,"199,810","3,452,117"
MC Kevin o Chris-Vamos pra Gaiola,5,,141,,"793,650","3,451,240"
cakal-Mahvettim,4,,128,,"992,656","3,448,902"
MEDUZA-Tell It To My Heart,4,,89,,"1,152,996","3,448,485"
Lil Uzi Vert-Neon Guts,6,,108,,"838,418","3,448,068"
Kendrick Lamar-u,7,,33,,"673,524","3,448,044"
RM-Yun,2,,48,,"2,229,480","3,446,011"
KAROL G-Pineapple,6,,175,,"609,364","3,445,980"
Morgan Wallen-Born With A Beer In My Hand,2,,47,,"2,113,598","3,441,971"
Lana Del Rey-Cherry,6,,103,,"855,586","3,441,011"
Zé Vaqueiro-Maravilhosa,2,,51,,"2,073,538","3,432,218"
Imagine Dragons-Rise Up,6,,96,,"813,175","3,426,254"
Jonas Brothers-I Need You Christmas,2,,105,,"1,750,647","3,426,226"
Sam Ryder-SPACE MAN,3,,77,,"1,384,130","3,425,544"
Lewis Capaldi-Pointless,3,,154,,"1,298,241","3,424,605"
Aretha Franklin-I Say a Little Prayer,3,,45,,"1,391,015","3,421,119"
RM-Still Life,2,,55,,"2,175,071","3,418,708"
Rihanna-Woo,12,,114,,"358,733","3,417,843"
Shirin David-Gib Ihm,5,,186,,"750,255","3,416,867"
Lil Uzi Vert-Wassup,3,,53,,"1,693,078","3,414,338"
Rihanna-Same Ol’ Mistakes,12,,123,,"341,772","3,411,262"
TINI-La Triple T,4,,184,,"882,451","3,411,096"
BTS-Butter - Megan Thee Stallion Remix,3,,97,,"1,318,323","3,408,782"
Beyoncé-SWEET ★ HONEY ★ BUCKIIN',2,,81,,"1,922,150","3,408,774"
Miley Cyrus-Easy Lover,2,,43,,"2,137,814","3,408,551"
thasup-fuck 3x,5,,115,,"873,565","3,402,865"
Rauw Alejandro-Déjame Entrar,2,,74,,"2,036,840","3,402,840"
Lil Tjay-Zoo York,4,,77,,"1,075,829","3,401,624"
Lost Frequencies-What Is Love 2016,11,,172,,"341,256","3,398,702"
Deorro-Five Hours,23,,124,,"215,991","3,395,028"
Joakim Lundell-All I Need,7,,132,,"579,682","3,393,348"
Tame Impala-Borderline,4,,95,,"1,189,460","3,389,728"
¥$-PAID,2,,70,,"1,829,181","3,387,610"
The 1975-About You,3,,190,,"1,163,619","3,385,766"
Saweetie-Tap In,4,,73,,"1,227,983","3,380,612"
ROSÉ-two years,2,,98,,"1,920,571","3,379,244"
Pop Smoke-Tunnel Vision (Outro),4,,84,,"1,189,267","3,377,911"
PNL-Deux frères,4,,76,,"1,339,641","3,375,797"
Dxrk ダーク-RAVE,4,,173,,"913,060","3,374,098"
Linkin Park-Bleed It Out,5,,64,,"1,253,806","3,371,725"
Lil Wayne-Perfect Strangers,4,,81,,"1,300,175","3,369,014"
Trio Vegabajeño-CANTARES DE NAVIDAD,2,,34,,"2,288,178","3,367,001"
Nicki Minaj-Are You Gone Already,2,,62,,"2,083,965","3,363,750"
Future-Out Of My Hands,2,,50,,"2,158,092","3,362,897"
"La Mosca-Muchachos, Ahora Nos Volvimos a Ilusionar",2,,35,,"2,286,538","3,361,671"
187 Strassenbande-Millionär,6,,100,,"694,670","3,361,216"
Trippie Redd-Under Enemy Arms,4,,72,,"1,205,548","3,357,096"
Perry Como-Here We Come a-Caroling / We Wish You a Merry Christmas,5,,145,,"1,059,161","3,356,834"
Joji-Pretty Boy,4,,102,,"1,071,453","3,356,352"
Lil Baby-Time,4,,80,,"1,154,652","3,353,874"
Gunna-alotta cake,3,,69,,"1,483,471","3,353,536"
Kim Cesarion-Undressed,23,,141,,"163,579","3,351,620"
Fall Out Boy-The Kids Aren't Alright,20,,99,,"285,942","3,351,237"
BTS-Pied Piper,5,,86,,"818,497","3,348,190"
Gunna-Outstanding,4,,86,,"1,149,112","3,345,059"
Lady Gaga-Don't Call Tonight,2,,68,,"1,990,590","3,343,844"
Daniel Caesar-Always,3,,185,,"1,126,881","3,343,090"
Miley Cyrus-Happy Xmas (War Is Over),3,,78,,"1,614,325","3,342,991"
PARTYNEXTDOOR-MEET YOUR PADRE,2,,91,,"2,059,685","3,341,824"
The Wombats-Greek Tragedy,18,,151,,"206,916","3,340,995"
Axwell /\ Ingrosso-On My Way,18,,153,,"215,552","3,340,335"
Paramore-This Is Why,3,,94,,"1,264,634","3,340,134"
Lorde-Hard Feelings/Loveless,6,,110,,"748,121","3,332,233"
Juanes-Fuego,10,,167,,"360,981","3,331,156"
Lorde-Hammer,2,,72,,"1,747,381","3,326,606"
Eleni Foureira-Fuego,5,,115,,"720,745","3,318,504"
Dean Martin-White Christmas,9,,11,,"761,793","3,313,645"
Trippie Redd-Betrayal,4,,118,,"867,943","3,311,367"
Chance the Rapper-All Day Long,4,,75,,"1,064,401","3,310,717"
Migos-CC,4,,64,,"1,345,676","3,309,607"
Nicki Minaj-Big Foot,2,,55,,"1,893,168","3,306,393"
Justin Bieber-Backpack,19,,118,,"204,323","3,306,372"
KSI-Houdini,5,,151,,"718,562","3,306,365"
Drake-30 for 30 Freestyle,13,,113,,"305,012","3,304,932"
Mora-PÓLVORA,2,,44,,"2,136,667","3,304,741"
Future-Stripes Like Burberry,3,,45,,"1,669,116","3,303,567"
Nas-Cops Shot The Kid,4,,68,,"1,017,949","3,301,639"
Emeli Sandé-Hurts,9,,115,,"507,383","3,298,754"
"Drake-Two Birds, One Stone",8,,96,,"526,199","3,298,653"
Reynmen-Derdim Olsun,5,,167,,"707,277","3,297,760"
Lana Del Rey-Groupie Love,6,,128,,"762,314","3,294,255"
Morgan Wallen-865,4,,103,,"1,027,116","3,293,502"
MØ-Kamikaze,14,,139,,"290,783","3,293,046"
TV Girl-Blue Hair,3,,175,,"1,116,151","3,288,729"
Lil Wayne-Dope New Gospel,4,,80,,"1,325,139","3,287,656"
Gunna-mop,3,,64,,"1,550,348","3,285,673"
Journey-Separate Ways (Worlds Apart) - Bryce Miller/Alloy Tracks Remix,4,,158,,"855,880","3,282,667"
SZA-Crybaby,2,,120,,"1,859,293","3,281,740"
The Weeknd-Where You Belong,16,,129,,"239,496","3,280,195"
Post Malone-Losers (Feat. Jelly Roll),2,,88,,"1,853,848","3,279,816"
Asake-Active,2,,93,,"1,711,778","3,279,438"
Halsey-SUGA's Interlude,3,,44,,"1,629,008","3,274,990"
Linkin Park-Somewhere I Belong,5,,63,,"1,256,980","3,273,470"
Lil Uzi Vert-Moon Relate,3,,59,,"1,541,203","3,272,599"
Anuel AA-Tú No Amas,5,,171,,"729,254","3,269,652"
Balming Tiger-SEXY NUKIM,3,,99,,"1,201,217","3,265,130"
Linkin Park-Papercut,5,,58,,"1,289,117","3,263,808"
Gambi-Dans l'espace,4,,151,,"970,843","3,262,376"
Brett Eldredge-A Holly Jolly Christmas,3,,166,,"1,257,529","3,262,014"
Kelly Clarkson-Under The Mistletoe,2,,108,,"1,664,913","3,259,801"
Niall Horan-Black And White,4,,113,,"1,064,466","3,256,852"
Bon Iver-33 “GOD”,8,,111,,"505,791","3,250,748"
Red Velvet-Queendom,4,,111,,"892,193","3,248,410"
Brent Faiyaz-ALL MINE,3,,53,,"1,547,977","3,247,911"
Lil Uzi Vert-Sasuke,3,,39,,"1,708,289","3,247,829"
Taylor Swift-Bad Blood,5,,118,,"1,350,205","3,247,558"
Jack Harlow-Just Us,2,,60,,"2,018,200","3,245,639"
One Direction-Fireproof,16,,95,,"283,257","3,244,222"
Slipknot-Unsainted,4,,117,,"992,943","3,243,929"
Eagles-Please Come Home For Christmas - Bonus Track,4,,102,,"1,030,332","3,242,058"
Morgan Wallen-Devil Don’t Know,2,,63,,"1,919,238","3,242,000"
Mora-FANTASÍAS,2,,49,,"2,044,178","3,240,123"
Lil Baby-Real As It Gets,4,,92,,"1,054,489","3,239,588"
The Weeknd-Starboy - Kygo Remix,9,,129,,"495,511","3,238,581"
Harry Styles-From the Dining Table,5,,84,,"981,481","3,237,295"
Lil Baby-Not Finished,3,,90,,"1,357,030","3,236,442"
Shubh-One Love,3,,191,,"1,141,134","3,234,317"
Kane Brown-Memory,4,,96,,"1,077,513","3,229,890"
Bryant Myers-Gan-Ga - Remix,5,,162,,"705,023","3,228,591"
Offset-How Did I Get Here,4,,88,,"1,143,486","3,227,251"
Avicii-Hold The Line,4,,70,,"1,221,797","3,226,360"
Mac Miller-5 Dollar Pony Rides,2,,85,,"1,910,735","3,225,471"
Gucci Mane-Love Thru The Computer,4,,108,,"971,179","3,224,792"
Maroon 5-Wait,6,,186,,"589,975","3,223,536"
Jack Black-Peaches (from The Super Mario Bros. Movie),2,,65,,"1,657,362","3,223,362"
Beyoncé-6 Inch,3,,53,,"1,364,623","3,220,811"
alt-J-Every Other Freckle,22,,122,,"169,858","3,219,019"
Joji-Afterthought,4,,119,,"1,000,877","3,217,042"
21 Savage-gun smoke,3,,72,,"1,397,206","3,215,987"
Tiësto-Summer Nights,9,,95,,"516,712","3,215,386"
A$AP Rocky-D.M.B.,3,,83,,"1,454,028","3,201,516"
Cosculluela-Manicomio,8,,186,,"436,975","3,199,388"
Avicii-Bad Reputation,4,,82,,"1,143,014","3,194,944"
Feid-Ferxxo 100,3,,111,,"1,139,672","3,192,950"
The Weeknd-Big Sleep,2,,94,,"1,749,123","3,192,228"
Future-Red Leather,2,,64,,"1,935,871","3,190,480"
Migos-Malibu,3,,60,,"1,541,227","3,183,950"
Kendrick Lamar-untitled 01 08.19.2014.,4,,30,,"1,307,290","3,182,253"
Agust D-HUH?!,2,,53,,"2,024,039","3,176,124"
21 Savage-asmr,3,,82,,"1,293,644","3,166,871"
Sam Smith-The Lighthouse Keeper,2,,120,,"1,585,197","3,164,489"
Pentatonix-Winter Wonderland / Don't Worry Be Happy,15,,98,,"393,014","3,161,608"
Desiigner-Outlet,7,,162,,"497,080","3,161,520"
BIA-WHOLE LOTTA MONEY,4,,127,,"960,309","3,156,560"
Trippie Redd-Snake Skin,4,,61,,"1,181,402","3,155,792"
DaBaby-LIGHTSKIN SH*T,3,,39,,"1,664,037","3,154,111"
The Weeknd-Give Me Mercy,2,,98,,"1,715,931","3,150,240"
Johnny Mathis-Sleigh Ride,4,,31,,"1,051,530","3,149,219"
Florence + The Machine-Hunger,4,,76,,"1,094,897","3,145,626"
Post Malone-Have The Heart (Feat. Dolly Parton),2,,93,,"1,828,499","3,143,381"
Jimin-Interlude : Dive,2,,62,,"1,942,884","3,142,653"
Logic-COMMANDO,4,,80,,"1,156,415","3,134,222"
Gucci Mane-P**** Print,8,,82,,"607,306","3,129,086"
¥$-PAPERWORK,2,,85,,"1,690,851","3,126,118"
C. Tangana-Párteme La Cara,4,,128,,"925,006","3,123,182"
Chance the Rapper-Same Drugs,6,,138,,"560,600","3,114,417"
Kendrick Lamar-Hood Politics,7,,46,,"582,076","3,112,458"
The Chainsmokers-Wake Up Alone,5,,85,,"867,425","3,110,272"
21 Savage-No Opp Left Behind,3,,71,,"1,493,469","3,102,766"
Stromae-Santé,3,,66,,"1,339,993","3,100,562"
Tame Impala-One More Year,3,,66,,"1,552,960","3,099,185"
John Mayer-Moving On and Getting Over,6,,62,,"896,205","3,090,478"
Bing Crosby-Winter Wonderland - Remastered 2006,6,,74,,"848,588","3,090,411"
João Gustavo e Murilo-Lençol Dobrado,5,,181,,"647,956","3,087,421"
Zach Bryan-Holy Roller,2,,64,,"1,892,782","3,087,318"
RM-All Day,2,,68,,"1,964,465","3,086,850"
Rick James-Super Freak,2,,91,,"1,906,535","3,083,792"
Alicia Keys-In Common,8,,72,,"573,488","3,083,130"
Cian Ducrot-I'll Be Waiting,3,,167,,"1,044,973","3,082,725"
Mumford & Sons-Tompkins Square Park,11,,65,,"399,434","3,081,928"
Andy Williams-Sleigh Ride,4,,138,,"1,212,806","3,081,466"
Offset-Nightmare,4,,86,,"882,207","3,080,243"
21 Savage-out for the night,3,,77,,"1,358,605","3,079,434"
Kanye West-Life Of The Party,3,,67,,"1,411,164","3,079,223"
Halsey-Hold Me Down,14,,150,,"245,353","3,068,334"
Kali Uchis-I Wish you Roses,3,,188,,"1,069,704","3,059,893"
Florence + The Machine-What Kind Of Man,15,,109,,"262,778","3,059,585"
Linkin Park-Talking to Myself,5,,86,,"985,579","3,057,153"
Quavo-BIGGEST ALLEY OOP,4,,63,,"1,326,389","3,056,314"
Pusha T-What Would Meek Do?,4,,91,,"1,033,354","3,054,903"
Quavo-RERUN,4,,65,,"1,311,992","3,051,163"
Dardan-Wer macht Para 2,4,,95,,"1,029,766","3,049,950"
Avicii-Addicted To You,4,,74,,"1,360,874","3,048,721"
Lil Tecca-Dolly,4,,105,,"1,007,229","3,045,454"
Lil Peep-Broken Smile (My All),4,,85,,"1,138,324","3,045,331"
Jin-Another Level,2,,106,,"1,766,307","3,045,254"
Mac Miller-My Favorite Part,8,,115,,"563,627","3,043,470"
Costa Gold-Se Essa Bunda,4,,159,,"844,323","3,043,036"
Ufo361-Shit Changed,4,,122,,"1,018,663","3,042,611"
UZI-Krvn,4,,157,,"793,539","3,039,562"
Lana Del Rey-The greatest,4,,119,,"939,049","3,038,858"
The Weeknd-Hurry Up Tomorrow,2,,112,,"1,637,769","3,036,139"
Mora-LAGUNA,2,,56,,"1,910,174","3,036,047"
RM-Lonely,2,,75,,"1,886,758","3,032,203"
MERO-Jay Jay,4,,97,,"992,149","3,032,062"
Lil Uzi Vert-Trap This Way (This Way),3,,66,,"1,407,309","3,028,443"
A Boogie Wit da Hoodie-Mood Swings,4,,110,,"951,540","3,026,322"
Kendrick Lamar-For Free? - Interlude,7,,36,,"664,450","3,026,155"
Lil Uzi Vert-Two®,4,,59,,"1,255,517","3,025,609"
Benson Boone-Mr Electric Blue,2,,61,,"1,856,647","3,025,581"
Jamie xx-I Know There's Gonna Be (Good Times),14,,129,,"247,790","3,024,136"
Damso-Smog,5,,110,,"788,180","3,023,763"
Post Malone-Nosedive (Feat. Lainey Wilson),2,,107,,"1,705,055","3,015,603"
Peso Pluma-CARNAL,2,,78,,"1,782,849","3,015,321"
Future-Astronauts,4,,66,,"1,274,757","3,012,903"
Tate McRae-uh oh,3,,104,,"1,224,170","3,010,740"
Arctic Monkeys-I Ain’t Quite Where I Think I Am,2,,58,,"1,958,784","3,010,324"
Lana Del Rey-Let Me Love You Like A Woman,3,,59,,"1,374,852","3,004,665"
Shawn Mendes-Queen,4,,88,,"1,050,249","3,002,162"
Kanye West-Low Lights,8,,108,,"451,609","2,998,566"
Peter Fox-Zukunft Pink,3,,165,,"1,085,843","2,996,233"
Daft Punk-Instant Crush,3,,57,,"1,290,952","2,993,094"
Kendrick Lamar-dodger blue,1,,33,,"2,989,212","2,989,212"
Feid-VENTE CONMIGO,2,,76,,"1,727,844","2,985,359"
RM-Closer,2,,76,,"1,870,715","2,985,030"
Ufo361-Big Drip,3,,99,,"1,329,539","2,983,865"
¥$-VULTURES,2,,95,,"1,594,718","2,976,497"
Sean Kingston-Eenie Meenie,4,,172,,"819,522","2,975,684"
Zach Bryan-Boys Of Faith,2,,64,,"1,852,986","2,975,141"
BTS-I'm Fine,4,,77,,"1,029,959","2,974,099"
21 Savage-RIP Luv,3,,74,,"1,419,580","2,973,941"
Polo G-Clueless,3,,80,,"1,349,991","2,966,082"
Flo Rida-Once In A Lifetime,15,,117,,"274,743","2,963,906"
Mariah Carey-Silent Night,3,,169,,"1,038,495","2,956,104"
Justin Bieber-That's What Love Is,3,,78,,"1,352,502","2,955,644"
Morgan Wallen-More Than My Hometown,4,,164,,"826,418","2,949,333"
Tainy-LA BABY,2,,103,,"1,686,658","2,948,816"
Samra-BaeBae,4,,93,,"901,872","2,945,436"
UMI-wherever u r (ft. V of BTS),1,,14,,"2,943,455","2,943,455"
Juice WRLD-Life's A Mess II,3,,62,,"1,312,776","2,941,568"
David Bowie-Starman - 2012 Remastered Version,7,,52,,"733,599","2,939,886"
MC Kekel-Amor de Verdade,5,,181,,"621,132","2,936,451"
¥$-BEG FORGIVENESS,2,,102,,"1,569,788","2,935,850"
Big Sean-Voices In My Head/Stick To The Plan,6,,132,,"590,991","2,933,951"
21 Savage-dark days,2,,99,,"1,655,058","2,925,807"
Rich The Kid-Fall Threw,4,,136,,"831,388","2,922,996"
Polo G-Be Something,4,,130,,"845,066","2,919,575"
Young Thug-Surf,4,,107,,"916,433","2,915,456"
Selena Gomez-Let Me Get Me,3,,69,,"1,328,516","2,915,120"
RIN-Vintage,4,,122,,"920,503","2,914,507"
Nessa Barrett-i hope ur miserable until ur dead,4,,180,,"772,302","2,914,367"
21 Savage-Mad Stalkers,4,,95,,"822,950","2,914,363"
Tory Lanez-Who Needs Love,4,,114,,"842,883","2,909,402"
Kanye West-Frank's Track,8,,114,,"423,299","2,907,539"
KC Rebell-Neptun,4,,116,,"931,740","2,905,883"
Playboi Carti-Go2DaMoon,2,,74,,"2,080,130","2,905,609"
The Weeknd-Red Terror,2,,124,,"1,564,344","2,904,044"
21 Savage-ball w/o you,3,,106,,"1,143,233","2,902,212"
Clyde McPhatter-White Christmas,2,,178,,"1,467,954","2,898,876"
Joji-Like You Do,4,,152,,"874,344","2,898,825"
Shawn Mendes-No Promises,7,,97,,"572,811","2,898,265"
PNL-91's,4,,103,,"869,429","2,897,906"
Young Thug-What's the Move,4,,94,,"979,011","2,897,256"
RIN-UP IN SMOKE,4,,136,,"888,971","2,896,227"
Avicii-I Could Be The One (Avicii Vs. Nicky Romero) - Nicktim / Radio Edit,3,,69,,"1,429,546","2,894,655"
Beyoncé-Don't Hurt Yourself,3,,63,,"1,257,889","2,893,085"
Dreamville-Sunset,4,,130,,"817,683","2,892,425"
MC Bruninho-Jogo do Amor,5,,161,,"609,727","2,889,345"
Lil Uzi Vert-Got The Guap,3,,79,,"1,291,044","2,889,195"
James TW-When You Love Someone,9,,179,,"347,912","2,885,474"
BLACKPINK-Kick It,4,,154,,"878,655","2,883,965"
Drake-How Bout Now,3,,53,,"1,401,031","2,882,967"
J Balvin-Arcoíris,3,,69,,"1,403,877","2,882,719"
Tony Effe-DAMME 'NA MANO,2,,119,,"1,608,934","2,882,059"
Dr. Dre-Forgot About Dre,3,,95,,"1,047,994","2,879,370"
Megan Thee Stallion-Diamonds,4,,147,,"843,147","2,878,811"
The Weeknd-Drive,2,,126,,"1,556,695","2,878,503"
Selena Gomez-A Sweeter Place,3,,71,,"1,318,876","2,878,031"
Gunna-TOP FLOOR,3,,64,,"1,274,599","2,877,799"
ZAYN-wRoNg,7,,62,,"592,642","2,875,454"
Lil Yachty-Peek A Boo,6,,169,,"522,212","2,874,722"
Kim Petras-Alone,2,,74,,"1,732,579","2,869,887"
DJ TOPO-MTG NA IMAGINAÇÃO - TOPO SESSIONS VOL. 1,2,,187,,"1,446,705","2,869,276"
Zach Bryan-American Nights,2,,112,,"1,589,438","2,867,080"
Iggy Azalea-Switch,5,,83,,"922,824","2,864,282"
Fences-Arrows,16,,101,,"206,124","2,863,190"
Miley Cyrus-You,2,,82,,"1,660,588","2,854,834"
Logic-Confess,5,,92,,"891,195","2,854,778"
Gusttavo Lima-De Menina pra Mulher - Ao Vivo,4,,161,,"783,629","2,852,793"
MisterWives-Reflections,16,,105,,"207,070","2,852,335"
David Bowie-Changes - 1999 Remastered Version,6,,45,,"834,156","2,847,214"
MC Loma e As Gêmeas Lacração-Envolvimento,5,,159,,"635,877","2,844,380"
Beyoncé-MOVE,3,,114,,"973,830","2,838,810"
Rogerinho-So Voçe,4,,189,,"749,025","2,838,753"
John Mayer-I Guess I Just Feel Like,3,,64,,"1,389,212","2,832,943"
Kendrick Lamar-peekaboo,1,,37,,"2,832,752","2,832,752"
Alesso-Sad Song,4,,120,,"889,702","2,832,581"
Morgan Wallen-Tennessee Numbers,2,,87,,"1,630,770","2,828,089"
Lil Durk-War Bout It,2,,84,,"1,686,091","2,826,328"
Salmo-90MIN,4,,85,,"1,028,044","2,824,330"
Lil Baby-Real Spill,2,,51,,"1,745,007","2,824,097"
Rvssian-No Me Ame,4,,107,,"899,592","2,822,826"
Post Malone-Too Cool To Die,2,,97,,"1,658,931","2,821,638"
Twenty One Pilots-Pet Cheetah,4,,123,,"929,684","2,821,635"
Anitta-Funk Rave,2,,85,,"1,675,267","2,818,998"
Juice WRLD-Black & White,3,,74,,"1,147,326","2,815,675"
Ariana Grande-Moonlight,7,,117,,"474,366","2,806,056"
Lil Baby-On Me,4,,194,,"732,008","2,802,131"
benny blanco-Better To Lie,4,,164,,"793,156","2,802,022"
Jax Jones-Harder,4,,142,,"850,875","2,801,230"
Trío Los Josefinos-Criminal,5,,176,,"592,377","2,797,797"
Don Toliver-BROTHER STONE (FEAT. KODAK BLACK),2,,120,,"1,577,708","2,795,508"
Lil Baby-Pop Out,2,,54,,"1,693,167","2,792,107"
jxdn-Angels & Demons,4,,151,,"733,565","2,790,726"
Hasse Andersson-Guld och gröna skogar,13,,96,,"295,298","2,790,425"
Mc Jacaré-Vento Forte,3,,151,,"952,323","2,788,725"
Ariana Grande-Winter Things,7,,83,,"634,912","2,787,741"
Miley Cyrus-WTF Do I Know,3,,98,,"1,198,179","2,786,858"
ZAYN-Love Like This,2,,75,,"1,667,453","2,785,569"
Jason French-You Just Want My Money,19,,166,,"174,452","2,785,056"
Tory Lanez-MiAMi,4,,102,,"927,370","2,784,631"
Adele-Turning Tables,12,,151,,"261,237","2,783,324"
Kid Cudi-Elsie's Baby Boy (flashback),2,,78,,"1,667,383","2,783,242"
Megan Thee Stallion-Girls in the Hood,4,,129,,"803,340","2,783,229"
A$AP Rocky-Tony Tone,3,,51,,"1,451,881","2,781,427"
Drake-The Motion,3,,54,,"1,387,912","2,781,382"
TOMORROW X TOGETHER-Devil by the Window,2,,73,,"1,694,585","2,780,861"
YNW Melly-Bang Bang,4,,142,,"824,216","2,780,522"
Farid Bang-INTERNATIONAL GANGSTAS,4,,104,,"947,305","2,777,352"
Drake-Trust Issues,3,,56,,"1,352,235","2,775,721"
Diana Krall-Have Yourself a Merry Little Christmas,12,,50,,"529,808","2,771,538"
Pentatonix-Amazing Grace (My Chains Are Gone),2,,143,,"1,386,753","2,771,379"
Tony Effe-SESSO E SAMBA,2,,179,,"1,382,157","2,763,803"
Morgan Wallen-Whiskey Friends,2,,96,,"1,554,156","2,761,112"
X Ambassadors-Unsteady,9,,179,,"316,182","2,760,812"
Rich The Kid-End Of Discussion,5,,137,,"681,601","2,760,069"
Alok-Never Let Me Go,6,,187,,"507,506","2,759,807"
Panic! At The Disco-Roaring 20s,4,,105,,"902,849","2,758,914"
The 1975-TOOTIMETOOTIMETOOTIME,4,,84,,"1,036,693","2,756,869"
Mel & Kim-Rockin' Around The Christmas Tree,3,,171,,"1,053,874","2,755,476"
Lil Yachty-Oprah's Bank Account (Lil Yachty & DaBaby feat. Drake),4,,154,,"794,689","2,746,869"
Martin Solveig-Places,6,,188,,"514,606","2,746,708"
ZAYN-dRuNk,7,,63,,"591,813","2,744,569"
Carly Rae Jepsen-Last Christmas,7,,77,,"686,945","2,743,702"
Doja Cat-Options,3,,109,,"1,167,875","2,743,002"
Sfera Ebbasta-15 Piani,2,,80,,"1,639,120","2,742,674"
YG-In The Dark,4,,154,,"813,420","2,738,617"
One Direction-Right Now,2,,176,,"1,388,257","2,736,791"
Solange-Almeda,3,,84,,"1,154,547","2,735,112"
Mora-CALENTÓN,2,,90,,"1,666,607","2,734,672"
A$AP Mob-Crazy Brazy,8,,142,,"363,794","2,732,818"
Tritonal-Untouchable,13,,150,,"247,607","2,731,684"
A$AP Rocky-Excuse Me,9,,65,,"446,404","2,731,304"
Imagine Dragons-Gold,17,,137,,"224,810","2,730,450"
Arctic Monkeys-The World's First Ever Monster Truck Front Flip,3,,55,,"1,419,097","2,729,502"
Morgan Wallen-Hope That’s True,2,,94,,"1,566,428","2,723,326"
Taylor Swift-All Too Well,3,,86,,"1,083,012","2,721,626"
Van Halen-Jump - 2015 Remaster,3,,61,,"1,296,209","2,721,596"
Sam Smith-Kids Again,3,,84,,"1,268,656","2,717,266"
Kid Cudi-Sept. 16,2,,84,,"1,611,588","2,710,427"
Miley Cyrus-Muddy Feet,2,,90,,"1,571,639","2,708,612"
Shawn Mendes-Ruin,7,,127,,"463,422","2,706,376"
Mc Jacaré-Comprei um Lança,4,,188,,"710,110","2,705,514"
TWICE-I GOT YOU,2,,130,,"1,481,182","2,704,980"
Khalid-Present,3,,86,,"1,152,855","2,704,615"
Kendrick Lamar-How Much A Dollar Cost,7,,58,,"519,829","2,703,471"
David Bowie-Ziggy Stardust - 2012 Remastered Version,5,,41,,"923,730","2,703,409"
Dream-Mask,3,,110,,"1,084,254","2,701,405"
Juice WRLD-The Light,2,,110,,"1,535,438","2,694,637"
Maes-Blanche,3,,125,,"1,076,350","2,694,164"
Lil Uzi Vert-For Real,4,,73,,"1,010,475","2,693,510"
BLACKPINK-Forever Young,4,,115,,"754,643","2,691,830"
TR-Baby Eu Tava na Rua da Água,2,,139,,"1,421,586","2,688,614"
Tyga-Goddamn,4,,158,,"699,036","2,686,793"
J. Cole-Fire Squad,12,,90,,"293,656","2,684,018"
Dream-Change My Clothes,3,,88,,"1,175,078","2,681,280"
Sfera Ebbasta-Abracadabra,2,,45,,"1,776,166","2,680,684"
Morat-Salir Con Vida,2,,84,,"1,487,282","2,675,718"
Big Sean-Light,5,,88,,"763,876","2,675,236"
Stray Kids-Lose My Breath,2,,164,,"1,416,545","2,674,321"
Hozier-Work Song,13,,122,,"229,536","2,671,107"
The Beatles-Come Together - Remastered,4,,39,,"980,835","2,670,484"
Ed Sheeran-Boat,2,,139,,"1,359,783","2,670,427"
The xx-Dangerous,5,,62,,"878,700","2,667,597"
Paulo Londra-Luces,3,,154,,"949,873","2,661,892"
Kid Cudi-Rockstar Knights,2,,90,,"1,558,502","2,660,389"
Labrinth-I'm Tired,3,,113,,"1,004,546","2,660,381"
Lil Peep-Cry Alone,3,,92,,"1,059,165","2,659,309"
Ozuna-Aura,4,,112,,"742,161","2,656,626"
Sam Smith-One Day At A Time,5,,158,,"587,695","2,654,733"
Young Thug-Wyclef Jean,8,,145,,"371,068","2,654,436"
Imagine Dragons-Eyes Closed,2,,160,,"1,410,573","2,653,241"
One Direction-Fool's Gold,13,,95,,"285,376","2,651,623"
Childish Gambino-Lithonia,2,,181,,"1,350,780","2,651,589"
Myke Towers-Oh Na Na,3,,101,,"1,092,911","2,651,288"
Beyoncé-Daddy Lessons,3,,78,,"1,097,873","2,651,057"
M83-Midnight City,21,,180,,"137,954","2,650,677"
Dj Luan Gomes-MTG QUERO VER SE VOCÊ TEM ATITUDE,2,,174,,"1,343,787","2,650,088"
Lady Gaga-Diamond Heart,7,,89,,"611,677","2,649,661"
Booba-Mona Lisa,3,,82,,"1,127,970","2,647,905"
Kid Cudi-Lovin’ Me,2,,88,,"1,569,283","2,647,833"
Kendrick Lamar-For Sale? - Interlude,7,,56,,"524,805","2,645,412"
Future-Worst Day,3,,137,,"919,871","2,644,480"
Lorde-Writer In The Dark,5,,129,,"668,292","2,644,373"
Noa Kirel-Unicorn,2,,91,,"1,420,732","2,638,904"
DJ Khaled-BIG TIME,2,,62,,"1,599,860","2,638,221"
Metro Boomin-Borrowed Love,4,,128,,"835,697","2,636,828"
Hannah Kerr-Winter Wonderland,3,,171,,"932,034","2,632,946"
Pop Smoke-Brush Em,2,,50,,"1,687,126","2,631,741"
Don Toliver-ATTITUDE (FEAT. CHARLIE WILSON & CASH COBAIN),2,,184,,"1,380,379","2,631,325"
Future-GOLD STACKS,2,,58,,"1,616,388","2,628,545"
Natanael Cano-Perlas Negras,2,,122,,"1,413,784","2,628,321"
A$AP Rocky-Buck Shots,3,,60,,"1,302,377","2,626,849"
DaBaby-Lonely,3,,116,,"1,034,437","2,626,070"
One Direction-Home,9,,64,,"472,613","2,623,571"
Playboi Carti-Vamp Anthem,3,,168,,"1,202,014","2,621,395"
Ella Henderson-Blame It On The Mistletoe,2,,159,,"1,343,947","2,620,922"
Kendrick Lamar-untitled 04 08.14.2014.,4,,42,,"1,022,154","2,620,707"
6LACK-Balenciaga Challenge,4,,136,,"762,308","2,620,385"
Logic-Everybody Dies,3,,94,,"1,077,015","2,620,238"
Kendrick Lamar-Momma,7,,59,,"521,461","2,618,446"
AgroPlay-Dia de Fluxo,2,,135,,"1,434,639","2,617,763"
Daddy Yankee-REMIX,2,,45,,"1,601,343","2,616,771"
Miley Cyrus-Violet Chemistry,2,,99,,"1,514,515","2,616,030"
Anuel AA-Así Soy Yo,3,,88,,"1,135,221","2,614,246"
Mac Miller-Weekend,5,,80,,"1,038,007","2,612,449"
SAMUKA-MONTAGEM - PAREDE,2,,137,,"1,318,432","2,611,034"
Beyoncé-Freedom,3,,89,,"1,038,177","2,609,210"
Avicii-Silhouettes - Original Radio Edit,3,,78,,"1,250,500","2,609,070"
Twenty One Pilots-Legend,4,,138,,"867,795","2,606,777"
Lovejoy-One Day,3,,106,,"904,786","2,605,323"
Jack Harlow-I'd Do Anything To Make You Smile,2,,73,,"1,593,082","2,605,045"
Capital Bra-Roli Glitzer Glitzer,4,,124,,"880,784","2,604,157"
Kygo-The Truth,3,,90,,"1,087,311","2,603,238"
Trippie Redd-Shake It Up,4,,118,,"855,378","2,602,559"
Lady Gaga-Dancin' In Circles,7,,102,,"566,562","2,599,085"
Halsey-Eyes Closed,5,,117,,"733,953","2,597,757"
Lady Gaga-Joanne,7,,107,,"539,390","2,594,119"
Bing Crosby-Silver Bells,2,,140,,"1,322,416","2,593,269"
Fergie-M.I.L.F. $,8,,143,,"366,715","2,592,308"
Miley Cyrus-D.R.E.A.M.,3,,73,,"1,203,329","2,588,095"
Shirin David-Lieben wir,3,,96,,"1,059,213","2,586,942"
Arcane-Sucker - from the series Arcane League of Legends,2,,189,,"1,293,487","2,586,118"
Coldplay-A Head Full of Dreams,8,,98,,"397,003","2,586,021"
DMX-Party Up,2,,60,,"1,434,758","2,584,361"
Miksu / Macloud-Sehnsucht,3,,110,,"1,037,282","2,583,954"
21 Savage-Intro,2,,54,,"1,805,509","2,582,742"
Maroon 5-She Will Be Loved - Radio Mix,3,,174,,"1,215,243","2,581,484"
BTS-Trivia 轉 : Seesaw,4,,101,,"882,963","2,581,106"
"Lil Yachty-T.D (Lil Yachty & Tierra Whack feat. A$AP Rocky & Tyler, The Creator)",3,,91,,"1,115,659","2,576,129"
Lorde-Sober II (Melodrama),5,,130,,"667,940","2,569,340"
Ricky Martin-Fiebre,5,,188,,"554,116","2,568,248"
j-hope-= (Equal Sign),2,,43,,"1,721,182","2,568,196"
Wilbur Soot-Your New Boyfriend,3,,156,,"904,738","2,567,341"
Jonas Brothers-I Believe,3,,76,,"1,159,461","2,566,864"
The Jackson 5-I Want You Back,4,,90,,"1,009,073","2,566,707"
SZA-Forgiveless,2,,118,,"1,427,166","2,562,521"
MIKOLAS-Lie to Me,4,,119,,"698,732","2,558,212"
Marília Mendonça-Bebi Liguei - Ao Vivo,4,,181,,"676,514","2,556,569"
Nas-Not For Radio,3,,66,,"1,037,720","2,554,824"
Ben Howard-I Forget Where We Were,17,,108,,"187,536","2,554,656"
LX-HaifischNikez Allstars,4,,143,,"698,847","2,551,998"
Future-MASSAGING ME,2,,59,,"1,526,963","2,551,618"
Mozzy-Seasons,4,,130,,"786,686","2,550,629"
Tove Lo-True Disaster,7,,93,,"606,405","2,550,364"
One Direction-Girl Almighty,12,,91,,"289,641","2,546,618"
Mumford & Sons-Wilder Mind,9,,62,,"409,080","2,546,571"
Jack Harlow-Young Harleezy,2,,74,,"1,575,635","2,545,103"
MC Cebezinho-A Danada Me Ligando,2,,180,,"1,305,185","2,542,288"
DaBaby-CAN'T STOP,2,,37,,"1,737,608","2,541,147"
"Tyler, The Creator-Boredom",5,,148,,"673,348","2,541,031"
Pop Smoke-Shake The Room,3,,99,,"948,326","2,535,665"
Bruno Mars-Silk Sonic Intro,2,,89,,"1,516,394","2,531,787"
Astrid S-Breathe,5,,128,,"674,254","2,531,754"
ZAYN-fOoL fOr YoU,7,,71,,"546,297","2,531,487"
Selena Gomez-Sober,9,,93,,"392,054","2,531,356"
Skylar Grey-I Know You,13,,136,,"225,494","2,531,114"
Post Malone-Euthanasia,2,,83,,"1,472,260","2,530,665"
LISA-Rockstar - Extended,2,,169,,"1,409,921","2,529,902"
Taylor Swift-The Best Day (Taylor’s Version),2,,63,,"1,587,071","2,528,971"
Yeat-Rich Minion,3,,159,,"938,878","2,522,749"
Juice WRLD-Relocate,2,,75,,"1,571,494","2,520,781"
Dan + Shay-Take Me Home For Christmas,2,,152,,"1,312,587","2,518,255"
Taylor Swift-We Were Happy (Taylor’s Version) (From The Vault),2,,66,,"1,565,450","2,516,869"
Luan Santana-EU SOU SENTIMENTO,2,,160,,"1,292,296","2,516,507"
Gino Mella-El Amor de tu Vida,2,,175,,"1,290,896","2,514,879"
Lil Uzi Vert-No Sleep Leak,4,,80,,"982,358","2,513,196"
Elena Tsagrinou-El Diablo,3,,110,,"923,682","2,512,480"
Peso Pluma-SANTAL 33,2,,194,,"1,265,589","2,511,415"
Avicii-Peace Of Mind,3,,80,,"1,152,500","2,510,356"
KAROL G-OJOS FERRARI,2,,117,,"1,389,046","2,509,535"
Tom Petty-Free Fallin',3,,51,,"1,264,025","2,508,587"
Otis Redding-(Sittin' On) the Dock of the Bay,2,,158,,"1,285,486","2,505,203"
Megan Thee Stallion-B.I.T.C.H.,3,,108,,"1,012,989","2,504,962"
Ariana Grande-Leave Me Lonely,7,,143,,"389,873","2,503,432"
21 Savage-Snitches & Rats (Interlude),2,,66,,"1,581,998","2,503,166"
Mac Miller-Donald Trump,3,,57,,"1,239,875","2,501,982"
Kendrick Lamar-gnx,1,,49,,"2,500,219","2,500,219"
Luis R Conriquez-Que Se Cuide,2,,188,,"1,319,298","2,499,166"
Daddy Yankee-PARA SIEMPRE,2,,53,,"1,537,662","2,498,010"
Boef-Habiba,5,,173,,"518,663","2,497,725"
Diodato-Fai rumore,3,,94,,"884,213","2,495,075"
"Bizarrap-Ptazeta: Bzrp Music Sessions, Vol. 45",3,,128,,"936,232","2,489,141"
Dave-Trojan Horse,2,,120,,"1,349,311","2,488,763"
Gunna-poochie gown,2,,65,,"1,526,223","2,483,775"
Ella Langley-you look like you love me,2,,185,,"1,292,040","2,482,876"
Ozuna-Te Soñé de Nuevo,4,,174,,"657,248","2,482,366"
Red Hot Chili Peppers-The Getaway,7,,114,,"457,604","2,480,248"
Avicii-Friend Of Mine,5,,120,,"668,128","2,478,802"
"Tyler, The Creator-MOMMA TALK",2,,67,,"1,612,925","2,478,286"
Polo G-GNF (OKOKOK),3,,99,,"1,025,115","2,477,851"
Bonez MC-Ihr Hobby,3,,88,,"1,043,582","2,476,487"
MikkyZia-Aku Dah Lupa,2,,183,,"1,274,827","2,476,145"
Marília Mendonça-Troca de Calçada,3,,145,,"861,752","2,474,654"
Russ-The Flute Song,4,,131,,"774,068","2,473,540"
Soundgarden-Black Hole Sun,3,,60,,"1,142,554","2,471,488"
Future-Government Official,3,,85,,"1,123,439","2,471,438"
"Tyler, The Creator-SAFARI",2,,72,,"1,558,958","2,470,289"
Zedd-True Colors,7,,80,,"555,618","2,469,715"
Daddy Yankee-PASATIEMPO,2,,52,,"1,564,108","2,469,046"
Linkin Park-Leave Out All The Rest,4,,79,,"1,068,072","2,468,669"
Camila Cabello-I Have Questions,5,,133,,"692,608","2,468,597"
Ed Sheeran-Perfect Symphony (Ed Sheeran & Andrea Bocelli),4,,163,,"687,624","2,462,873"
Randy-23 (With Ape Drums),3,,181,,"852,138","2,461,100"
DJ Khaled-USE THIS GOSPEL,2,,66,,"1,551,856","2,460,563"
Kendrick Lamar-untitled 06 06.30.2014.,4,,49,,"938,389","2,459,603"
"Andrew Underberg-Loser, Baby",2,,172,,"1,232,004","2,458,302"
Migos-Too Much Jewelry,3,,69,,"1,185,634","2,455,423"
21 Savage-Steppin On Niggas,2,,70,,"1,534,536","2,454,790"
Lil Uzi Vert-I Can Show You,2,,60,,"1,526,140","2,453,241"
Taylor Swift-Don’t You (Taylor’s Version) (From The Vault),2,,69,,"1,508,504","2,452,246"
G-Eazy-Random,8,,108,,"328,488","2,450,155"
PARTYNEXTDOOR-Break from Toronto,2,,161,,"1,332,810","2,447,596"
Os Barões Da Pisadinha-Amor da Despedida,3,,97,,"988,408","2,443,670"
Jimmy Buffett-Margaritaville,2,,120,,"1,337,997","2,441,230"
Gloria Groove-VERMELHO,3,,182,,"834,622","2,440,047"
Tito Double P-PRIMO,2,,186,,"1,273,590","2,440,020"
Coldplay-Fun,8,,114,,"391,464","2,437,381"
Fuerza Regida-peliculiando,2,,192,,"1,225,494","2,434,218"
Polo G-Painting Pictures,2,,57,,"1,574,647","2,430,471"
Sefo-Yerinde Dur,2,,174,,"1,251,155","2,429,749"
Axwell /\ Ingrosso-Something New,13,,151,,"219,134","2,427,566"
"Tyler, The Creator-BLESSED",2,,71,,"1,565,352","2,427,252"
Juice WRLD-From My Window,2,,82,,"1,478,091","2,426,282"
Lil Baby-Never Hating,2,,79,,"1,429,750","2,423,786"
James TW-Last Christmas,2,,169,,"1,307,100","2,422,703"
Future-LIL DEMON,1,,47,,"2,422,356","2,422,356"
TV Girl-Cigarettes out the Window,2,,192,,"1,230,680","2,421,638"
Tony Camargo-El Año Viejo,2,,105,,"1,303,613","2,421,367"
Kid Cudi-The Pale Moonlight,2,,101,,"1,415,322","2,414,045"
Capo Plaza-Tesla,4,,188,,"657,725","2,412,983"
KAROL G-KÁRMIKA,2,,132,,"1,326,609","2,412,146"
Michael Bublé-The Christmas Sweater,2,,159,,"1,333,856","2,411,267"
Jack Harlow-Talk Of The Town,2,,77,,"1,555,956","2,405,720"
Logic-Killing Spree,4,,86,,"920,517","2,405,123"
The Beatles-I Want To Hold Your Hand - Remastered 2015,8,,114,,"552,906","2,402,616"
Sia-Together,3,,94,,"1,055,328","2,402,527"
Lil Baby-Heyy,2,,76,,"1,438,379","2,400,721"
Taylor Swift-Change (Taylor’s Version),2,,70,,"1,494,776","2,398,339"
MØ-Drum,6,,91,,"633,217","2,398,161"
XXXTENTACION-schizophrenia,3,,106,,"914,243","2,397,236"
LonelyEve-The Hills X Creepin X the Color Violet,2,,132,,"1,251,681","2,396,299"
"Metro Boomin-Home (Metro Boomin & Don Toliver, Lil Uzi Vert)",2,,174,,"1,259,457","2,396,299"
Veigh-Artista Genérico,2,,187,,"1,215,037","2,396,192"
"Logic-Wu Tang Forever (ft. Ghostface Killah, Raekwon, RZA, Method Man, Inspectah Deck, Cappadonna, Jackpot Scotty Wotty, U-God, Masta Killa, GZA)",3,,95,,"1,076,291","2,395,976"
Tame Impala-It Might Be Time,3,,86,,"1,001,519","2,394,571"
Gunna-how you did that,2,,70,,"1,425,077","2,392,679"
Shawn Mendes-Patience,6,,106,,"540,893","2,391,553"
Muse-Psycho,12,,136,,"235,056","2,390,385"
Léo Foguete-Última Noite,2,,175,,"1,287,549","2,388,355"
Eric Saade-Sting,12,,103,,"281,657","2,387,712"
XXXTENTACION-Royalty,3,,102,,"993,461","2,385,931"
Beyoncé-Sorry - Original Demo,3,,101,,"952,282","2,385,638"
Sfera Ebbasta-Macarena,2,,61,,"1,580,713","2,385,360"
Kendrick Lamar-Complexion (A Zulu Love),7,,65,,"462,791","2,384,561"
Metro Boomin-Up To Something,3,,79,,"1,088,305","2,382,626"
Jc La Nevula-Buscate Otro,3,,195,,"823,641","2,382,545"
Metallica-Hardwired,5,,78,,"650,823","2,381,587"
Logic-Take It Back,4,,90,,"906,755","2,381,374"
Calvin Harris-Faking It,4,,92,,"851,910","2,380,970"
Ufo361-Allein sein,3,,101,,"1,024,400","2,380,672"
DMX-Where The Hood At,2,,72,,"1,321,649","2,380,176"
Meek Mill-Lord Knows,10,,100,,"317,054","2,376,100"
"Anirudh Ravichander-Ordinary Person (From ""Leo"")",2,,165,,"1,188,236","2,375,976"
Future-CHICKENS,2,,65,,"1,435,072","2,370,677"
Trippie Redd-Excitement,3,,91,,"1,019,028","2,370,426"
Pharrell Williams-Double Life,2,,185,,"1,205,348","2,370,323"
Queen-Love Of My Life - Remastered 2011,4,,171,,"631,241","2,369,293"
Playboi Carti-M3tamorphosis,2,,115,,"1,617,785","2,369,227"
Bruno Mars-Straight Up & Down,6,,112,,"567,651","2,366,735"
Calvin Harris-Skrt On Me,4,,91,,"859,011","2,366,540"
Ed Sheeran-Give Me Love,7,,129,,"485,344","2,365,668"
Ariana Grande-Bad Decisions,7,,156,,"366,360","2,365,393"
Huncho Jack-Motorcycle Patches,2,,50,,"1,439,797","2,364,967"
Shirin David-Ich darf das,3,,150,,"888,942","2,362,687"
Bizarrap-Penas de Antaño,2,,172,,"1,183,598","2,362,308"
Bruno Mars-Marry You,2,,189,,"1,216,090","2,359,618"
Taylor Swift-Jump Then Fall (Taylor’s Version),2,,72,,"1,461,585","2,358,714"
J. Cole-A Tale of 2 Citiez,11,,92,,"289,646","2,358,186"
MUNA-Winterbreak - Tiësto's Deep House Remix,7,,142,,"384,557","2,357,407"
Lucky Daye-Over,3,,161,,"799,314","2,355,787"
Morat-Cuando Nadie Ve,4,,193,,"629,355","2,354,539"
Ice Spice-Deli,2,,151,,"1,216,345","2,351,518"
George Michael-Faith - Remastered,3,,32,,"1,100,408","2,350,618"
El Profesor-Bella ciao - HUGEL Remix,4,,166,,"590,909","2,348,059"
Bring Me The Horizon-Obey,3,,119,,"923,463","2,346,591"
Blue Öyster Cult-(Don't Fear) The Reaper,3,,119,,"915,090","2,344,648"
Jack Harlow-Side Piece,2,,84,,"1,424,397","2,343,929"
Drake-Dreams Money Can Buy,2,,47,,"1,510,648","2,341,585"
Bring Me The Horizon-Parasite Eve,3,,89,,"1,001,472","2,341,189"
Katteyes-PONTE LOKITA,2,,183,,"1,174,167","2,339,120"
A$AP Rocky-Distorted Records,2,,39,,"1,563,273","2,338,331"
Halsey-Die 4 Me,2,,149,,"1,254,355","2,336,940"
Eminem-Black Magic,2,,73,,"1,421,891","2,336,444"
Panic! At The Disco-Don't Threaten Me With A Good Time,8,,127,,"339,805","2,330,900"
XXXTENTACION-Introduction,2,,46,,"1,640,239","2,329,429"
Ariana Grande-Touch It,7,,161,,"355,282","2,329,219"
Rauw Alejandro-PANTIES Y BRASIERES,2,,128,,"1,287,684","2,328,563"
Logic-No Pressure - intro,2,,64,,"1,531,025","2,325,659"
Metallica-Enter Sandman - Remastered 2021,2,,191,,"1,182,243","2,324,917"
Cordae-Gifted,3,,106,,"997,995","2,322,990"
Veysel-UFF,4,,169,,"615,617","2,322,568"
Roddy Ricch-Peta,3,,167,,"833,611","2,321,909"
Juice WRLD-Feel Alone,2,,85,,"1,437,602","2,319,637"
Juan Magán-Si No Te Quisiera,16,,154,,"179,176","2,316,125"
Niall Horan-On The Loose,4,,99,,"818,969","2,313,660"
Justin Bieber-MLK Interlude,2,,70,,"1,426,117","2,312,479"
Rob $tone-Chill Bill REMIX,7,,169,,"351,026","2,309,738"
Young Stoner Life-Proud of You,2,,57,,"1,430,320","2,309,411"
Eagles-Hotel California - 2013 Remaster,5,,82,,"683,531","2,305,205"
Lil Uzi Vert-Amped,1,,43,,"2,301,283","2,301,283"
Kendrick Lamar-gloria,1,,60,,"2,301,009","2,301,009"
Paramore-Told You So,4,,123,,"706,898","2,300,819"
Khalid-Bluffin',3,,133,,"967,995","2,300,654"
Bhad Bhabie-Ms. Whitman,2,,198,,"1,162,724","2,297,762"
Apache 207-Doch in der Nacht,3,,116,,"977,173","2,295,384"
Jack Harlow-Movie Star,2,,89,,"1,385,562","2,292,100"
The Beatles-All You Need Is Love - Remastered,6,,97,,"603,793","2,291,547"
Pop Smoke-30,2,,66,,"1,447,904","2,289,517"
mgk-DAYWALKER!,2,,63,,"1,396,504","2,288,913"
Ed Sheeran-Under the Tree (from “That Christmas”),1,,121,,"2,287,695","2,287,695"
2 Chainz-Good Drank,5,,186,,"482,828","2,282,164"
Sfera Ebbasta-Ricchi x Sempre,4,,161,,"653,788","2,282,071"
Samra-Zu Ende,3,,159,,"831,628","2,280,686"
Dylan Conrique-Birthday Cake,3,,187,,"770,948","2,278,679"
Damso-Σ. MOROSE,2,,53,,"1,322,711","2,278,267"
Gunna-private island,2,,68,,"1,495,668","2,278,026"
Flo Rida-Hello Friday,7,,85,,"452,432","2,277,747"
Polo G-Toxic,2,,71,,"1,414,001","2,277,724"
ZAYN-TiO,7,,98,,"453,136","2,274,649"
Sfera Ebbasta-Hollywood,2,,68,,"1,465,466","2,274,614"
Sia-Salted Wound,11,,124,,"240,179","2,272,686"
Kendrick Lamar-untitled 08 09.06.2014.,4,,56,,"813,912","2,272,458"
Anitta-Ai Papai,2,,135,,"1,256,852","2,272,047"
Huncho Jack-Huncho Jack,2,,52,,"1,433,405","2,267,801"
Big Sean-So Good (& Metro Boomin),4,,177,,"617,246","2,266,629"
DaBaby-BLAME IT ON BABY,2,,54,,"1,417,138","2,266,093"
Shindy-Raffaello,3,,116,,"976,310","2,265,147"
Lil Uzi Vert-Come This Way,2,,70,,"1,380,152","2,264,451"
Kontra K-Letzte Träne,3,,140,,"903,147","2,264,432"
Drake-Red Button,1,,41,,"2,262,747","2,262,747"
Bausa-2012,3,,122,,"905,372","2,262,452"
6LACK-Know My Rights,3,,97,,"944,781","2,261,362"
Morgan Wallen-Still Goin Down,3,,180,,"774,911","2,260,641"
Future-SKI,1,,54,,"2,257,724","2,257,724"
Katy Perry-WOMAN’S WORLD,1,,58,,"2,257,214","2,257,214"
Darlene Love-White Christmas,7,,20,,"753,318","2,253,323"
Beat Record-Standing Next to You - Sped Up - Remix,1,,37,,"2,252,313","2,252,313"
MACHETE-STAR WARS - prod. Young Miles - Crookers x Nic Sarno,3,,100,,"1,019,964","2,252,299"
Mc Livinho-Fazer Falta,5,,172,,"469,049","2,249,453"
Louis Tomlinson-Bigger Than Me,2,,84,,"1,275,034","2,241,202"
Young Miko-wiggy,2,,198,,"1,128,184","2,241,098"
Lil Uzi Vert-Light Year (Practice),1,,53,,"2,239,885","2,239,885"
Juice WRLD-Ring Ring,3,,121,,"937,831","2,238,799"
Panic! At The Disco-Dancing's Not A Crime,3,,74,,"1,048,248","2,238,229"
Offset-Lick,3,,129,,"907,836","2,237,499"
John Mayer-Shot in the Dark,2,,76,,"1,385,030","2,236,431"
Clave Especial-No Pasa Nada,2,,192,,"1,168,312","2,234,813"
Bonez MC-Nummer unterdrückt,3,,103,,"999,457","2,233,685"
Ryan Castro-EL RITMO QUE NOS UNE,1,,38,,"2,231,663","2,231,663"
Ninho-La vie qu'on mène,3,,116,,"933,378","2,231,423"
PSY-DADDY ft. CL of 2NE1,9,,145,,"294,989","2,230,550"
Nick Jonas-Remember I Told You,4,,108,,"804,868","2,227,827"
Taylor Swift-Forever & Always (Piano Version) (Taylor’s Version),2,,79,,"1,376,438","2,226,139"
Pop Smoke-What’s Crackin,2,,70,,"1,416,810","2,225,024"
BTS-Trivia 起 : Just Dance,3,,79,,"1,022,188","2,223,974"
Trippie Redd-Missing My Idols,3,,84,,"985,383","2,222,366"
Mc Tato-Luz do Luar,2,,176,,"1,112,071","2,220,873"
Nadhif Basalamah-bergema sampai selamanya,2,,159,,"1,143,386","2,220,544"
PARTYNEXTDOOR-LASERS,1,,81,,"2,216,480","2,216,480"
Kid Cudi-4 Da Kidz,2,,116,,"1,300,538","2,214,666"
A$AP Rocky-Holy Ghost,7,,63,,"449,595","2,214,042"
21 Savage-a&t,2,,84,,"1,287,949","2,212,430"
Piso 21-Más De La Una,3,,186,,"761,412","2,211,884"
Kendrick Lamar-You Ain't Gotta Lie (Momma Said),7,,70,,"427,493","2,211,858"
Rixton-We All Want The Same Thing,11,,148,,"223,696","2,211,691"
Lana Del Rey-White Mustang,4,,127,,"765,291","2,210,655"
Logic-Hit My Line,2,,77,,"1,380,637","2,210,564"
Taylor Swift-Bye Bye Baby (Taylor’s Version) (From The Vault),2,,81,,"1,369,042","2,208,999"
Young Thug-Anybody,4,,181,,"614,295","2,207,571"
Robin Thicke-Back Together,10,,141,,"251,359","2,205,501"
Taylor Swift-Untouchable (Taylor’s Version),2,,82,,"1,362,212","2,205,384"
Taylor Swift-Today Was A Fairytale (Taylor’s Version),2,,87,,"1,349,288","2,205,003"
Nipsey Hussle-Dedication,3,,118,,"865,238","2,198,363"
Ben E. King-Stand by Me,2,,176,,"1,118,085","2,196,911"
J. Cole-Apparently,13,,115,,"230,191","2,195,260"
The Platters-Christmas Time,6,,71,,"621,506","2,194,020"
MC Lan-Rave de Favela,3,,158,,"782,571","2,192,827"
Imagine Dragons-Start Over,4,,98,,"802,023","2,186,284"
BTS-Outro: Tear,3,,112,,"863,642","2,182,141"
Uzielito Mix-Linea Del Perreo,2,,196,,"1,140,434","2,178,150"
Lil Uzi Vert-Dark Queen,4,,130,,"714,025","2,176,604"
Grupo Marca Registrada-El Mayor de los Ranas (En Vivo),2,,186,,"1,087,048","2,172,685"
Kid Cudi-Lord I Know,2,,122,,"1,256,343","2,169,333"
Niall Horan-Seeing Blind,4,,104,,"796,634","2,166,145"
Shawn Mendes-When You're Ready,3,,112,,"934,809","2,165,539"
"Ufo361-Bad Girls, Good Vibes",3,,154,,"886,676","2,163,134"
Migos-Modern Day,2,,83,,"1,280,310","2,162,395"
Olivia Rodrigo-girl i’ve always been,1,,66,,"2,162,107","2,162,107"
Daddy Yankee-AGUA,2,,67,,"1,287,524","2,160,140"
Meek Mill-Jump Out the Face,9,,115,,"283,737","2,157,053"
Stray Kids-VENOM,2,,60,,"1,365,155","2,156,112"
David Bowie-'Tis a Pity She Was a Whore,4,,44,,"870,402","2,155,950"
Mac Miller-DJ's Chord Organ,1,,68,,"2,152,482","2,152,482"
Playboi Carti-New N3on,2,,147,,"1,357,945","2,152,277"
Pop Smoke-Mr. Jones,2,,79,,"1,357,503","2,151,718"
Irama-La ragazza con il cuore di latta,3,,151,,"756,692","2,150,688"
Foo Fighters-Something from Nothing,12,,88,,"265,879","2,147,289"
Trippie Redd-Danny Phantom,2,,71,,"1,324,051","2,146,673"
Flo Rida-Dirty Mind,9,,171,,"254,866","2,144,490"
Agust D-What do you think?,2,,61,,"1,332,313","2,143,010"
One Direction-Steal My Girl - 88 Ninety's 'Raiders of the Lost Art' Remix,12,,165,,"203,765","2,140,463"
Future-VOODOO,2,,71,,"1,313,225","2,139,385"
ROSALÍA-HENTAI,2,,80,,"1,212,439","2,136,383"
PNL-Autre monde,2,,71,,"1,391,433","2,133,277"
21 Savage-Said N Done,2,,85,,"1,285,456","2,132,379"
Tame Impala-Patience,2,,55,,"1,381,124","2,132,100"
Anirudh Ravichander-Badass,2,,196,,"1,128,446","2,131,683"
Vaults-One Last Night,11,,144,,"217,890","2,127,408"
Lil Uzi Vert-No Auto,2,,81,,"1,287,460","2,126,387"
Boza-Ella,3,,194,,"717,333","2,125,975"
Logic-GP4,2,,85,,"1,301,166","2,125,626"
NATTI NATASHA-Amantes de una Noche,4,,185,,"559,451","2,125,248"
Shawn Mendes-Three Empty Words,6,,150,,"408,122","2,125,125"
BTS-Spring Day,3,,130,,"1,145,400","2,122,960"
Lana Del Rey-Music To Watch Boys To,7,,100,,"330,119","2,121,423"
Trippie Redd-Mac 10,3,,109,,"899,100","2,119,834"
Future-TOO FAST,1,,62,,"2,119,788","2,119,788"
Matuê-777-666,3,,153,,"789,305","2,119,736"
Logic-Ink Blot,4,,113,,"751,539","2,119,273"
AJR-Sober Up,4,,180,,"557,673","2,117,148"
Young Thug-Parade on Cleveland,1,,46,,"2,114,256","2,114,256"
"Ariana Grande-yes, and?",1,,55,,"2,114,089","2,114,089"
HRVY-Personal,4,,186,,"544,512","2,112,207"
Matthew Koma-So F**kin' Romantic,10,,149,,"220,078","2,110,017"
Selena Gomez-Kinda Crazy,2,,78,,"1,247,224","2,106,482"
Doja Cat-Love To Dream,2,,96,,"1,233,749","2,105,218"
Juice WRLD-The Party Never Ends,1,,69,,"2,104,880","2,104,880"
Linkin Park-BURN IT DOWN,3,,72,,"1,090,050","2,104,238"
Zach Bryan-Fear and Friday's (Poem),1,,52,,"2,104,112","2,104,112"
DaBaby-TALK ABOUT IT,2,,56,,"1,396,878","2,103,555"
Southside-Hold That Heat,2,,61,,"1,266,955","2,102,792"
Post Malone-Waiting For A Miracle,2,,107,,"1,228,343","2,102,112"
Capital Bra-Capital Bra je m'appelle,3,,166,,"784,355","2,096,787"
Justin Bieber-At Least For Now,2,,86,,"1,270,717","2,096,073"
Lil Durk-3 Headed Goat,3,,128,,"823,454","2,095,653"
Kanye West-30 Hours,6,,117,,"391,340","2,089,028"
Action Bronson-Standing in the Rain,7,,182,,"316,944","2,088,783"
XXXTENTACION-vice city,2,,70,,"1,237,476","2,083,756"
Olivia Rodrigo-stranger,1,,74,,"2,082,282","2,082,282"
Devin Dawson-Christmas Time Is Here - Recorded at Sound Emporium Nashville,2,,121,,"1,086,277","2,081,504"
Sabrina Carpenter-Please Please Please,1,,87,,"2,078,310","2,078,310"
BTS-Serendipity (Full Length Edition),3,,95,,"911,862","2,076,454"
Louis Tomlinson-Miss You,3,,76,,"1,006,034","2,074,951"
Jack Harlow-I Got A Shot,2,,107,,"1,219,713","2,074,586"
"Seth MacFarlane-Baby, It's Cold Outside",6,,95,,"555,721","2,074,319"
DaBaby-DROP,2,,62,,"1,322,561","2,071,628"
5 Seconds of Summer-Valentine,3,,84,,"952,854","2,070,173"
John Newman-Come And Get It,10,,153,,"239,298","2,069,352"
Tame Impala-Instant Destiny,2,,84,,"1,296,567","2,069,343"
DaBaby-PRACTICE,3,,183,,"702,669","2,069,005"
Laura Welsh-Undiscovered,11,,133,,"225,425","2,067,584"
Rauw Alejandro-Cosa Nuestra,1,,72,,"2,066,231","2,066,231"
Bruno Mars-Perm,5,,105,,"594,459","2,065,385"
Summer Walker-Bitter - Narration By Cardi B,2,,62,,"1,301,656","2,063,770"
Ezhel-Allah’ından Bul,3,,179,,"739,067","2,063,654"
Olivia Rodrigo-scared of my guitar,1,,76,,"2,063,129","2,063,129"
Ed Sheeran-Shape of You,4,,125,,"654,008","2,062,726"
DaBaby-SAD SH*T,2,,60,,"1,340,721","2,062,013"
Lil Baby-Detox,2,,135,,"1,101,547","2,061,428"
Lil Uzi Vert-We Good,1,,66,,"2,060,385","2,060,385"
FKA twigs-Tears In The Club,2,,97,,"1,205,153","2,059,565"
KC Rebell-FLY,3,,161,,"780,603","2,059,411"
J. Cole-Fever,1,,63,,"2,057,464","2,057,464"
Migos-Light It Up,2,,89,,"1,257,376","2,056,287"
A$AP Rocky-Fine Whine,7,,69,,"418,886","2,056,144"
Pusha T-Scrape It Off,2,,68,,"1,201,285","2,055,552"
Popcaan-We Caa Done,2,,181,,"1,039,898","2,054,666"
Martin Jensen-Nobody,3,,174,,"734,115","2,052,503"
Sfera Ebbasta-G63,1,,48,,"2,052,398","2,052,398"
Dua Lipa-Physical,1,,26,,"2,049,962","2,049,962"
Migos-Antisocial,2,,88,,"1,263,481","2,048,033"
Luke Combs-Beer Never Broke My Heart,3,,163,,"712,886","2,046,306"
Sick Luke-SOLITE PARE,2,,90,,"1,191,819","2,043,698"
Chance the Rapper-Work Out,3,,120,,"790,022","2,043,417"
Alicia Keys-If I Ain't Got You,2,,176,,"1,303,731","2,037,289"
21 Savage-Famous,4,,118,,"630,991","2,031,721"
Ken Carson-overseas,1,,57,,"2,028,153","2,028,153"
BTS-Answer : Love Myself,3,,102,,"877,050","2,027,103"
¥$-Talking / Once Again,1,,58,,"2,025,017","2,025,017"
Playboi Carti-Rockstar Made,1,,78,,"2,023,916","2,023,916"
Zacari-Redemption Interlude,3,,122,,"825,060","2,023,886"
J. Cole-Stickz N Stonez,1,,66,,"2,021,910","2,021,910"
Lil Uzi Vert-Money Spread,2,,88,,"1,228,574","2,021,795"
Travis Scott-SICKO MODE - Skrillex Remix,3,,193,,"708,495","2,020,103"
DaBaby-OFF THE RIP,2,,64,,"1,300,484","2,018,912"
Miriam Bryant-One Last Time,9,,150,,"246,887","2,018,230"
Why Don't We-Feliz Navidad - Recorded at Spotify Studios NYC,2,,122,,"1,212,196","2,017,932"
Ghali-Cara Italia,3,,131,,"814,395","2,017,829"
Likybo-Kraazy,3,,179,,"706,234","2,016,671"
Loredana-ROMEO & JULIET,3,,174,,"746,039","2,016,123"
Logic-Grandpa's Space Ship,2,,61,,"1,293,999","2,015,165"
Jack Harlow-Like A Blade Of Grass,2,,115,,"1,194,320","2,014,139"
6ix9ine-DUMMY,2,,69,,"1,174,034","2,013,406"
Fivio Foreign-Paris to Tokyo,2,,96,,"1,173,096","2,012,885"
Coldplay-Hypnotised,3,,69,,"1,038,913","2,012,426"
Matheus & Kauan-Pactos - Ao Vivo,2,,140,,"1,008,308","2,008,698"
Chance the Rapper-Handsome,3,,130,,"804,660","2,002,817"
Hozier-Wildflower and Barley,1,,80,,"2,002,281","2,002,281"
Selena Gomez-Cut You Off,2,,90,,"1,144,966","1,999,060"
ZAYN-rEaR vIeW,6,,80,,"510,375","1,998,588"
Yeat-Psycho CEO,1,,64,,"1,998,550","1,998,550"
Joey Bada$$-Devastated,4,,160,,"589,062","1,997,581"
Agust D-Strange,2,,67,,"1,262,692","1,997,552"
Drake-6PM In New York,8,,118,,"355,653","1,997,381"
TOOL-Pneuma,2,,65,,"1,222,055","1,995,505"
PNL-Chang,2,,83,,"1,287,029","1,995,383"
Beyoncé-Pray You Catch Me,2,,72,,"1,155,602","1,992,817"
A$AP Rocky-CALLDROPS,2,,59,,"1,310,992","1,992,385"
Rex Orange County-OPEN A WINDOW,2,,81,,"1,198,046","1,988,365"
Future-Trapped In The Sun,2,,58,,"1,322,926","1,985,517"
iann dior-thought it was,2,,78,,"1,188,345","1,980,959"
Lil Uzi Vert-Spin Again,1,,69,,"1,979,925","1,979,925"
Frank Ocean-Dear April (Side A - Acoustic),2,,58,,"1,269,545","1,977,515"
Paulo Londra-Homerun (Intro),3,,185,,"720,582","1,976,895"
Melanie Martinez-Show & Tell,3,,158,,"700,180","1,975,118"
Priory-Weekend,14,,172,,"153,066","1,974,570"
Arctic Monkeys-Science Fiction,2,,63,,"1,301,772","1,973,529"
NF-LOST,2,,79,,"1,174,473","1,973,245"
Bee Gees-Stayin' Alive,3,,119,,"848,713","1,973,004"
Future-Real Baby Pluto,2,,78,,"1,223,887","1,971,790"
The Beatles-Twist And Shout - Remastered,5,,130,,"626,247","1,971,716"
Arctic Monkeys-She Looks Like Fun,2,,62,,"1,303,493","1,971,153"
Brent Faiyaz-Gravity,2,,78,,"1,134,238","1,970,820"
Trippie Redd-!,2,,56,,"1,266,004","1,969,789"
Miriam Bryant-Allt jag behöver,8,,177,,"267,247","1,969,742"
Agust D-Moonlight,2,,63,,"1,276,241","1,969,351"
PNL-MOWGLI II,2,,68,,"1,141,714","1,967,738"
Dave-Verdansk,2,,86,,"1,196,011","1,967,587"
Eminem-Alfred - Outro,2,,120,,"1,109,336","1,967,538"
Polo G-Party Lyfe,2,,105,,"1,172,131","1,965,971"
Future-PLUTOSKI,1,,74,,"1,962,897","1,962,897"
Myke Towers-La Playa,3,,191,,"675,121","1,960,777"
Trippie Redd-MP5,2,,85,,"1,193,232","1,960,707"
88-Keys-That's Life,2,,65,,"1,307,627","1,957,360"
La Maquinaria Norteña-Eres Ese Algo,2,,193,,"1,034,528","1,956,999"
Kehlani-Can I,2,,69,,"1,201,846","1,956,425"
Tate McRae-what would you do?,2,,130,,"1,098,352","1,955,795"
DaBaby-GOSPEL,2,,67,,"1,212,637","1,955,580"
Daft Punk-Harder Better Faster Stronger,2,,67,,"1,127,828","1,952,941"
A$AP Ferg-Plain Jane REMIX,4,,190,,"495,287","1,949,784"
Post Malone-Don't Understand,1,,75,,"1,949,196","1,949,196"
Lil Uzi Vert-Died and Came Back,1,,74,,"1,947,137","1,947,137"
Martin Garrix-Pressure,2,,75,,"1,148,856","1,947,021"
Shiva-Soldi in Nero,2,,59,,"1,152,526","1,946,984"
Stray Kids-Lose My Breath (Feat. Charlie Puth),1,,79,,"1,946,241","1,946,241"
Foo Fighters-Run,3,,112,,"762,764","1,944,663"
Drake-Stories About My Brother,1,,55,,"1,943,762","1,943,762"
Aretha Franklin-(You Make Me Feel Like) A Natural Woman,2,,78,,"1,001,492","1,942,445"
21 Savage-Run Up the Racks,3,,121,,"708,736","1,941,150"
Rocco Hunt-A Un Passo Dalla Luna,3,,190,,"681,864","1,940,408"
TOMORROW X TOGETHER-Opening Sequence,2,,109,,"1,025,158","1,938,509"
Summer Walker-Ex For A Reason,2,,87,,"1,142,328","1,938,371"
Coldplay-Birds,6,,103,,"421,967","1,937,884"
Amanda Jenssen-When We Dig for Gold In the USA,13,,119,,"170,602","1,935,584"
Sam Smith-Love Me More,2,,108,,"1,107,370","1,930,677"
Linkin Park-Nobody Can Save Me,3,,91,,"939,852","1,930,278"
Lil Baby-Business Is Business (Lil Baby & Gunna),2,,72,,"1,262,281","1,928,048"
Luciano-Never Know,2,,90,,"1,165,254","1,926,444"
Subwoolfer-Give That Wolf A Banana,2,,117,,"1,041,559","1,925,441"
Beyoncé-All Night,2,,91,,"1,023,224","1,925,174"
Sfera Ebbasta-VDLC,1,,56,,"1,924,835","1,924,835"
Twenty One Pilots-The Outside,2,,102,,"1,137,901","1,923,990"
Nick Jonas-Right Now,3,,116,,"829,379","1,923,717"
BTS-All Night (BTS World Original Soundtrack) [Pt. 3],2,,70,,"1,248,857","1,921,011"
Guayna-ReBoTa,3,,161,,"702,106","1,920,749"
Orelsan-L'odeur de l'essence,2,,111,,"1,085,312","1,920,388"
PNL-Blanka,2,,93,,"1,214,969","1,919,430"
Huncho Jack-Saint Laurent Mask,2,,68,,"1,193,195","1,918,795"
Cornelia Jakobs-Hold Me Closer,2,,105,,"1,153,782","1,915,776"
AWOLNATION-I'm On Fire,10,,134,,"225,350","1,908,422"
Twenty One Pilots-Car Radio,7,,193,,"285,191","1,906,237"
Nicki Minaj-Chun Swae,3,,123,,"755,596","1,903,901"
Andrew Gold-The Addams Family,1,,92,,"1,903,633","1,903,633"
Fifth Harmony-Angel,3,,87,,"847,879","1,903,019"
Playboi Carti-Over,2,,171,,"1,187,046","1,902,895"
Wizkid-Kese (Dance),1,,87,,"1,902,886","1,902,886"
Megan Thee Stallion-Plan B,2,,88,,"1,091,329","1,902,372"
Russ-Civil War,3,,191,,"642,825","1,901,185"
Selena Gomez-Revival,7,,90,,"406,419","1,901,162"
Future-Jealous,1,,72,,"1,899,837","1,899,837"
Agust D-Burn It,2,,73,,"1,178,015","1,899,663"
Young T & Bugsey-Don't Rush,3,,186,,"641,845","1,898,528"
Ariana Grande-Sometimes,6,,170,,"338,889","1,897,029"
DaBaby-POP STAR,2,,69,,"1,192,146","1,896,736"
Irama-Mediterranea,3,,177,,"660,358","1,896,550"
Tame Impala-Posthumous Forgiveness,2,,99,,"1,144,265","1,895,336"
Demi Lovato-29,2,,115,,"1,075,876","1,895,315"
Rammstein-ZEIG DICH,2,,82,,"1,190,485","1,895,137"
Joji-TEST DRIVE,3,,144,,"757,910","1,894,526"
Avicii-Talk To Myself,7,,76,,"468,890","1,890,396"
A$AP Rocky-Gunz N Butter,2,,69,,"1,204,447","1,890,289"
Nicki Minaj-Barbie Dangerous,1,,75,,"1,888,890","1,888,890"
Twenty One Pilots-Overcompensate,1,,64,,"1,887,608","1,887,608"
Lil Yachty-Yacht Club,3,,177,,"692,074","1,887,040"
Maroon 5-Whiskey,3,,82,,"943,711","1,882,357"
Russ-BEST ON EARTH,3,,171,,"662,932","1,881,857"
PNL-A l'Ammoniaque,3,,133,,"679,113","1,881,136"
Ed Sheeran-Sandman,2,,109,,"1,059,080","1,880,662"
Stray Kids-MOUNTAINS,1,,81,,"1,879,895","1,879,895"
Mac Miller-2009,3,,131,,"745,856","1,879,443"
XXXTENTACION-Introduction (instructions),2,,84,,"1,054,461","1,879,061"
Rammstein-Zeit,2,,128,,"943,594","1,878,781"
XXXTENTACION-The Explanation,3,,140,,"690,505","1,876,958"
Tiësto-Red Lights,14,,177,,"197,204","1,876,585"
Mora-EL CHACAL,1,,60,,"1,875,290","1,875,290"
6ix9ine-WONDO,2,,75,,"1,105,807","1,875,183"
Future-READY TO COOK UP,1,,80,,"1,874,665","1,874,665"
A Tribe Called Quest-We The People....,5,,135,,"402,606","1,874,647"
A$AP Rocky-Jukebox Joints,7,,81,,"384,190","1,874,535"
Mac Miller-Funny Papers,1,,88,,"1,873,957","1,873,957"
Krept & Konan-Freak Of The Week,9,,133,,"246,541","1,873,439"
Nas-Adam and Eve,3,,119,,"706,988","1,873,302"
NF-JUST LIKE YOU,2,,92,,"1,079,171","1,870,500"
Roddy Ricch-25 million,2,,142,,"979,096","1,869,476"
Young Thug-Gang Up,4,,175,,"486,747","1,868,001"
Prince-Stare,4,,57,,"786,306","1,867,651"
J. Cole-03' Adolescence,10,,100,,"271,305","1,867,154"
Tiësto-On My Way,4,,109,,"637,395","1,867,031"
Agust D-D-Day,1,,61,,"1,866,836","1,866,836"
Rauw Alejandro-Espresso Martini,1,,92,,"1,866,325","1,866,325"
Whitney Houston-Do You Hear What I Hear?,1,,146,,"1,864,928","1,864,928"
Drake-The Shoe Fits,1,,61,,"1,864,698","1,864,698"
Morgan Wallen-Warning,2,,110,,"1,007,495","1,858,863"
Lana Del Rey-Bluebird,1,,60,,"1,858,576","1,858,576"
Agust D-28,2,,75,,"1,168,789","1,856,654"
One Direction-Spaces,10,,102,,"241,177","1,856,130"
Diego & Victor Hugo-Beijo de Glicose - Ao Vivo,2,,191,,"947,586","1,854,616"
PnB Rock-MIDDLE CHILD,3,,172,,"666,105","1,853,868"
Avicii-Feeling Good,9,,118,,"278,673","1,852,488"
Pop Smoke-Diana,2,,101,,"1,072,778","1,851,645"
SZA-Love Me 4 Me,1,,121,,"1,850,974","1,850,974"
PNL-Hasta la vista,2,,100,,"1,164,500","1,848,720"
Capital Bra-100k Cash,2,,97,,"1,073,395","1,847,594"
Morgan Wallen-I'm A Little Crazy,1,,75,,"1,845,242","1,845,242"
Rae Sremmurd-T'd Up,3,,154,,"708,514","1,845,148"
Ellie Goulding-Lost And Found,7,,84,,"416,003","1,843,105"
Selena Gomez-Scared Of Loving You,1,,112,,"1,842,227","1,842,227"
Lauv-Invisible Things,2,,135,,"1,016,309","1,841,703"
Kygo-Hot Stuff,2,,89,,"1,127,509","1,841,298"
Logic-44 Bars,6,,155,,"350,067","1,840,753"
XXXTENTACION-Ex Bitch,2,,107,,"1,048,424","1,840,704"
Ed Sheeran-Shape of You - Acoustic,4,,179,,"485,086","1,839,382"
Miley Cyrus-Night Crawling,2,,131,,"1,014,204","1,838,440"
Migos-Jane,2,,127,,"1,049,354","1,834,714"
Selena Gomez-Younger And Hotter Than Me,1,,76,,"1,833,043","1,833,043"
DaBaby-CHAMPION,2,,72,,"1,167,900","1,832,922"
Arctic Monkeys-Batphone,2,,70,,"1,198,964","1,831,585"
Agust D-AMYGDALA,1,,66,,"1,831,147","1,831,147"
Aretha Franklin-Think,2,,88,,"942,393","1,829,900"
Lil Uzi Vert-Nakamura,1,,89,,"1,827,750","1,827,750"
EXO-Tempo,3,,165,,"631,054","1,826,873"
Riad Mostan-Phir Aur Kya Chahiye,1,,68,,"1,826,324","1,826,324"
Bring Me The Horizon-Teardrops,2,,106,,"1,006,022","1,825,729"
Rema-Baby (Is it a Crime),1,,94,,"1,825,719","1,825,719"
Huncho Jack-Go,2,,71,,"1,154,317","1,823,762"
Luis Miguel-Culpable O No - Miénteme Como Siempre,3,,168,,"618,682","1,823,239"
BTS-Blood Sweat & Tears,3,,123,,"1,176,834","1,822,641"
Nas-everything,3,,122,,"697,548","1,821,280"
RM-Change pt.2,1,,80,,"1,820,488","1,820,488"
ROSÉ-gameboy,1,,110,,"1,819,459","1,819,459"
Selena Gomez-Fun,2,,99,,"1,082,139","1,816,271"
NAV-Young Wheezy,2,,110,,"1,001,299","1,812,348"
Arctic Monkeys-The Ultracheese,2,,73,,"1,179,368","1,812,066"
¥$-TIME MOVING SLOW,1,,81,,"1,811,990","1,811,990"
J. Cole-Pi,1,,87,,"1,810,926","1,810,926"
The 1975-If You’re Too Shy (Let Me Know) - Edit,2,,67,,"1,137,961","1,809,328"
S10-De Diepte,2,,128,,"956,394","1,807,110"
Future-Seen it All,1,,93,,"1,806,891","1,806,891"
Bonnie Tyler-Total Eclipse of the Heart,2,,139,,"1,355,954","1,806,723"
Megan Thee Stallion-Circles,2,,122,,"1,061,317","1,806,635"
BTS-Epiphany,3,,157,,"678,432","1,806,165"
Justin Bieber-Yummy - Summer Walker Remix,2,,117,,"1,054,240","1,803,406"
The Beatles-Love Me Do - Remastered,4,,81,,"674,354","1,801,152"
Morgan Wallen-Falling Apart,1,,85,,"1,800,871","1,800,871"
Juice WRLD-Big,2,,89,,"1,109,249","1,800,425"
Panic! At The Disco-LA Devotee,7,,151,,"270,587","1,799,353"
Miley Cyrus-Gimme What I Want,2,,138,,"994,592","1,798,351"
Nat King Cole-The Happiest Christmas Tree - 2009 Digital Remaster,4,,122,,"726,518","1,797,954"
Lana Del Rey-hope is a dangerous thing for a woman like me to have - but I have it,2,,72,,"1,168,725","1,797,371"
Agust D-People,2,,87,,"1,102,578","1,797,183"
Avril Lavigne-Bite Me,2,,148,,"993,845","1,797,069"
The Game-Don't Shoot,2,,66,,"1,152,106","1,794,828"
Joji-Upgrade,2,,107,,"1,044,896","1,794,410"
Pusha T-Neck & Wrist,2,,123,,"981,198","1,794,113"
Gunna-ARGENTINA,2,,78,,"1,131,488","1,791,727"
Dua Lipa-End Of An Era,1,,91,,"1,791,147","1,791,147"
Imagine Dragons-Boomerang,2,,97,,"1,091,271","1,789,642"
Rammstein-Zick Zack,2,,165,,"929,134","1,789,037"
Rauw Alejandro-Committed,1,,100,,"1,788,953","1,788,953"
Bing Crosby-The Little Drummer Boy - Remastered 2006,2,,148,,"1,283,390","1,788,070"
Burl Ives-Christmas Child,1,,97,,"1,787,960","1,787,960"
A$AP Rocky-Ruby Rosary,1,,83,,"1,787,666","1,787,666"
Logic-Soul Food II,2,,111,,"1,097,474","1,787,596"
RM-Forg_tful,1,,82,,"1,787,229","1,787,229"
Tim Berg-Seek Bromance - Avicii Vocal Edit,2,,82,,"1,205,113","1,786,542"
Lil Yachty-Who Want The Smoke?,3,,164,,"644,834","1,785,919"
blackbear-if i were u,2,,86,,"1,079,057","1,785,236"
Trippie Redd-Toxic Waste,2,,84,,"1,138,968","1,785,035"
Childish Gambino-California,3,,75,,"858,557","1,784,265"
Future-Never Stop,2,,81,,"1,134,120","1,782,850"
Jhené Aiko-Happiness Over Everything (H.O.E.),2,,136,,"1,009,007","1,782,328"
Foo Fighters-The Sky Is A Neighborhood,3,,123,,"687,789","1,780,682"
David Bowie-Rebel Rebel - 1999 Remastered Version,4,,65,,"612,653","1,779,709"
Ufo361-Gib Gas,2,,98,,"1,094,174","1,777,656"
Future-WTFYM,1,,98,,"1,776,011","1,776,011"
J. Cole-False Prophets,3,,111,,"607,946","1,775,759"
Samra-Rohdiamant ٢٠٢٠,2,,123,,"1,055,008","1,774,510"
A Boogie Wit da Hoodie-Stain,2,,132,,"1,002,919","1,774,060"
DaBaby-iPHONE,2,,89,,"1,084,067","1,773,772"
Gorillaz-Let Me Out,3,,128,,"668,769","1,771,352"
Playboi Carti-BACKR00MS,1,,78,,"1,768,230","1,768,230"
Sfera Ebbasta-Ciao Bella,1,,66,,"1,768,081","1,768,081"
Halsey-Finally // beautiful stranger,2,,128,,"953,495","1,764,623"
TOOL-Invincible,2,,98,,"1,061,593","1,763,026"
Sleep Token-Past Self,1,,92,,"1,760,979","1,760,979"
Rauw Alejandro-Baja Pa' Acá,1,,107,,"1,760,466","1,760,466"
PARTYNEXTDOOR-CELIBACY,1,,118,,"1,760,453","1,760,453"
Peso Pluma-RELOJ,1,,88,,"1,759,068","1,759,068"
Wesley Safadão-Romance Com Safadeza,3,,186,,"592,906","1,758,557"
The Beatles-Help! - Remastered,4,,84,,"654,922","1,756,106"
Childish Gambino-Have Some Love,3,,74,,"878,917","1,755,762"
mgk-drunk face,2,,117,,"1,003,765","1,755,443"
Metro Boomin-10AM/Save The World,2,,75,,"1,123,015","1,753,680"
New Politics-Everywhere I Go (Kings and Queens),12,,126,,"166,387","1,752,905"
A$AP Rocky-OG Beeper,2,,80,,"1,105,217","1,750,954"
Mc Don Juan-EU VOU COM CARINHO ELA QUER COM FORÇA,2,,185,,"877,164","1,750,629"
Avril Lavigne-Dumb Blonde,2,,98,,"1,058,773","1,750,446"
Taylor Swift-If This Was A Movie (Taylor’s Version),1,,79,,"1,746,877","1,746,877"
Zach Bryan-El Dorado,1,,79,,"1,746,583","1,746,583"
Future-No Cap,3,,110,,"762,728","1,745,635"
EXO-Don't fight the feeling,2,,114,,"901,700","1,744,527"
Tee Grizzley-Jettski Grizzley,3,,178,,"587,885","1,744,513"
Eladio Carrion-Vetements,1,,85,,"1,743,707","1,743,707"
Stray Kids-JJAM,1,,103,,"1,742,922","1,742,922"
Wizkid-Piece of My Heart,1,,90,,"1,742,488","1,742,488"
Khalid-Skyline,2,,159,,"899,383","1,740,931"
Freddy Kalas-Pinne for Landet,11,,167,,"173,814","1,740,773"
Future-Ridin Strikers,2,,82,,"1,097,398","1,740,697"
Stray Kids-TOPLINE (Feat. Tiger JK),1,,83,,"1,736,014","1,736,014"
Lady Gaga-The Beast,1,,100,,"1,735,902","1,735,902"
Kelly Clarkson-Run Run Run,9,,127,,"237,956","1,734,932"
Rammstein-AUSLÄNDER,2,,107,,"1,050,174","1,733,858"
Lost Frequencies-Beautiful Life,6,,176,,"312,775","1,732,929"
Eminem-Guess Who’s Back - skit,1,,113,,"1,732,742","1,732,742"
"Lil Uzi Vert-Mama, I’m Sorry",1,,95,,"1,730,940","1,730,940"
Migos-Crown the Kings,2,,84,,"1,069,197","1,730,741"
Trippie Redd-YELL OH,2,,108,,"982,766","1,730,738"
Coldplay-ALL MY LOVE,1,,105,,"1,727,821","1,727,821"
Coldplay-All I Can Think About Is You,2,,85,,"872,827","1,727,819"
Logic-100 Miles and Running (ft. Wale & John Lindahl),2,,101,,"1,047,823","1,725,745"
Blueface-Daddy,3,,196,,"596,968","1,725,271"
Natanael Cano-Pancake,1,,98,,"1,724,821","1,724,821"
Fall Out Boy-Irresistible,10,,121,,"220,932","1,724,729"
Beyoncé-Love Drought,2,,102,,"951,797","1,722,872"
Post Malone-Goes Without Saying (Feat. Brad Paisley),1,,104,,"1,722,354","1,722,354"
Bring Me The Horizon-Throne,7,,130,,"290,084","1,721,410"
George Michael-Freedom! '90,3,,51,,"845,683","1,720,873"
YoungBoy Never Broke Again-My Window,2,,103,,"972,920","1,720,167"
ROSÉ-stay a little longer,1,,129,,"1,717,521","1,717,521"
DaBaby-REALLY,2,,92,,"1,063,934","1,717,360"
Huncho Jack-Moon Rock,2,,82,,"1,071,497","1,717,193"
Migos-Brown Paper Bag,4,,157,,"494,791","1,716,574"
Kenny Rogers-The Gambler,2,,84,,"1,091,026","1,716,388"
J. Cole-January 28th,9,,98,,"271,989","1,715,992"
Zach Bryan-Jake's Piano - Long Island,1,,84,,"1,712,848","1,712,848"
Bryson Tiller-Self-Made,3,,119,,"753,518","1,711,723"
Joji-NITROUS,2,,128,,"963,347","1,710,070"
21 Savage-Still Serving,3,,139,,"625,681","1,709,650"
6LACK-Ex Calling,4,,179,,"459,694","1,707,309"
Young Thug-Money On Money,1,,85,,"1,706,294","1,706,294"
Kings of Leon-Find Me,4,,77,,"662,222","1,706,018"
Mumford & Sons-Just Smoke,7,,97,,"305,711","1,705,513"
Megan Thee Stallion-Don’t Stop,2,,148,,"920,766","1,705,066"
Jimin-Interlude : Showtime,1,,109,,"1,704,319","1,704,319"
Travis Scott-Days Before Rodeo: The Prayer,1,,110,,"1,703,786","1,703,786"
Future-Red Bentley,2,,84,,"1,134,021","1,703,514"
Post Malone-Novacandy,1,,94,,"1,697,226","1,697,226"
Lil Uzi Vert-Meteor Man,1,,106,,"1,696,125","1,696,125"
RM-Hectic,1,,89,,"1,696,086","1,696,086"
Swae Lee-Someone Said,2,,123,,"952,857","1,695,778"
Nirvana-Smells Like Teen Spirit - Remastered 2021,2,,171,,"898,695","1,695,714"
Charli xcx-Doing It,10,,144,,"198,035","1,695,431"
"Tyler, The Creator-WHARF TALK",1,,83,,"1,693,646","1,693,646"
Talking Heads-Psycho Killer - 2005 Remastered Version,1,,122,,"1,693,214","1,693,214"
Porky Slim-Space Legend,2,,129,,"915,017","1,693,166"
"Morgan Wallen-Skoal, Chevy, and Browning",1,,97,,"1,692,530","1,692,530"
Juice WRLD-Make It Back,2,,87,,"1,097,080","1,691,370"
SZA-Chill Baby,1,,144,,"1,689,036","1,689,036"
21 Savage-Darth Vader,3,,139,,"634,577","1,688,725"
Kendrick Lamar-Mortal Man,5,,77,,"403,001","1,686,067"
KC Rebell-GEH DEIN WEG,2,,121,,"950,293","1,682,884"
Kesha-Learn To Let Go,3,,105,,"723,176","1,682,582"
Joji-High Hopes,2,,126,,"967,692","1,681,731"
Bryson Tiller-Don't Get Too High,3,,131,,"703,061","1,680,670"
Jin-Falling,1,,115,,"1,680,564","1,680,564"
One Direction-Act My Age,9,,104,,"233,744","1,680,274"
A$AP Rocky-Tailor Swif,1,,105,,"1,679,524","1,679,524"
Lil Uzi Vert-That Fiya,1,,104,,"1,679,500","1,679,500"
Lil Uzi Vert-Pluto to Mars,1,,105,,"1,678,333","1,678,333"
Lil Tecca-Half The Plot,1,,85,,"1,677,291","1,677,291"
Mumford & Sons-Guiding Light,2,,87,,"1,023,137","1,677,167"
Big Sean-Deep Reverence,2,,125,,"904,563","1,676,871"
TOMORROW X TOGETHER-Anti-Romantic,2,,127,,"859,051","1,675,081"
Troye Sivan-WILD,5,,98,,"505,888","1,674,566"
Hozier-Empire Now,1,,110,,"1,671,735","1,671,735"
Lana Del Rey-Candy Necklace,1,,91,,"1,671,664","1,671,664"
Øneheart-snowfall,1,,87,,"1,671,440","1,671,440"
Blonde-Nothing Like This,6,,178,,"302,536","1,671,201"
Mac Miller-Do You Have A Destination?,1,,112,,"1,670,872","1,670,872"
J. Cole-everybody dies,3,,121,,"576,469","1,670,460"
Young Thug-Wit Da Racks,1,,86,,"1,670,317","1,670,317"
Sfera Ebbasta-Fragile,1,,75,,"1,669,574","1,669,574"
Morgan Wallen-Eyes Are Closed,1,,98,,"1,668,381","1,668,381"
Ski Mask The Slump God-Burn The Hoods,2,,141,,"930,658","1,667,639"
Future-Transformer,2,,101,,"984,275","1,667,493"
Rauw Alejandro-Ni Me Conozco,1,,118,,"1,666,709","1,666,709"
Os Barões Da Pisadinha-Tá Rocheda,2,,90,,"1,016,049","1,666,580"
Noah Kahan-Homesick,1,,90,,"1,664,550","1,664,550"
Future-This Sunday,1,,100,,"1,664,384","1,664,384"
Queen-I Want To Break Free - Single Remix,3,,196,,"594,548","1,664,383"
Frank Ocean-Solo,5,,163,,"362,800","1,661,812"
MKTO-Bad Girls,8,,154,,"233,395","1,661,766"
Zach Bryan-This World's A Giant,1,,104,,"1,661,501","1,661,501"
Avicii-Freak,2,,109,,"999,733","1,660,808"
Linkin Park-Friendly Fire,1,,100,,"1,660,657","1,660,657"
Natanael Cano-Diran De Mi,1,,108,,"1,660,477","1,660,477"
Meek Mill-Pullin Up,7,,91,,"342,588","1,659,711"
Arctic Monkeys-Sculptures Of Anything Goes,1,,75,,"1,659,364","1,659,364"
Miley Cyrus-More to Lose,1,,106,,"1,658,035","1,658,035"
Gunna-BLINDFOLD,2,,99,,"992,211","1,657,392"
Lana Del Rey-California,2,,123,,"933,129","1,656,731"
Zach Bryan-Tradesman,1,,93,,"1,656,417","1,656,417"
"Sam Smith-River - Recorded At RAK Studios, London",2,,126,,"930,083","1,656,111"
j-hope-Pandora's Box,1,,49,,"1,655,494","1,655,494"
Katy Perry-Smile,2,,120,,"955,219","1,654,776"
Lil Durk-AHHH HA,2,,158,,"861,104","1,653,650"
Aanysa-Burn Break Crash,5,,153,,"373,458","1,653,404"
DaBaby-XXL,2,,103,,"1,000,451","1,652,742"
The 1975-Love Me,6,,66,,"498,440","1,652,276"
One Direction-Clouds,9,,106,,"231,282","1,649,607"
SZA-My Turn,1,,147,,"1,649,377","1,649,377"
A$AP Rocky-Purity,2,,90,,"1,043,846","1,648,891"
Little Mix-Break Up Song,2,,109,,"972,617","1,648,870"
Shindy-EFH,2,,106,,"978,166","1,648,506"
Gunna-RELENTLESS,2,,148,,"906,654","1,646,249"
Sfera Ebbasta-Calcolatrici,1,,77,,"1,646,026","1,646,026"
shadowraze-showdown,2,,175,,"825,761","1,643,780"
Stray Kids-I Like It,1,,120,,"1,643,494","1,643,494"
The Living Tombstone-Five Nights at Freddy's,1,,90,,"1,642,527","1,642,527"
Lana Del Rey-How to disappear,2,,122,,"936,078","1,641,986"
Fred again..-leavemealone,1,,111,,"1,641,540","1,641,540"
Drake-4pm in Calabasas,2,,98,,"1,003,396","1,637,770"
RIN-Fabergé,2,,120,,"953,151","1,637,518"
Tony Bennett-O Christmas Tree,4,,143,,"683,905","1,637,345"
Taylor Swift-All Too Well (Sad Girl Autumn Version) - Recorded at Long Pond Studios,1,,44,,"1,637,208","1,637,208"
DHH Music-Tu Ha Kahan,1,,78,,"1,636,767","1,636,767"
Juice WRLD-Who Shot Cupid?,2,,108,,"971,474","1,635,929"
Wiktoria-Save Me,6,,137,,"292,576","1,635,532"
Drake-Days in The East,2,,94,,"1,018,690","1,634,815"
The Strokes-Brooklyn Bridge To Chorus,2,,86,,"962,741","1,633,955"
Jason Aldean-Burnin' It Down,12,,143,,"153,963","1,633,695"
Offset-Wild Wild West,2,,127,,"920,372","1,633,022"
RM-No.2,1,,95,,"1,632,556","1,632,556"
Jin-I will come to you,1,,124,,"1,631,925","1,631,925"
Huncho Jack-How U Feel,2,,94,,"1,006,453","1,631,663"
Duke & Jones-Jiggle Jiggle,2,,194,,"859,412","1,631,206"
Joji-Normal People,2,,141,,"920,940","1,630,086"
Drake-5 Am in Toronto,2,,96,,"1,008,447","1,629,565"
Lil Uzi Vert-All Alone,1,,112,,"1,629,297","1,629,297"
Zach Bryan-Smaller Acts,1,,96,,"1,626,597","1,626,597"
Bing Crosby-Mele Kalikimaka,1,,115,,"1,626,527","1,626,527"
The 1975-Love It If We Made It,2,,74,,"1,023,478","1,626,500"
Ed Sheeran-American Town,1,,81,,"1,624,649","1,624,649"
Audioslave-Like a Stone,2,,86,,"903,592","1,624,604"
Luchè-Stamm Fort,2,,109,,"964,047","1,624,427"
Dolly Parton-Hard Candy Christmas,1,,168,,"1,624,146","1,624,146"
Meek Mill-Intro,2,,139,,"893,845","1,623,621"
Bill Withers-Lovely Day,2,,102,,"853,553","1,622,649"
Juice WRLD-AGATS2 (Insecure) [with Nicki Minaj],1,,122,,"1,622,263","1,622,263"
Burna Boy-TaTaTa,1,,97,,"1,621,844","1,621,844"
Grupo Firme-Cada Quien,2,,178,,"913,220","1,621,772"
Bad Bunny-200 Mph,2,,134,,"877,696","1,621,635"
Lil Uzi Vert-Patience,1,,113,,"1,620,397","1,620,397"
Morgan Wallen-More Surprised Than Me,2,,133,,"911,601","1,619,814"
Ariana Grande-December,5,,161,,"418,466","1,619,806"
Azet-Hallo Hallo,2,,134,,"893,184","1,618,974"
Mora-LOKITA,1,,80,,"1,618,250","1,618,250"
Conan Gray-People Watching,2,,152,,"921,446","1,617,568"
"Bleachers-Merry Christmas, Please Don't Call",1,,170,,"1,617,531","1,617,531"
The Kid LAROI-WRONG,2,,144,,"927,917","1,615,218"
Lil Wayne-Mahogany,2,,139,,"871,511","1,615,062"
Clyde McPhatter & The Drifters-White Christmas (02-04-54),1,,172,,"1,614,143","1,614,143"
j-hope-i wonder...,1,,109,,"1,613,730","1,613,730"
Yeat-No morë talk,1,,82,,"1,613,366","1,613,366"
Travis Scott-Mamacita,1,,126,,"1,612,744","1,612,744"
JENNIE-with the IE (way up),1,,117,,"1,612,524","1,612,524"
Eladio Carrion-Bendecido,1,,98,,"1,612,139","1,612,139"
Morgan Wallen-Neon Eyes,2,,140,,"880,225","1,611,431"
Migos-Too Playa,2,,103,,"944,904","1,610,224"
Metallica-Enter Sandman,2,,195,,"807,879","1,608,053"
Natanael Cano-En Corto,1,,115,,"1,607,600","1,607,600"
Gazo-NANANI NANANA,1,,126,,"1,606,621","1,606,621"
Jack Harlow-They Don't Love It,1,,86,,"1,606,422","1,606,422"
Zach Bryan-High Road,1,,115,,"1,604,341","1,604,341"
Lana Del Rey-In My Feelings,3,,147,,"676,461","1,603,867"
Malik Montana-Jetlag,2,,156,,"817,928","1,603,221"
"Perry Como-Medley: Caroling, Caroling / The First Noel / Hark! The Herald Angels Sing / Silent Night",4,,150,,"682,284","1,603,070"
Ozuna-Enemigos Ocultos,2,,129,,"883,187","1,602,666"
PARTYNEXTDOOR-OMW,1,,149,,"1,602,329","1,602,329"
Offset-WORTH IT,1,,101,,"1,600,942","1,600,942"
Burl Ives-Rudolph The Red Nosed Reindeer,3,,95,,"753,008","1,600,877"
iLoveMemphis-Hit the Quan - Original Version,7,,175,,"250,012","1,599,112"
Benzz-Je M'appelle,2,,193,,"824,318","1,598,687"
Agust D-Snooze,1,,94,,"1,597,589","1,597,589"
Davido-Funds,1,,159,,"1,597,263","1,597,263"
Juice WRLD-Cuffed,1,,128,,"1,596,651","1,596,651"
J. Cole-3001,1,,110,,"1,595,930","1,595,930"
Mora-BANDIDA,1,,93,,"1,595,275","1,595,275"
Zach Bryan-Deep Satin,1,,84,,"1,592,043","1,592,043"
One Direction-Change Your Ticket,9,,109,,"222,848","1,590,807"
MAGIC!-Rude - Zedd Remix,7,,109,,"255,065","1,590,383"
Sfera Ebbasta-Anche Stasera,1,,86,,"1,589,821","1,589,821"
ZAYN-BoRdErSz,5,,95,,"466,788","1,589,154"
Lil Uzi Vert-Werewolf,1,,118,,"1,588,779","1,588,779"
Sunstroke Project-Hey Mamma,3,,135,,"551,792","1,586,763"
Metro Boomin-Lesbian,2,,103,,"951,459","1,585,569"
Chance the Rapper-Eternal,2,,112,,"853,073","1,583,921"
Drake-Wick Man,1,,89,,"1,582,114","1,582,114"
Taylor Swift-Safe & Sound,1,,96,,"1,582,079","1,582,079"
Future-Luv Bad Bitches,1,,112,,"1,581,502","1,581,502"
Doode-Groupies,2,,186,,"810,483","1,581,400"
Trippie Redd-Together,2,,85,,"982,439","1,581,309"
J. Cole-Stealth Mode,1,,115,,"1,580,739","1,580,739"
Quevedo-GRAN VÍA,1,,132,,"1,580,162","1,580,162"
Gorillaz-Tranz,2,,98,,"1,003,298","1,579,827"
Quevedo-KASSANDRA,1,,134,,"1,579,578","1,579,578"
Connie Francis-Winter Wonderland,2,,13,,"900,576","1,577,612"
Future-OCEAN,1,,142,,"1,575,832","1,575,832"
Lady Gaga-John Wayne,4,,108,,"526,947","1,574,455"
Anuel AA-Que Se Joda,2,,132,,"856,832","1,574,117"
NAV-Codeine,2,,102,,"918,955","1,572,021"
Sleep Token-Provider,1,,119,,"1,571,332","1,571,332"
Luke Combs-Without You,2,,147,,"835,073","1,570,969"
Dargen D'Amico-Dove Si Balla,2,,147,,"802,786","1,570,695"
Future-All to Myself,1,,113,,"1,570,330","1,570,330"
Kali Uchis-fue mejor,2,,167,,"833,291","1,570,013"
ENHYPEN-Tamed-Dashed,2,,149,,"821,876","1,569,357"
Morgan Wallen-Kick Myself,1,,118,,"1,569,169","1,569,169"
Nicki Minaj-Let Me Calm Down,1,,121,,"1,566,966","1,566,966"
BTS-No More Dream,1,,69,,"1,565,935","1,565,935"
Pusha T-The Games We Play,2,,117,,"921,407","1,565,782"
"The Kid LAROI-F*CK YOU, GOODBYE",2,,159,,"832,297","1,564,903"
Tones And I-Bad Child,2,,147,,"911,602","1,564,144"
Playboi Carti-Stop Breathing,1,,124,,"1,564,042","1,564,042"
Lady Gaga-Blade Of Grass,1,,128,,"1,563,973","1,563,973"
Mc Don Juan-Não Vou Te Bloquear - Ao vivo,2,,166,,"836,465","1,562,912"
Migos-Beast,2,,105,,"931,510","1,562,242"
The Beatles-She Loves You - Mono / Remastered,5,,140,,"466,977","1,561,640"
Ufo361-Playlist,2,,122,,"902,707","1,560,665"
The Strokes-The Adults Are Talking,2,,94,,"901,463","1,559,581"
TWICE-Strategy,1,,171,,"1,558,689","1,558,689"
Ariana Grande-Thinking Bout You,5,,175,,"329,883","1,557,706"
Agust D-SDL,1,,100,,"1,556,985","1,556,985"
J. Cole-Trae The Truth in Ibiza,1,,123,,"1,555,662","1,555,662"
Beyoncé-AMEN,1,,119,,"1,553,755","1,553,755"
Chris Brown-Loyal,9,,183,,"193,711","1,553,193"
Reynmen-Melek,2,,177,,"786,856","1,552,938"
Ty Dolla $ign-Expensive,2,,124,,"884,947","1,552,100"
Mora-LO MISMO DE SIEMPRE,1,,105,,"1,550,105","1,550,105"
Young Thug-Cars Bring Me Out,1,,99,,"1,550,061","1,550,061"
GoldSkull-TO THE,2,,130,,"783,737","1,549,314"
aespa-Next Level,2,,150,,"800,397","1,548,380"
Charlie Puth-The Way I Am,2,,125,,"855,702","1,547,886"
Imagine Dragons-Cool Out,2,,124,,"931,036","1,543,037"
Trippie Redd-Forever Ever,2,,97,,"926,604","1,542,675"
Logic-YSIV,2,,128,,"913,062","1,542,023"
ENHYPEN-Blessed-Cursed,2,,179,,"772,332","1,541,870"
Linkin Park-Breaking The Habit,2,,83,,"1,002,207","1,540,458"
Charli xcx-Talk talk,1,,140,,"1,538,949","1,538,949"
Troye Sivan-Bloom,2,,96,,"954,444","1,538,036"
Beyoncé-Sandcastles,2,,124,,"842,098","1,537,738"
Mitski-Working for the Knife,2,,151,,"785,165","1,536,912"
Ninho-Goutte d'eau,2,,133,,"868,626","1,533,271"
Agust D-Life Goes On,1,,104,,"1,532,860","1,532,860"
Quevedo-DURO,1,,148,,"1,532,391","1,532,391"
Charli xcx-I might say something stupid featuring the 1975 & jon hopkins,1,,127,,"1,532,021","1,532,021"
Tate McRae-Like I do,1,,132,,"1,531,557","1,531,557"
Junior H-SERPIENTE,1,,117,,"1,528,127","1,528,127"
TABLO-Stop The Rain (TABLO X RM),1,,106,,"1,528,097","1,528,097"
Mora-PIDE,1,,91,,"1,523,739","1,523,739"
$uicideboy$-The Thin Grey Line,1,,136,,"1,523,541","1,523,541"
Morgan Wallen-20 Cigarettes,1,,127,,"1,523,266","1,523,266"
Miley Cyrus-Handstand,1,,98,,"1,522,419","1,522,419"
Kim Loaiza-Mal Hombre,1,,84,,"1,522,305","1,522,305"
DJ Khaled-Weather the Storm,2,,158,,"837,002","1,521,724"
Chance the Rapper-Mixtape,5,,171,,"327,614","1,521,033"
Jeff Costa-Xerecard,2,,169,,"786,682","1,520,569"
Sleep Token-Gethsemane,1,,128,,"1,520,169","1,520,169"
Stray Kids-DOMINO,2,,142,,"814,210","1,518,431"
Camila Cabello-HOT UPTOWN,1,,143,,"1,518,423","1,518,423"
blink-182-ONE MORE TIME,1,,100,,"1,517,266","1,517,266"
ROSALÍA-PROMESA,1,,113,,"1,515,936","1,515,936"
2 Chainz-Momma I Hit A Lick,2,,134,,"862,205","1,515,838"
Nicki Minaj-Beep Beep,1,,131,,"1,515,507","1,515,507"
Playboi Carti-Beno!,1,,129,,"1,513,901","1,513,901"
A$AP Rocky-M'$,6,,100,,"328,557","1,513,550"
Simone Mendes-Dois Tristes - Ao Vivo,1,,131,,"1,513,063","1,513,063"
Rita Ora-I Will Never Let You Down,6,,49,,"349,801","1,512,427"
Wesley Safadão-Eu Já Tava Bem - Ao Vivo,2,,185,,"790,041","1,512,112"
Zach Bryan-Oklahoman Son,1,,110,,"1,511,667","1,511,667"
Zach Bryan-The Great American Bar Scene,1,,135,,"1,511,199","1,511,199"
XXXTENTACION-YuNg BrAtZ,2,,117,,"892,573","1,510,825"
Troye Sivan-Lucky Strike,2,,95,,"957,109","1,508,945"
5 Seconds of Summer-Fly Away,6,,93,,"349,559","1,508,202"
Lana Del Rey-Dealer,2,,168,,"768,126","1,507,146"
Meek Mill-Respect The Game,2,,167,,"786,945","1,506,429"
Lil Kleine-Drank & Drugs,8,,155,,"210,614","1,505,479"
Matheus & Kauan-Expectativa x Realidade,2,,163,,"765,597","1,505,255"
Charli xcx-Club classics featuring bb trickz,1,,140,,"1,505,241","1,505,241"
j-hope-STOP,1,,61,,"1,505,013","1,505,013"
Imagine Dragons-West Coast,2,,138,,"882,873","1,504,271"
Ufo361-7,2,,151,,"758,384","1,503,933"
Future-Where My Twin @ - Bonus,1,,145,,"1,502,956","1,502,956"
KAROL G-ME TENGO QUE IR,1,,100,,"1,502,834","1,502,834"
SaRaha-Kizunguzungu,5,,114,,"385,999","1,501,795"
Migos-Flooded,2,,106,,"920,747","1,501,273"
PARTYNEXTDOOR-GREEDY,1,,166,,"1,500,753","1,500,753"
Şanışer-Susamam,2,,139,,"825,680","1,500,424"
¥$-KEYS TO MY LIFE,1,,120,,"1,500,198","1,500,198"
KAROL G-OKI DOKI,1,,101,,"1,499,907","1,499,907"
Luca Hänni-She Got Me,2,,125,,"781,040","1,499,777"
Morgan Wallen-Tennessee Fan,1,,116,,"1,498,298","1,498,298"
Nipsey Hussle-Last Time That I Checc'd,2,,130,,"825,853","1,498,155"
Sfera Ebbasta-Momenti No,1,,109,,"1,498,039","1,498,039"
Chance the Rapper-Juke Jam,3,,128,,"553,928","1,497,855"
Eladio Carrion-Mbappé - Remix,1,,111,,"1,496,518","1,496,518"
Morgan Wallen-Cover Me Up,2,,178,,"770,477","1,495,735"
PARTYNEXTDOOR-GLORIOUS,1,,168,,"1,495,685","1,495,685"
Stray Kids-Walkin On Water,1,,161,,"1,495,218","1,495,218"
Morgan Wallen-Interlude,1,,134,,"1,494,895","1,494,895"
Peso Pluma-ME ACTIVO,1,,140,,"1,494,845","1,494,845"
Tiësto-God Is A Dancer,2,,126,,"850,703","1,493,637"
Yeat-Shmunk,1,,94,,"1,492,354","1,492,354"
Childish Gambino-Algorhythm,2,,126,,"803,151","1,491,973"
Mumford & Sons-Monster,6,,100,,"300,517","1,491,840"
Migos-Open It Up,2,,114,,"890,025","1,491,148"
Future-Promise U That,2,,148,,"840,983","1,489,579"
Bing Crosby-What Child Is This?/The Holly And The Ivy,2,,163,,"779,163","1,488,568"
Yeat-Power Trip,1,,130,,"1,487,815","1,487,815"
Taylor Swift-Eyes Open (Taylor's Version),1,,113,,"1,486,765","1,486,765"
PARTYNEXTDOOR-WHEN HE'S GONE,1,,170,,"1,485,765","1,485,765"
Louis Tomlinson-Two of Us,2,,152,,"813,241","1,485,341"
Quevedo-IGUALES,1,,162,,"1,485,324","1,485,324"
Jin-Nothing Without Your Love,1,,138,,"1,485,304","1,485,304"
Logic-America,2,,84,,"943,392","1,485,288"
Young Thug-High,2,,129,,"912,240","1,484,027"
DUSTY LOCANE-ROLLIN N CONTROLLIN FREESTYLE,2,,183,,"775,128","1,482,956"
Future-Show of Hands,1,,140,,"1,482,542","1,482,542"
Post Malone-Missin’ You Like This (Feat. Luke Combs),1,,153,,"1,481,924","1,481,924"
Florence + The Machine-Ship To Wreck,7,,115,,"284,735","1,479,955"
Morgan Wallen-TN,1,,141,,"1,479,615","1,479,615"
Tiago Doidão-Tá na Hora do Jair Já Ir Embora,1,,65,,"1,479,431","1,479,431"
Orelsan-Rêves bizarres,2,,135,,"811,230","1,478,641"
Stray Kids-Hall of Fame,1,,120,,"1,478,242","1,478,242"
Travis Scott-Quintana Pt. 2,1,,160,,"1,477,975","1,477,975"
Seinabo Sey-Younger - Kygo Remix,11,,172,,"179,343","1,477,725"
Eladio Carrion-Padre Tiempo,1,,114,,"1,477,441","1,477,441"
Rauw Alejandro-Carita Linda,1,,125,,"1,476,930","1,476,930"
"Toby Keith-Courtesy Of The Red, White And Blue (The Angry American)",1,,143,,"1,476,794","1,476,794"
Metro Boomin-Only You,2,,115,,"881,091","1,476,660"
Wizkid-Bad Girl,1,,164,,"1,476,463","1,476,463"
Zach Bryan-Nine Ball,1,,104,,"1,475,805","1,475,805"
Pusha T-Hard Piano,2,,128,,"870,238","1,475,294"
Little Mix-Strip,2,,113,,"887,676","1,474,719"
Kelsea Ballerini-Cowboys Cry Too,1,,150,,"1,473,790","1,473,790"
j-hope-What if…,1,,64,,"1,471,954","1,471,954"
KAROL G-BICHOTAG,1,,106,,"1,471,921","1,471,921"
j-hope-Safety Zone,1,,65,,"1,471,444","1,471,444"
Future-Tycoon,2,,121,,"829,086","1,470,721"
TOMORROW X TOGETHER-Do It Like That,1,,135,,"1,469,667","1,469,667"
Stray Kids-Runners,1,,163,,"1,469,650","1,469,650"
KAROL G-DISPO,1,,108,,"1,469,340","1,469,340"
Dua Lipa-Whatcha Doing,1,,155,,"1,469,117","1,469,117"
¥$-LIFESTYLE,1,,133,,"1,469,097","1,469,097"
Natanael Cano-Viejo Lobo,1,,138,,"1,468,909","1,468,909"
Junior H-LA CHERRY,1,,125,,"1,468,407","1,468,407"
MERO-Malediven,2,,148,,"817,821","1,467,890"
Melanie Martinez-TUNNEL VISION,1,,114,,"1,467,382","1,467,382"
Post Malone-Devil I've Been (Feat. ERNEST),1,,160,,"1,466,344","1,466,344"
Sfera Ebbasta-3uphon,1,,119,,"1,466,149","1,466,149"
Dreamville-Wells Fargo,2,,142,,"828,744","1,465,237"
Sech-Confía,2,,157,,"783,674","1,464,907"
The 1975-It's Not Living (If It's Not With You),2,,146,,"816,694","1,463,484"
Natanael Cano-Como Es,1,,111,,"1,463,067","1,463,067"
Nicki Minaj-Big Difference,1,,145,,"1,462,370","1,462,370"
Galantis-Gold Dust,8,,150,,"217,772","1,462,143"
Jin-Loser,1,,146,,"1,461,661","1,461,661"
Zach Bryan-Mechanical Bull,1,,147,,"1,461,200","1,461,200"
Stray Kids-Super Bowl,1,,122,,"1,460,804","1,460,804"
Lil Baby-All In,2,,133,,"796,456","1,460,726"
Lil Uzi Vert-The Rush,1,,146,,"1,459,333","1,459,333"
Logic-Hallelujah,2,,85,,"927,057","1,459,024"
Post Malone-Hide My Gun (Feat. HARDY),1,,165,,"1,457,958","1,457,958"
NF-MOTTO,1,,106,,"1,457,449","1,457,449"
Juice WRLD-KTM Drip,1,,163,,"1,457,050","1,457,050"
Childish Gambino-12.38,2,,145,,"735,426","1,456,832"
"TOMORROW X TOGETHER-Farewell, Neverland",1,,91,,"1,456,773","1,456,773"
Meek Mill-Tic Tac Toe,2,,176,,"770,096","1,456,318"
Stray Kids-BLIND SPOT,1,,107,,"1,455,683","1,455,683"
Niall Horan-Meltdown,1,,118,,"1,454,374","1,454,374"
Post Malone-Sign Me Up,1,,128,,"1,453,521","1,453,521"
Robin Bengtsson-Constellation Prize,5,,133,,"347,976","1,453,133"
Fifth Harmony-BO$$,11,,104,,"191,129","1,452,360"
Mac Miller-Tambourine Dream,1,,149,,"1,452,259","1,452,259"
Kygo-Fiction,4,,90,,"535,016","1,450,169"
James Brown-Say It Loud - I'm Black And I'm Proud,1,,51,,"1,449,156","1,449,156"
Toby Keith-Should've Been A Cowboy,1,,124,,"1,447,873","1,447,873"
ENHYPEN-Drunk-Dazed,2,,159,,"757,397","1,447,039"
¥$-PROBLEMATIC,1,,128,,"1,446,993","1,446,993"
Quevedo-LOS DÍAS CONTADOS,1,,174,,"1,445,078","1,445,078"
BRADO-Kafa Leyla,2,,146,,"786,355","1,445,027"
Lana Del Rey-The Grants,1,,123,,"1,444,519","1,444,519"
¥$-530,1,,139,,"1,444,285","1,444,285"
AlunaGeorge-I'm In Control,5,,172,,"324,405","1,443,481"
Rauw Alejandro-Mil Mujeres,1,,174,,"1,443,428","1,443,428"
Mata-Kiss cam (podryw roku),2,,178,,"722,476","1,442,888"
Rihanna-Never Ending,5,,147,,"300,126","1,442,758"
John Carpenter-Halloween Theme,1,,168,,"1,442,494","1,442,494"
Bill Withers-Lean on Me,2,,141,,"740,049","1,440,768"
Muse-Mercy,7,,139,,"234,620","1,440,649"
Mora-CÓRCEGA,1,,109,,"1,440,195","1,440,195"
Michael Bublé-Ave Maria,4,,100,,"435,994","1,440,010"
Pusha T-Infrared,2,,158,,"762,356","1,439,319"
"Glee Cast-Baby, It's Cold Outside (Glee Cast Version)",3,,163,,"569,815","1,438,232"
Florence + The Machine-Jenny of Oldstones (Game of Thrones),2,,168,,"751,680","1,437,457"
Lil Baby-Stand On It,1,,77,,"1,437,293","1,437,293"
G-Eazy-One Of Them,5,,100,,"385,736","1,437,118"
Amy Kaylee-,2,,89,,"746,983","1,436,272"
Pop Smoke-Good News,1,,67,,"1,436,036","1,436,036"
Future-Nights Like This,1,,153,,"1,435,502","1,435,502"
Rihanna-Lift Me Up - Instrumental,1,,93,,"1,435,222","1,435,222"
Teddy Swims-Are You Even Real,1,,149,,"1,434,907","1,434,907"
LISA-FXCK UP THE WORLD (Vixi Solo Version),1,,150,,"1,434,458","1,434,458"
WALLA-101,8,,173,,"193,876","1,434,429"
Lorde-Favourite Daughter,1,,124,,"1,434,412","1,434,412"
Sfera Ebbasta-NON METTERCI BECCO,1,,142,,"1,434,385","1,434,385"
LOVE BGM JPN-Danza Kuduro - Cover,1,,155,,"1,434,074","1,434,074"
Rihanna-James Joint,5,,139,,"314,054","1,433,518"
Tate McRae-hurt my feelings,1,,153,,"1,430,059","1,430,059"
Giorgio Moroder-Déjà vu,7,,129,,"261,128","1,429,849"
mc jhenny-Chamo Teu Vulgo Malvadão,2,,185,,"778,968","1,429,521"
Stray Kids-ITEM,1,,133,,"1,428,887","1,428,887"
ROSÉ-not the same,1,,200,,"1,428,846","1,428,846"
Naeleck-Christmas Kaboom,1,,179,,"1,428,512","1,428,512"
The Weeknd-Without a Warning,1,,150,,"1,428,170","1,428,170"
Nicki Minaj-Fallin 4 U,1,,156,,"1,426,493","1,426,493"
Katy Perry-LIFETIMES,1,,145,,"1,426,144","1,426,144"
Arcángel-Amantes y Amigos,2,,181,,"730,770","1,425,676"
Mora-MÁS QUE ALGO,1,,130,,"1,425,143","1,425,143"
Eladio Carrion-Si Salimos,1,,127,,"1,425,137","1,425,137"
Jin-Rope It,1,,152,,"1,425,110","1,425,110"
Charli xcx-365 featuring shygirl,1,,164,,"1,424,675","1,424,675"
The Beatles-Yellow Submarine - Remastered,4,,112,,"557,059","1,421,651"
Shawn Mendes-Higher,1,,81,,"1,421,475","1,421,475"
Mac Miller-Friendly Hallucinations,1,,160,,"1,421,168","1,421,168"
Lazza-FENTANYL,1,,179,,"1,418,581","1,418,581"
Lizzo-Special,1,,103,,"1,417,842","1,417,842"
Lil Uzi Vert-Chill Bae,1,,153,,"1,417,738","1,417,738"
Juice WRLD-Until The Plug Comes Back Around,1,,86,,"1,417,642","1,417,642"
Us The Duo-Shake It Off,10,,156,,"156,494","1,417,390"
Panic! At The Disco-(Fuck A) Silver Lining,2,,134,,"735,460","1,416,367"
Daryl Hall & John Oates-Rich Girl,1,,157,,"1,416,232","1,416,232"
A$AP Rocky-JD,5,,90,,"361,283","1,416,175"
Playboi Carti-DIFFERENT DAY,1,,139,,"1,415,591","1,415,591"
Hugo & Guilherme-Mentirosa - Ao Vivo,1,,138,,"1,415,381","1,415,381"
Shugoazy-Lithe Fall Back,1,,194,,"1,415,329","1,415,329"
¥$-RIVER,1,,142,,"1,415,103","1,415,103"
J. Cole-cLOUDs,1,,156,,"1,414,240","1,414,240"
Young Thug-Money On The Dresser,1,,133,,"1,413,615","1,413,615"
Eladio Carrion-El Hokage,1,,130,,"1,412,760","1,412,760"
Luck Ra-La Morocha,1,,79,,"1,411,849","1,411,849"
MC Ingryd-Vem Me Satisfazer,2,,161,,"776,944","1,410,819"
Central Cee-No Introduction,1,,157,,"1,410,698","1,410,698"
¥$-HUSBAND,1,,143,,"1,410,661","1,410,661"
Rauw Alejandro-IL Capo,1,,184,,"1,410,570","1,410,570"
Wesley Safadão-Passatempo,2,,196,,"761,393","1,407,880"
Trippie Redd-BANG!,2,,122,,"819,239","1,407,862"
Childish Gambino-Time,2,,144,,"737,093","1,406,161"
Gracie Abrams-Risk,1,,164,,"1,406,100","1,406,100"
Agust D-Polar Night,1,,130,,"1,406,074","1,406,074"
Mora-TEMA DE JORY,1,,138,,"1,405,569","1,405,569"
Stray Kids-Stray Kids,1,,181,,"1,405,415","1,405,415"
Reynmen-Leila,2,,180,,"717,466","1,404,298"
Lil Uzi Vert-Feelings Mutual,2,,107,,"838,458","1,402,539"
"Metallica-Atlas, Rise!",3,,95,,"632,440","1,402,363"
Gucci Mane-Guwop Home,4,,126,,"430,226","1,400,776"
Natanael Cano-Como Es Arriba Es Abajo,1,,152,,"1,400,683","1,400,683"
Panic! At The Disco-King Of The Clouds,2,,121,,"813,555","1,400,382"
Justin Timberlake-Midnight Summer Jam,2,,106,,"865,887","1,399,525"
Post Malone-Never Love You Again (Feat. Sierra Ferrell),1,,179,,"1,399,203","1,399,203"
Ariana Grande-Best Mistake,7,,45,,"392,851","1,398,972"
Zach Bryan-Oak Island,1,,158,,"1,398,720","1,398,720"
Latto-Blick Sum,1,,141,,"1,398,162","1,398,162"
Mora-UN DESEO,1,,118,,"1,397,427","1,397,427"
Lil Uzi Vert-CS,1,,155,,"1,397,130","1,397,130"
Ariana Grande-the boy is mine,1,,166,,"1,397,044","1,397,044"
Lewis Capaldi-Survive,1,,136,,"1,395,629","1,395,629"
KEiiNO-Spirit in the Sky,2,,139,,"734,410","1,395,314"
KAROL G-Dile Luna,1,,134,,"1,394,163","1,394,163"
Peso Pluma-SR. SMITH,1,,168,,"1,392,889","1,392,889"
Stray Kids-COMFLEX,1,,124,,"1,392,450","1,392,450"
Disclosure-You & Me - Flume Remix,10,,151,,"159,032","1,392,227"
Marília Mendonça-Quero Você do Jeito Que Quiser,2,,188,,"720,741","1,392,067"
j-hope-Music Box : Reflection,1,,71,,"1,391,767","1,391,767"
Lorde-Current Affairs,1,,138,,"1,391,620","1,391,620"
J Balvin-Doblexxó,1,,161,,"1,391,033","1,391,033"
Lil Uzi Vert-Paars In The Mars,1,,160,,"1,388,911","1,388,911"
j-hope-Future,1,,72,,"1,388,177","1,388,177"
Aretha Franklin-Chain of Fools,2,,141,,"714,957","1,387,872"
A$AP Rocky-HIGHJACK,1,,161,,"1,387,650","1,387,650"
KAROL G-Cuando Me Muera Te Olvido,1,,135,,"1,387,150","1,387,150"
Big Sean-Bigger Than Me,3,,161,,"516,206","1,386,814"
Future-All My Life,1,,165,,"1,386,101","1,386,101"
Sixpence None The Richer-Kiss Me,1,,194,,"1,384,784","1,384,784"
The Weeknd-Timeless,1,,162,,"1,384,240","1,384,240"
Dua Lipa-Falling Forever,1,,184,,"1,382,422","1,382,422"
Imagine Dragons-Wake Up,1,,178,,"1,381,014","1,381,014"
Hozier-Fare Well,1,,176,,"1,380,896","1,380,896"
Travis Scott-Don't Play,1,,184,,"1,380,858","1,380,858"
Lana Del Rey-Sweet,1,,135,,"1,380,789","1,380,789"
Zé Neto & Cristiano-Foi Intenso - Ao Vivo,1,,167,,"1,379,505","1,379,505"
King Princess-Fantastic (from the series Arcane League of Legends),1,,176,,"1,378,992","1,378,992"
Charli xcx-Everything is romantic featuring caroline polachek,1,,186,,"1,378,477","1,378,477"
Lil Uzi Vert-Fire Alarm,1,,159,,"1,377,900","1,377,900"
Bring Me The Horizon-LosT,1,,131,,"1,377,535","1,377,535"
Diplo-Wish - Trippie Mix,2,,128,,"804,649","1,377,277"
Peso Pluma-GAVILÁN II,1,,142,,"1,377,119","1,377,119"
Matuê-Imagina esse Cenário,1,,168,,"1,375,296","1,375,296"
Bon Iver-8 (circle),4,,152,,"376,360","1,374,324"
Kygo-Stars Will Align,1,,179,,"1,374,025","1,374,025"
Peso Pluma-77,1,,144,,"1,373,675","1,373,675"
Pop Smoke-Top Shotta,1,,77,,"1,372,844","1,372,844"
Twenty One Pilots-Backslide,1,,189,,"1,372,027","1,372,027"
Rauw Alejandro-Pasaporte,1,,192,,"1,372,021","1,372,021"
"Tyler, The Creator-STUNTMAN",1,,125,,"1,371,955","1,371,955"
The Cratez-Skifahren,2,,186,,"701,984","1,371,174"
KAROL G-GATITA GANGSTER,1,,127,,"1,369,739","1,369,739"
Morgan Wallen-Where'd That Girl Go,1,,174,,"1,368,866","1,368,866"
Mora-DIAMONDS,1,,121,,"1,368,679","1,368,679"
Rauw Alejandro-2:12 AM,1,,195,,"1,368,506","1,368,506"
Taylor Swift-New Romantics,1,,112,,"1,367,934","1,367,934"
Bausa-Wenn der Himmel weint,1,,166,,"1,366,802","1,366,802"
Lil Uzi Vert-Not An Option,1,,164,,"1,366,395","1,366,395"
Galantis-Lighter,1,,160,,"1,366,155","1,366,155"
Natanael Cano-La Lokerona,1,,161,,"1,366,111","1,366,111"
Tate McRae-No I'm not in love,1,,168,,"1,365,816","1,365,816"
Morgan Wallen-Missing,1,,175,,"1,364,847","1,364,847"
The Marías-Back To Me,1,,159,,"1,364,540","1,364,540"
ENHYPEN-XO (Only If You Say Yes),1,,193,,"1,363,326","1,363,326"
Lana Del Rey-Beautiful People Beautiful Problems,2,,105,,"851,838","1,363,279"
Summer Cem-Yallah Goodbye,2,,166,,"748,194","1,362,147"
j-hope-Intro,1,,76,,"1,361,668","1,361,668"
iSHi-Push It,7,,134,,"235,534","1,359,685"
Alex Warren-Burning Down,1,,197,,"1,359,321","1,359,321"
Tom Petty-I Won't Back Down,2,,82,,"883,222","1,358,898"
Tory Lanez-Do The Most,2,,182,,"703,185","1,357,889"
Lil Kleine-Krantenwijk,3,,192,,"476,537","1,357,576"
Morgan Wallen-Keith Whitley,1,,132,,"1,356,112","1,356,112"
Doja Cat-Wet Vagina,1,,138,,"1,356,084","1,356,084"
Maroon 5-She Will Be Loved,4,,158,,"510,179","1,355,815"
Linkin Park-Unshatter,1,,153,,"1,354,347","1,354,347"
Arctic Monkeys-Jet Skis On The Moat,1,,107,,"1,353,830","1,353,830"
Jin-With the Clouds,1,,181,,"1,353,699","1,353,699"
Brent Faiyaz-Trust,2,,194,,"680,561","1,353,382"
Electric Light Orchestra-Mr. Blue Sky,3,,182,,"460,314","1,353,265"
Yeat-Stand On It,1,,167,,"1,351,778","1,351,778"
Sfera Ebbasta-Complicato,1,,152,,"1,351,574","1,351,574"
Juan Magán-Vuelve,6,,181,,"237,745","1,351,440"
The Beatles-Get Back - Remastered,4,,110,,"567,321","1,351,409"
David Bowie-Sue (Or In a Season of Crime),3,,62,,"629,034","1,350,630"
Juice WRLD-Love Letter,1,,193,,"1,349,967","1,349,967"
TOMORROW X TOGETHER-Happy Fools,1,,112,,"1,349,619","1,349,619"
Sfera Ebbasta-Milano Bene,1,,155,,"1,348,814","1,348,814"
Mora-BIENVENIDA AL PARAÍSO,1,,120,,"1,348,345","1,348,345"
Tina Turner-Proud Mary,1,,131,,"1,348,159","1,348,159"
Eladio Carrion-Romeo y Julieta,1,,167,,"1,348,147","1,348,147"
Peso Pluma-ZAPATA,1,,149,,"1,346,900","1,346,900"
Peso Pluma-BELANOVA,1,,190,,"1,345,553","1,345,553"
Nas-White Label,2,,107,,"780,923","1,344,457"
Linkin Park-Fighting Myself,1,,142,,"1,344,427","1,344,427"
Morgan Wallen-In The Bible,1,,136,,"1,344,382","1,344,382"
Juice WRLD-Celebrate,1,,195,,"1,344,023","1,344,023"
Shawn Mendes-Honest,4,,170,,"374,965","1,343,216"
Annie Lennox-I Put A Spell On You (Fifty Shades of Grey),8,,177,,"180,687","1,342,299"
Future-Nobody Knows My Struggle,1,,176,,"1,342,199","1,342,199"
Junior H-LAS NOCHES,1,,156,,"1,342,142","1,342,142"
Stray Kids-twilight,1,,196,,"1,342,094","1,342,094"
One Direction-Once in a Lifetime,8,,115,,"208,565","1,340,747"
Lorde-The Path,1,,69,,"1,340,550","1,340,550"
Lil Yachty-BABY DADDY,2,,129,,"773,102","1,340,505"
Mora-COSITAS,1,,122,,"1,339,760","1,339,760"
Yandel-Dembow 2020,2,,197,,"679,600","1,339,136"
Tate McRae-Greenlight,1,,176,,"1,338,842","1,338,842"
The Kid LAROI-Goodbye,1,,200,,"1,338,288","1,338,288"
Eladio Carrion-Hey Lil Mama,1,,160,,"1,338,252","1,338,252"
Bing Crosby-Silver Bells,1,,194,,"1,337,971","1,337,971"
Natanael Cano-AFS,1,,168,,"1,337,537","1,337,537"
KAROL G-Amiga Mía,1,,145,,"1,337,113","1,337,113"
Pop Smoke-Beat The Speaker,1,,80,,"1,336,570","1,336,570"
"Gracie Abrams-I Love You, I'm Sorry - Live From Vevo",1,,197,,"1,336,200","1,336,200"
David Bowie-Girl Loves Me,3,,63,,"627,459","1,336,141"
Salmo-LUNEDI',2,,182,,"737,842","1,335,174"
Trueno-CRUZ,1,,174,,"1,333,104","1,333,104"
Rose Villain-fuorilegge,1,,171,,"1,331,758","1,331,758"
Cardi B-Outside,1,,147,,"1,331,072","1,331,072"
Daryl Hall & John Oates-You Make My Dreams,2,,138,,"781,618","1,330,630"
RAF Camora-Puta Madre,2,,161,,"742,715","1,330,252"
DJ Ws da Igrejinha-Não Vou Namorar,1,,200,,"1,330,186","1,330,186"
Fred again..-adore u,1,,138,,"1,329,559","1,329,559"
The 1975-Medicine,9,,129,,"179,544","1,328,710"
Lil Uzi Vert-Mr Chow,1,,185,,"1,328,374","1,328,374"
Chris Brown-This Christmas,3,,97,,"521,805","1,327,928"
Alejandro Fernández-Sé Que Te Duele,3,,194,,"455,559","1,327,720"
Matuê-4Tal,1,,181,,"1,327,608","1,327,608"
YG-SWAG,2,,180,,"702,741","1,326,992"
Sfera Ebbasta-$€ Freestyle,1,,76,,"1,326,336","1,326,336"
PARTYNEXTDOOR-Dreamin,1,,193,,"1,326,324","1,326,324"
DJ Khaled-NO SECRET,1,,90,,"1,325,184","1,325,184"
Linkin Park-Let You Fade,1,,189,,"1,323,658","1,323,658"
Don Toliver-FWU,1,,162,,"1,322,343","1,322,343"
Mc Ws da leste-Tipo Hollywood,1,,179,,"1,322,028","1,322,028"
Tate McRae-Means I care,1,,182,,"1,320,166","1,320,166"
5 Seconds of Summer-Lie To Me,2,,126,,"718,161","1,319,923"
Jin-Background,1,,190,,"1,318,894","1,318,894"
Diana Krall-Jingle Bells,4,,125,,"447,116","1,317,474"
Post Malone-Socialite,1,,153,,"1,316,652","1,316,652"
SEVENTEEN-MAESTRO,1,,196,,"1,316,549","1,316,549"
Mac Miller-Stoned,1,,193,,"1,316,508","1,316,508"
Eladio Carrion-H.I.M.,1,,182,,"1,315,439","1,315,439"
Mora-MODELITO,1,,127,,"1,315,421","1,315,421"
Gunna-back to the moon,1,,147,,"1,314,403","1,314,403"
Miley Cyrus-Wildcard,1,,138,,"1,313,256","1,313,256"
One Direction-Illusion,8,,119,,"203,526","1,312,565"
6LACK-East Atlanta Love Letter,2,,139,,"751,407","1,312,441"
Stray Kids-Cover Me,1,,155,,"1,311,824","1,311,824"
Morgan Wallen-Days That End In Why,1,,151,,"1,311,686","1,311,686"
Luciano-West Connect,1,,89,,"1,311,450","1,311,450"
Eladio Carrion-Peso a Peso,1,,145,,"1,311,145","1,311,145"
Duki-Remember Me,1,,153,,"1,310,956","1,310,956"
Junior H-MIÉNTELE,1,,167,,"1,310,763","1,310,763"
Kesha-Woman,2,,99,,"789,509","1,309,959"
Trueno-Sangría,2,,186,,"659,343","1,309,697"
Future-You Da Baddest,3,,178,,"448,041","1,309,650"
Juice WRLD-Eminem Speaks,1,,96,,"1,309,118","1,309,118"
Tedua-Hoe,1,,161,,"1,307,964","1,307,964"
Sleep Token-Infinite Baths,1,,189,,"1,307,867","1,307,867"
Agust D-Interlude : Dawn,1,,154,,"1,307,810","1,307,810"
Feid-GANGSTERS Y PISTOLAS,1,,148,,"1,307,672","1,307,672"
Stray Kids-DLC,1,,163,,"1,307,311","1,307,311"
Mora-EN LA ORILLA,1,,128,,"1,307,134","1,307,134"
Frank Ocean-Nights,4,,168,,"358,829","1,306,779"
Yeat-Morë,1,,183,,"1,306,471","1,306,471"
Tina Turner-We Don't Need Another Hero (Thunderdome),1,,143,,"1,305,151","1,305,151"
Eladio Carrion-La Canción Feliz Del Disco,1,,167,,"1,305,016","1,305,016"
Lyrical Lemonade-Doomsday,1,,160,,"1,304,949","1,304,949"
Coldplay-A L I E N S,2,,108,,"688,054","1,303,362"
Melanie Martinez-THE CONTORTIONIST,1,,142,,"1,302,805","1,302,805"
Lil Uzi Vert-Pretty Mami,2,,116,,"763,350","1,302,277"
David Guetta-Beautiful People,1,,181,,"1,301,986","1,301,986"
Future-Amazing (Interlude),1,,190,,"1,301,920","1,301,920"
Joji-YEAH RIGHT,2,,154,,"727,960","1,301,118"
Felipe Amorim-Nossas Fotos,1,,183,,"1,300,309","1,300,309"
Addison Rae-Times Like These,1,,161,,"1,299,767","1,299,767"
Juliette-Diferença Mara,1,,94,,"1,298,797","1,298,797"
Red Hot Chili Peppers-Scar Tissue,1,,200,,"1,297,934","1,297,934"
Peso Pluma-NUEVA VIDA,1,,161,,"1,296,327","1,296,327"
Bring Me The Horizon-Kool-Aid,1,,146,,"1,295,924","1,295,924"
Lil Wayne-Welcome to Tha Carter,1,,164,,"1,295,052","1,295,052"
A$AP Ferg-Jet Lag,2,,178,,"686,002","1,295,031"
ROSALÍA-DESPECHÁ RMX,1,,139,,"1,292,870","1,292,870"
Jarabe De Palo-La flaca,2,,162,,"667,141","1,291,984"
Shawn Mendes-24 Hours,1,,100,,"1,290,495","1,290,495"
blink-182-ANTHEM PART 3,1,,162,,"1,289,922","1,289,922"
Mora-AIRBNB,1,,135,,"1,287,335","1,287,335"
Sfera Ebbasta-Male,1,,81,,"1,286,253","1,286,253"
Duki-antes de perderte (OG VERSION),1,,163,,"1,285,973","1,285,973"
Kenny Man-Ni Gucci Ni Prada,2,,196,,"646,472","1,285,949"
Helene Fischer-Rudolph The Red-Nosed Reindeer,1,,174,,"1,285,882","1,285,882"
Metallica-Lux Æterna,1,,99,,"1,285,575","1,285,575"
Sfera Ebbasta-Gol,1,,181,,"1,285,302","1,285,302"
Wiz Khalifa-Real Rich,2,,173,,"666,958","1,285,105"
Ícaro e Gilmar-Diferentona,1,,186,,"1,285,037","1,285,037"
Young Thug-Want Me Dead,1,,164,,"1,285,035","1,285,035"
Bryson Tiller-Years Go By,1,,87,,"1,283,845","1,283,845"
David Bowie-Dollar Days,3,,66,,"603,869","1,282,612"
Morgan Sulele-Bare min,7,,178,,"201,928","1,282,353"
John Lundvik-Too Late For Love,2,,164,,"654,595","1,282,044"
Nicki Minaj-Thought I Knew You,2,,125,,"738,268","1,281,804"
Mora-AYER Y HOY,1,,144,,"1,280,738","1,280,738"
Luísa Sonza-Campo De Morango,1,,140,,"1,280,095","1,280,095"
Camila Cabello-Real Friends,2,,138,,"735,154","1,279,152"
Future-WE JUS WANNA GET HIGH,1,,79,,"1,278,820","1,278,820"
Mora-MIL VIDAS,1,,178,,"1,278,206","1,278,206"
Feid-RITMO DE MEDALLO,1,,160,,"1,277,962","1,277,962"
Leonard Cohen-You Want It Darker,2,,62,,"822,899","1,277,304"
Sam Smith-VULGAR,1,,166,,"1,277,288","1,277,288"
Clayton & Romário-Aproveita - Ao Vivo,1,,193,,"1,276,320","1,276,320"
Pinguini Tattici Nucleari-Ringo Starr,2,,198,,"657,926","1,276,214"
Damso-LIFE LIFE,1,,64,,"1,274,718","1,274,718"
Eladio Carrion-El Reggaetón del Disco,1,,190,,"1,274,194","1,274,194"
Trippie Redd-Dark Knight Dummo,2,,159,,"701,239","1,274,027"
Niall Horan-The Show,1,,169,,"1,272,272","1,272,272"
Lil Uzi Vert-Zoom (Bonus Track),1,,191,,"1,271,834","1,271,834"
Arctic Monkeys-The Car,1,,129,,"1,271,694","1,271,694"
Capital Bra-Fightclub,2,,162,,"712,522","1,271,633"
Michael Schulte-You Let Me Walk Alone,2,,126,,"677,328","1,271,569"
JENNIE-Intro : JANE with FKJ,1,,190,,"1,270,571","1,270,571"
MC Kevin o Chris-Evoluiu,2,,178,,"682,254","1,270,100"
Mora-MAREA,1,,150,,"1,269,026","1,269,026"
"Brent Faiyaz-GRAVITY (FEAT. TYLER, THE CREATOR)",1,,73,,"1,267,840","1,267,840"
Mc Livinho-Hoje Eu Vou Parar Na Gaiola,2,,175,,"688,615","1,266,318"
Mora-DE PAQUETE,1,,182,,"1,266,233","1,266,233"
"Lana Del Rey-Paris, Texas",1,,164,,"1,264,434","1,264,434"
Brent Faiyaz-VILLAIN'S THEME,1,,75,,"1,264,371","1,264,371"
Lavern-ANARCHY,1,,183,,"1,263,710","1,263,710"
Pressure 9X19-VVS Switch,1,,196,,"1,263,340","1,263,340"
"Tyler, The Creator-WHAT A DAY",1,,159,,"1,262,431","1,262,431"
Patrick Watson-Je te laisserai des mots,1,,196,,"1,261,005","1,261,005"
BTS-Boy In Luv,1,,103,,"1,260,792","1,260,792"
Shawn Mendes-Call My Friends,1,,103,,"1,260,706","1,260,706"
Grupo Frontera-Hecha Pa' Mí,1,,196,,"1,260,540","1,260,540"
¥$-HOODRAT,1,,179,,"1,260,289","1,260,289"
BTS-N.O,1,,104,,"1,259,950","1,259,950"
"Zach Bryan-Pain, Sweet, Pain",1,,178,,"1,259,861","1,259,861"
Manu Gavassi-Deve ser horrível dormir sem mim,2,,187,,"677,687","1,259,796"
Zara Larsson-On My Love,1,,176,,"1,259,693","1,259,693"
Drake-Blue Green Red,1,,188,,"1,259,268","1,259,268"
Shawn Mendes-Dream,1,,104,,"1,259,100","1,259,100"
Stray Kids-Charmer,1,,72,,"1,258,884","1,258,884"
Eladio Carrion-¿Qué Carajos Quieres Tú Ahora?,1,,160,,"1,258,878","1,258,878"
Ed Sheeran-Bad Habits,1,,75,,"1,257,665","1,257,665"
Lil Durk-Pelle Coat,1,,172,,"1,256,006","1,256,006"
Ninho-VVS,1,,94,,"1,255,496","1,255,496"
Addison Rae-New York,1,,180,,"1,254,547","1,254,547"
Shaggy-It Wasn't Me,2,,153,,"718,016","1,254,108"
G-Eazy-The Beautiful & Damned,2,,148,,"652,234","1,251,765"
One Direction-Little Things,1,,69,,"1,251,524","1,251,524"
Lana Del Rey-Say Yes To Heaven - Sped Up,1,,166,,"1,251,463","1,251,463"
MikkyZia-Aku Dah Lupa,1,,185,,"1,251,169","1,251,169"
Lil Wayne-Hip-Hop,1,,181,,"1,251,094","1,251,094"
Dixie-Be Happy,2,,193,,"636,621","1,250,493"
Peso Pluma-SU CASA,1,,181,,"1,250,142","1,250,142"
Johnny Mathis-It's Beginning to Look Like Christmas,1,,196,,"1,249,008","1,249,008"
Emma Stone-Someone In The Crowd,3,,165,,"454,332","1,248,713"
Tainy-FANTASMA | AVC,1,,199,,"1,248,642","1,248,642"
ABBA-When You Danced With Me,1,,70,,"1,248,604","1,248,604"
Stray Kids-GET LIT,1,,177,,"1,248,468","1,248,468"
J Balvin-Ginza - Remix,5,,158,,"268,283","1,248,270"
Salvador Sobral-Amar pelos Dois,2,,99,,"696,481","1,248,126"
Future-Zoom,2,,99,,"741,598","1,247,898"
Damso-Π. VANTABLACK,1,,57,,"1,247,804","1,247,804"
RAF Camora-Liebe Grüsse,1,,174,,"1,247,782","1,247,782"
Paramore-Running Out Of Time,1,,146,,"1,247,541","1,247,541"
Young Thug-Abracadabra,1,,184,,"1,246,072","1,246,072"
KAROL G-Un Gatito Me Llamó,1,,177,,"1,245,712","1,245,712"
Charli xcx-Von dutch,1,,197,,"1,245,504","1,245,504"
Okan xd-Antidepresan,1,,92,,"1,244,386","1,244,386"
Lil Baby-Get Ugly,1,,79,,"1,244,351","1,244,351"
Maggie Rogers-Alaska,4,,163,,"329,372","1,244,291"
Mumford & Sons-Hot Gates,5,,108,,"271,237","1,244,097"
Metallica-Moth Into Flame,3,,120,,"520,936","1,243,380"
Migos-Type Shit,1,,91,,"1,243,104","1,243,104"
Anitta-Mil Veces,1,,180,,"1,242,592","1,242,592"
The Weeknd-Nothing Is Lost (You Give Me Strength),1,,153,,"1,242,280","1,242,280"
Mora-CASUALIDAD,1,,146,,"1,242,008","1,242,008"
"Tyler, The Creator-HEAVEN TO ME",1,,165,,"1,240,125","1,240,125"
Young Thug-Hellcat Kenny,1,,189,,"1,239,249","1,239,249"
Kollegah-,1,,156,,"1,239,234","1,239,234"
Eladio Carrion-Gladiador - Remix,1,,163,,"1,238,900","1,238,900"
DJ Khaled-Juice WRLD DID,1,,99,,"1,238,823","1,238,823"
Young Thug-Gucci Grocery Bag,1,,190,,"1,238,093","1,238,093"
Playboi Carti-Teen X,1,,163,,"1,237,609","1,237,609"
Meek Mill-Froze,4,,184,,"321,842","1,237,575"
Future-HOLY GHOST,1,,85,,"1,237,507","1,237,507"
Empire Of The Sun-Walking On A Dream,1,,169,,"1,236,752","1,236,752"
Taylor Swift-Come In With The Rain (Taylor’s Version),1,,98,,"1,235,904","1,235,904"
Dominic Fike-Mona Lisa,1,,192,,"1,235,641","1,235,641"
TWICE-SET ME FREE,1,,158,,"1,234,552","1,234,552"
Melanie Martinez-EVIL,1,,168,,"1,233,550","1,233,550"
Oasis-Champagne Supernova,1,,200,,"1,233,360","1,233,360"
Future-Good Dope,2,,95,,"751,098","1,231,887"
Kid Cudi-GET OFF ME,1,,199,,"1,231,216","1,231,216"
Aretha Franklin-Son of a Preacher Man,2,,172,,"649,984","1,230,790"
Rauw Alejandro-LEJOS DEL CIELO,1,,121,,"1,230,406","1,230,406"
Lil Baby-Go Hard,1,,172,,"1,230,084","1,230,084"
Ryan Gosling-City Of Stars,3,,158,,"469,611","1,229,722"
Daddy Yankee-CAMPEÓN,1,,78,,"1,228,984","1,228,984"
BTS-Dynamite - Instrumental,1,,69,,"1,228,322","1,228,322"
Marian Hill-Got It,8,,156,,"166,756","1,227,789"
Capo Plaza-Allenamento #4,1,,72,,"1,227,269","1,227,269"
The Clash-Should I Stay or Should I Go - Remastered,2,,161,,"705,495","1,226,701"
Taylor Swift-Out Of The Woods,1,,154,,"1,226,291","1,226,291"
Calvin Harris-Obsessed,1,,87,,"1,225,739","1,225,739"
Lil Wayne-Sharks,1,,189,,"1,225,661","1,225,661"
NewJeans-Supernatural,1,,189,,"1,223,778","1,223,778"
"Andy Grammer-Don't Give Up On Me - (From ""Five Feet Apart"")",2,,198,,"613,039","1,223,556"
KAROL G-Bandida Entrenada,1,,190,,"1,222,354","1,222,354"
Ellie Goulding-Army,5,,125,,"308,178","1,221,953"
Jessie J-Sweet Talker,8,,135,,"166,324","1,221,710"
Future-Marni On Me,1,,79,,"1,221,465","1,221,465"
BTS-I Need U,1,,108,,"1,221,258","1,221,258"
Morgan Wallen-F150-50,1,,168,,"1,221,256","1,221,256"
Panic! At The Disco-Hallelujah,5,,161,,"260,205","1,221,143"
Linkin Park-Sorry for Now,2,,129,,"749,713","1,220,765"
Sfera Ebbasta-Orange,1,,129,,"1,220,509","1,220,509"
Nicki Minaj-Fractions,1,,87,,"1,219,634","1,219,634"
Miley Cyrus-Island,1,,164,,"1,219,541","1,219,541"
Eladio Carrion-TQMQA,1,,200,,"1,219,478","1,219,478"
Simone Mendes-Saudade Proibida - Ao Vivo,1,,197,,"1,219,322","1,219,322"
Lorde-Clearblue,1,,198,,"1,219,216","1,219,216"
Guè-Cookies N' Cream,1,,137,,"1,218,593","1,218,593"
"Mitraz-Akhiyaan Gulaab (From ""Teri Baaton Mein Aisa Uljha Jiya"")",1,,195,,"1,218,518","1,218,518"
NewJeans-Bubble Gum,1,,200,,"1,217,473","1,217,473"
Burna Boy-Cheat On Me,1,,189,,"1,217,146","1,217,146"
Damso-MEVTR,1,,71,,"1,216,093","1,216,093"
Doja Cat-Gun,1,,192,,"1,215,460","1,215,460"
Brent Faiyaz-PRICE OF FAME,1,,88,,"1,214,680","1,214,680"
Twenty One Pilots-Good Day,1,,95,,"1,214,644","1,214,644"
Young Thug-Uncle M,1,,200,,"1,214,498","1,214,498"
Omar Camacho-2+2,1,,190,,"1,211,399","1,211,399"
Panic! At The Disco-Crazy=Genius,5,,174,,"263,538","1,210,683"
Rauw Alejandro-PICARDÍA,1,,199,,"1,210,266","1,210,266"
Sfera Ebbasta-Serpenti A Sonagli,2,,165,,"648,261","1,210,151"
Katy Perry-Witness,2,,105,,"753,700","1,208,247"
Rihanna-Higher,4,,147,,"308,424","1,207,891"
Juice WRLD-My Life In A Nutshell,1,,107,,"1,207,582","1,207,582"
Ed Sheeran-F64,1,,146,,"1,207,425","1,207,425"
"Raghav Chaitanya-Hua Main (From ""ANIMAL"")",1,,200,,"1,206,832","1,206,832"
Megan Moroney-6 Months Later,1,,195,,"1,206,492","1,206,492"
Rels B-Por Dentro,1,,172,,"1,206,095","1,206,095"
Mc IG-Diz Aí Qual é o Plano?,1,,199,,"1,205,890","1,205,890"
Stray Kids-Leave,1,,194,,"1,205,148","1,205,148"
Zach Bryan-Blue Jean Baby,1,,197,,"1,203,861","1,203,861"
6ix9ine-LOCKED UP PT. 2,1,,77,,"1,203,193","1,203,193"
DIVINE-Chorni,1,,194,,"1,203,133","1,203,133"
Sam Smith-Drowning Shadows,5,,124,,"313,567","1,202,875"
Jack Harlow-Parent Trap,1,,112,,"1,201,953","1,201,953"
Ninho-Sky Priority,1,,106,,"1,201,332","1,201,332"
The National-The Alcott,1,,186,,"1,201,061","1,201,061"
Playboi Carti-New Tank,1,,169,,"1,200,542","1,200,542"
Katy Perry-Never Worn White,1,,110,,"1,199,557","1,199,557"
Future-Super Trapper,2,,116,,"681,011","1,199,195"
ZAYN-Connexion,1,,77,,"1,196,538","1,196,538"
Lil Uzi Vert-How To Talk,2,,137,,"696,349","1,196,525"
"Stray Kids-TASTE (Lee Know, Hyunjin, Felix)",1,,107,,"1,196,209","1,196,209"
Eminem-Alfred’s Theme,1,,106,,"1,194,973","1,194,973"
Morgan Wallen-Neon Star (Country Boy Lullaby),1,,181,,"1,194,668","1,194,668"
Morat-Cómo Te Atreves,1,,197,,"1,193,299","1,193,299"
SEVENTEEN-God of Music,1,,163,,"1,193,134","1,193,134"
Migos-Culture,2,,101,,"699,732","1,191,624"
"Tyler, The Creator-BOYFRIEND, GIRLFRIEND (2020 Demo)",1,,178,,"1,191,391","1,191,391"
Post Malone-Speedometer,1,,199,,"1,191,116","1,191,116"
Jubin Nautiyal-Mere Ghar Ram Aaye Hain,1,,188,,"1,190,554","1,190,554"
Bring Me The Horizon-DArkSide,1,,199,,"1,190,197","1,190,197"
Nas-Bonjour,2,,123,,"693,102","1,189,558"
Jack Harlow-Common Ground,1,,188,,"1,189,518","1,189,518"
Bonez MC-Letztes Mal,1,,100,,"1,188,302","1,188,302"
Ninho-Intro,1,,107,,"1,188,138","1,188,138"
Natanael Cano-Porque La Demora,1,,192,,"1,187,969","1,187,969"
Luciano-Meer,2,,175,,"594,466","1,187,822"
Meek Mill-Millidelphia,2,,163,,"613,700","1,187,821"
Calvin Harris-Holiday,2,,114,,"679,717","1,187,510"
Bryson Tiller-Always Forever,1,,97,,"1,187,022","1,187,022"
BTS-Run,1,,119,,"1,186,975","1,186,975"
Bryson Tiller-No Longer Friends,2,,124,,"718,807","1,186,322"
Eladio Carrion-Triste Verano,1,,172,,"1,186,014","1,186,014"
Sfera Ebbasta-Gelosi,1,,96,,"1,185,801","1,185,801"
Kevin Gates-Know Better,4,,189,,"300,931","1,185,058"
The 1975-Me & You Together Song,1,,115,,"1,184,536","1,184,536"
LightSound-Oa,1,,200,,"1,183,933","1,183,933"
Sfera Ebbasta-Uber,2,,171,,"636,568","1,183,199"
Neton Vega-Todo a Su Tiempo,1,,198,,"1,182,946","1,182,946"
Eslabon Armado-Así Lo Quiso Dios,1,,173,,"1,181,277","1,181,277"
DJ Khaled-Hold You Down,7,,138,,"187,773","1,180,896"
Childish Gambino-Les,1,,172,,"1,180,597","1,180,597"
System Of A Down-Protect The Land,1,,84,,"1,180,524","1,180,524"
Sfera Ebbasta-Giovani Re,1,,99,,"1,180,514","1,180,514"
Polo G-Boom,1,,102,,"1,180,169","1,180,169"
Shiva-Alleluia,1,,110,,"1,179,898","1,179,898"
Brytiago-Asesina,2,,182,,"640,807","1,179,112"
DJ Khaled-KEEP GOING,1,,110,,"1,178,991","1,178,991"
Gala-Freed from Desire,1,,174,,"1,178,393","1,178,393"
Baby Keem-The Hillbillies,1,,174,,"1,178,099","1,178,099"
Jessie J-Masterpiece,7,,176,,"180,681","1,178,018"
beabadoobee-A Night To Remember,1,,200,,"1,175,764","1,175,764"
Gusttavo Lima-Saudade da Minha Vida - Ao Vivo,1,,156,,"1,174,250","1,174,250"
Yeat-Bëttr 0ff,1,,182,,"1,173,913","1,173,913"
"Maluma-Diablo, Qué Chimba",1,,194,,"1,173,366","1,173,366"
Luísa Sonza-A Dona Aranha,1,,181,,"1,172,991","1,172,991"
Taylor Swift-The Other Side Of The Door (Taylor’s Version),1,,104,,"1,171,822","1,171,822"
Arctic Monkeys-Big Ideas,1,,151,,"1,171,350","1,171,350"
Kelsea Ballerini-Love Me Like You Mean It,6,,184,,"199,096","1,171,342"
Jack Harlow-Poison,1,,118,,"1,170,614","1,170,614"
Sam Smith-Gimme,1,,146,,"1,170,287","1,170,287"
Gusttavo Lima-Morar Nesse Motel,1,,183,,"1,169,939","1,169,939"
KAROL G-DAÑAMOS LA AMISTAD,1,,183,,"1,169,266","1,169,266"
Grupo Marca Registrada-Di Que Sí,1,,179,,"1,169,125","1,169,125"
Future-Sleeping On The Floor,1,,96,,"1,168,877","1,168,877"
Lauren Daigle-You Say,2,,193,,"584,531","1,168,776"
PNL-Celsius,1,,98,,"1,168,772","1,168,772"
Lil Baby-Forever,1,,120,,"1,168,188","1,168,188"
Lorde-California,1,,90,,"1,166,820","1,166,820"
Migos-Picasso,1,,107,,"1,165,494","1,165,494"
Zach Bryan-Dawns,1,,159,,"1,165,407","1,165,407"
Young Stoner Life-Came and Saw,1,,79,,"1,164,983","1,164,983"
Melanie Martinez-SPIDER WEB,1,,190,,"1,164,811","1,164,811"
NATTAN-Última Noite,1,,146,,"1,163,727","1,163,727"
Trippie Redd-Molly Hearts,1,,91,,"1,163,568","1,163,568"
David Bowie-The Man Who Sold The World - 1999 Remastered Version,3,,90,,"468,292","1,163,473"
"Tyler, The Creator-I Ain't Got Time!",2,,139,,"695,560","1,161,480"
Fall Out Boy-HOLD ME TIGHT OR DON’T,2,,163,,"601,208","1,159,205"
DJ Khaled-LET'S PRAY,1,,118,,"1,158,124","1,158,124"
Taylor Swift-Superstar (Taylor’s Version),1,,107,,"1,158,077","1,158,077"
Mumford & Sons-Broad-Shouldered Beasts,5,,110,,"268,166","1,157,638"
Chris Jedi-Bipolar,2,,197,,"588,703","1,156,494"
Hilary Duff-All About You,8,,132,,"160,789","1,156,079"
Major Lazer-Believer,3,,141,,"427,938","1,155,679"
Panetoz-Håll om mig hårt,4,,138,,"337,339","1,155,202"
Rihanna-What's My Name?,1,,157,,"1,155,074","1,155,074"
Nat King Cole-Joy To The World - 1999 Remastered,2,,134,,"604,373","1,153,979"
Luciano-Time,1,,195,,"1,153,684","1,153,684"
BTS-Danger,1,,128,,"1,153,157","1,153,157"
Olivia Dean-Nice To Each Other,1,,195,,"1,152,444","1,152,444"
N.W.A.-Straight Outta Compton,6,,186,,"204,264","1,151,976"
The Beatles-Can't Buy Me Love - Remastered 2009,3,,117,,"541,084","1,151,894"
Maluma-Marinero,2,,199,,"583,253","1,151,464"
Childish Gambino-Zombies,2,,104,,"698,119","1,150,830"
Stray Kids-FREEZE,1,,93,,"1,150,668","1,150,668"
Melanie Martinez-FAERIE SOIRÉE,1,,196,,"1,150,261","1,150,261"
Yeat-Split,1,,191,,"1,150,017","1,150,017"
Tiago PZK-Me Enteré,1,,194,,"1,149,607","1,149,607"
Logic-Anziety,2,,132,,"671,325","1,149,427"
Imagine Dragons-Monday,1,,117,,"1,148,983","1,148,983"
Lil Mosey-Kamikaze,2,,192,,"579,419","1,148,965"
Duki-Si Me Sobrara el Tiempo,1,,186,,"1,148,126","1,148,126"
Fall Out Boy-My Songs Know What You Did In The Dark (Light Em Up),8,,192,,"150,961","1,148,098"
Juliette-Bença,1,,118,,"1,147,764","1,147,764"
Jung Kook-3D (Alternate Ver.),1,,162,,"1,146,642","1,146,642"
DJ Khaled-On Everything,2,,124,,"664,542","1,146,269"
Luan Pereira-NÃO ERA LOVE,1,,171,,"1,146,181","1,146,181"
Marracash-LORO,1,,102,,"1,145,723","1,145,723"
SCH-Mannschaft,1,,93,,"1,144,876","1,144,876"
Justin Bieber-Confident - Single Version,1,,200,,"1,144,407","1,144,407"
Arctic Monkeys-Hello You,1,,156,,"1,143,722","1,143,722"
Blak-Nede Mette,4,,179,,"312,185","1,143,309"
George Michael-Father Figure - Remastered,2,,64,,"710,885","1,143,137"
Jack Harlow-Lil Secret,1,,124,,"1,142,144","1,142,144"
Theophilus London-Can't Stop,8,,183,,"147,236","1,140,727"
aespa-Spicy,1,,176,,"1,140,308","1,140,308"
Frank Ocean-Cayendo (Side A - Acoustic),1,,69,,"1,139,839","1,139,839"
Juan Magán-Usted,2,,189,,"579,766","1,139,773"
Kygo-Gone Are The Days,1,,82,,"1,139,571","1,139,571"
Playboi Carti-JumpOutTheHouse,1,,184,,"1,139,466","1,139,466"
Kadu Martins-Novinha do Onlyfans (Tchan Ran Tchan Tchan),1,,99,,"1,137,868","1,137,868"
Mumford & Sons-Only Love,5,,108,,"268,361","1,136,321"
Rihanna-Close To You,4,,157,,"291,337","1,136,265"
Sfera Ebbasta-Salam Alaikum,1,,106,,"1,135,893","1,135,893"
beabadoobee-Real Man,1,,199,,"1,132,881","1,132,881"
Childish Gambino-Boogieman,2,,102,,"698,882","1,132,588"
Emilia-No_se_ve.mp3,1,,200,,"1,132,577","1,132,577"
Khalid-Last Call,1,,95,,"1,132,010","1,132,010"
The 1975-Oh Caroline,1,,131,,"1,131,506","1,131,506"
BTS-Outro: Her,2,,132,,"607,517","1,131,442"
YAKARY-sonnenbank.mp3,1,,198,,"1,131,440","1,131,440"
Alesso-Chasing Stars,1,,95,,"1,130,727","1,130,727"
Young Stoner Life-Slatty,1,,86,,"1,130,258","1,130,258"
Yeat-Flawlëss,1,,119,,"1,130,189","1,130,189"
Lil Baby-Perfect Timing,1,,132,,"1,130,054","1,130,054"
Bad Bunny-100 MILLONES,1,,96,,"1,129,860","1,129,860"
Playboi Carti-Control,1,,188,,"1,129,397","1,129,397"
Daddy Yankee-UNO QUITAO Y OTRO PUESTO,1,,97,,"1,128,441","1,128,441"
Tyla-Water - Remix,1,,195,,"1,127,732","1,127,732"
Bon Iver-666 ʇ,3,,125,,"465,634","1,127,648"
Anitta-Faking Love,1,,95,,"1,127,558","1,127,558"
Migos-Birthday,1,,112,,"1,127,430","1,127,430"
Daddy Yankee-LEGENDADDY,1,,98,,"1,125,953","1,125,953"
Eros Ramazzotti-Cosas De La Vida,1,,198,,"1,125,410","1,125,410"
Ninho-OG,1,,119,,"1,125,242","1,125,242"
Código FN-Mood Malandro,1,,197,,"1,125,006","1,125,006"
Meat Loaf-I'd Do Anything For Love (But I Won't Do That) - Single Edit,1,,86,,"1,123,499","1,123,499"
Rihanna-Pon de Replay,1,,173,,"1,122,642","1,122,642"
Gunna-livin wild,1,,100,,"1,122,351","1,122,351"
The Beatles-Blackbird - Remastered,4,,166,,"423,839","1,121,879"
Daddy Yankee-Zum Zum,2,,193,,"580,445","1,121,518"
Mora-COMO HAS ESTAU?,1,,180,,"1,121,333","1,121,333"
Brent Faiyaz-HEAL YOUR HEART (INTERLUDE),1,,110,,"1,119,662","1,119,662"
Summer Walker-Throw It Away,1,,91,,"1,119,566","1,119,566"
Mumford & Sons-Cold Arms,5,,118,,"259,642","1,118,951"
Morat-506,1,,127,,"1,118,663","1,118,663"
One Direction-They Don't Know About Us,1,,90,,"1,118,494","1,118,494"
The Beatles-Eleanor Rigby - Remastered 2009,3,,129,,"502,523","1,118,266"
Damso-Ρ. DOSE,1,,74,,"1,116,961","1,116,961"
Muse-Dead Inside,5,,135,,"241,320","1,115,693"
NF-CAREFUL,1,,163,,"1,115,040","1,115,040"
BM-M.A - Remix,1,,191,,"1,114,430","1,114,430"
Mumford & Sons-Ditmas,5,,119,,"257,725","1,113,778"
Mora-EIVISSA,1,,184,,"1,113,364","1,113,364"
Kesha-Hymn,2,,131,,"603,815","1,113,250"
Young Thug-Stressed,1,,101,,"1,112,466","1,112,466"
Migos-Vaccine,1,,115,,"1,112,155","1,112,155"
Dave-In The Fire,1,,97,,"1,110,989","1,110,989"
The Beatles-Love Me Do - Remastered 2009,4,,122,,"313,318","1,110,377"
One Direction-Kiss You,1,,94,,"1,107,773","1,107,773"
KayBlack-Melhor Só,1,,200,,"1,106,782","1,106,782"
Nicki Minaj-Get On Your Knees,6,,117,,"226,677","1,106,268"
Big Sean-Same Time Pt. 1,2,,138,,"589,007","1,106,073"
Gunna-south to west,1,,103,,"1,105,080","1,105,080"
Red Hot Chili Peppers-Californication,4,,176,,"306,605","1,104,783"
Kane Brown-Heaven,2,,179,,"587,309","1,104,639"
Niall Horan-Flicker,2,,144,,"633,030","1,104,598"
Louane-Avenir,5,,163,,"245,846","1,104,400"
Pop Smoke-Back Door,1,,105,,"1,103,367","1,103,367"
Carrie Underwood-Something in the Water,8,,161,,"150,784","1,101,527"
Charli xcx-Good Ones,1,,124,,"1,101,480","1,101,480"
NATTAN-Amor Na Praia,1,,192,,"1,101,237","1,101,237"
Andy Williams-The First Noël,1,,181,,"1,101,227","1,101,227"
Sfera Ebbasta-Gangang,1,,112,,"1,100,342","1,100,342"
Kings of Leon-Reverend,3,,124,,"462,489","1,100,315"
Pusha T-Dreamin Of The Past,1,,85,,"1,100,266","1,100,266"
Imagine Dragons-Mouth Of The River,2,,138,,"628,374","1,100,093"
Lil Uzi Vert-Demon High,1,,99,,"1,099,725","1,099,725"
MC Tuto-Do Job,1,,177,,"1,099,676","1,099,676"
Lil Pump-D Rose,2,,146,,"615,082","1,099,428"
Shawn Mendes-305,1,,128,,"1,098,549","1,098,549"
BTS-Fire,1,,143,,"1,098,148","1,098,148"
Kygo-Woke Up in Love,1,,125,,"1,097,633","1,097,633"
Ninho-Arme de poing,1,,126,,"1,095,923","1,095,923"
Dave-System,1,,99,,"1,095,296","1,095,296"
Chris Brown-High End,2,,134,,"646,127","1,095,289"
Ariana Grande-worst behavior,1,,89,,"1,095,078","1,095,078"
Bon Iver-715 - CR∑∑KS,3,,148,,"408,805","1,095,039"
Playboi Carti-Place,1,,195,,"1,094,800","1,094,800"
Khalid-9.13,1,,89,,"1,094,556","1,094,556"
Humberto & Ronaldo-Não Fala Não pra Mim,2,,180,,"560,658","1,093,399"
Future-HiTek Tek,1,,83,,"1,092,963","1,092,963"
Shawn Mendes-Intro,1,,133,,"1,091,461","1,091,461"
Doja Cat-Celebrity Skin,1,,104,,"1,091,350","1,091,350"
Shawn Mendes-Always Been You,1,,134,,"1,091,266","1,091,266"
Coldplay-Champion Of The World,1,,77,,"1,089,801","1,089,801"
Tate McRae-don't come back,1,,117,,"1,089,390","1,089,390"
RAF Camora-Wenn du mich siehst,1,,104,,"1,089,273","1,089,273"
Norah Jones-It's Not Christmas 'Til You Come Home - Recorded At Spotify Studios NYC,1,,196,,"1,088,492","1,088,492"
Shindy-Im Schatten der Feigenbäume,1,,93,,"1,088,488","1,088,488"
Bruno Mars-Finesse,3,,155,,"425,280","1,088,289"
Robin Schulz-Yellow,5,,169,,"248,303","1,088,279"
Charli xcx-Beg For You,1,,97,,"1,087,923","1,087,923"
mgk-born with horns,1,,115,,"1,087,872","1,087,872"
Lana Del Rey-Tulsa Jesus Freak,1,,100,,"1,086,616","1,086,616"
Halsey-Not Afraid Anymore,2,,108,,"649,602","1,086,390"
One Direction-Live While We're Young,1,,96,,"1,086,285","1,086,285"
DaBaby-NASTY,1,,83,,"1,085,445","1,085,445"
Eminem-Tone Deaf,1,,130,,"1,084,071","1,084,071"
T.I.-New National Anthem,8,,148,,"151,920","1,083,512"
Lady Gaga-Hey Girl,3,,128,,"454,242","1,082,089"
Imagine Dragons-Yesterday,2,,141,,"620,546","1,081,710"
Future-POA,2,,134,,"615,574","1,079,366"
P!nk-Whatever You Want,2,,179,,"550,858","1,078,464"
Pop Smoke-Merci Beaucoup,1,,108,,"1,077,851","1,077,851"
Bryson Tiller-Somethin Tells Me,2,,160,,"569,181","1,076,947"
The Beatles-A Hard Day's Night - Remastered 2009,3,,122,,"510,290","1,076,777"
Avril Lavigne-Love It When You Hate Me,1,,96,,"1,076,628","1,076,628"
Young Thug-Rich Nigga Shit,1,,106,,"1,076,482","1,076,482"
Martin Garrix-Drown,1,,96,,"1,076,384","1,076,384"
A Boogie Wit da Hoodie-Water (Drowning Pt. 2),1,,198,,"1,075,640","1,075,640"
Future-BACK TO THE BASICS,1,,117,,"1,075,569","1,075,569"
A$AP Rocky-Max B,4,,105,,"319,955","1,075,057"
Quevedo-YANKEE,1,,196,,"1,073,424","1,073,424"
gins&melodies-Babaero,1,,198,,"1,073,198","1,073,198"
Summer Walker-Reciprocate,1,,101,,"1,072,988","1,072,988"
A$AP Rocky-Wavybone,4,,104,,"320,390","1,072,817"
Bring Me The Horizon-DiE4u,1,,108,,"1,072,605","1,072,605"
Marracash-IO,1,,115,,"1,072,349","1,072,349"
Lil Wayne-Believe Me,8,,166,,"145,147","1,071,123"
Quavo-HUNCHO DREAMS,1,,81,,"1,070,622","1,070,622"
Michael Jackson-Beat It - Single Version,2,,188,,"610,962","1,070,536"
Maiara & Maraisa-A Culpa É Nossa - Ao Vivo,1,,191,,"1,070,250","1,070,250"
Jojo Maronttinni-Que Tiro Foi Esse,2,,178,,"590,151","1,068,898"
Wham!-Wake Me up Before You Go-Go,2,,78,,"653,249","1,067,324"
The Beatles-Something - Remastered 2009,3,,151,,"437,039","1,066,838"
Damso-Υ. 2 DIAMANTS,1,,78,,"1,065,800","1,065,800"
Lorde-Fallen Fruit,1,,111,,"1,064,787","1,064,787"
Juice WRLD-Juice WRLD Speaks,1,,132,,"1,064,251","1,064,251"
Diddy-Another One Of Me,1,,187,,"1,064,036","1,064,036"
Brent Faiyaz-GHETTO GATSBY (FEAT. ALICIA KEYS),1,,124,,"1,062,923","1,062,923"
Teto-Flow Espacial,1,,177,,"1,062,835","1,062,835"
Gunna-idk that bitch,1,,110,,"1,062,487","1,062,487"
Ty Dolla $ign-Love U Better,2,,148,,"613,102","1,062,097"
Polo G-Heart of a Giant,1,,124,,"1,061,704","1,061,704"
The xx-Lips,2,,115,,"617,365","1,060,874"
Don Toliver-Euphoria,1,,114,,"1,060,011","1,060,011"
Lil Baby-Belly (Lil Baby & Gunna),1,,92,,"1,059,863","1,059,863"
BROCKHAMPTON-BANKROLL,1,,119,,"1,059,600","1,059,600"
The xx-I Dare You,2,,111,,"633,263","1,059,585"
Future-High Demand,2,,144,,"583,177","1,058,577"
Troy Ave-Doo Doo,7,,176,,"167,733","1,057,984"
Pop Smoke-8-Ball,1,,112,,"1,057,865","1,057,865"
Audioslave-Show Me How to Live,2,,138,,"581,375","1,057,703"
The 1975-Tonight (I Wish I Was Your Boy),1,,93,,"1,056,842","1,056,842"
Mora-TU SABES DONDE VIVO,1,,199,,"1,056,548","1,056,548"
G-Eazy-Breakdown,1,,110,,"1,056,088","1,056,088"
Logic-Celebration,1,,119,,"1,055,920","1,055,920"
Future-Million Dollar Play,1,,107,,"1,055,684","1,055,684"
Polo G-Broken Guitars,1,,125,,"1,055,330","1,055,330"
Lil Baby-In A Minute,1,,155,,"1,055,256","1,055,256"
Marracash-PAGLIACCIO,1,,119,,"1,054,971","1,054,971"
Trippie Redd-Demon Time,1,,113,,"1,054,477","1,054,477"
The Weeknd-Nothing Compares - Bonus Track,1,,77,,"1,053,892","1,053,892"
Bryson Tiller-Stay Blessed,2,,167,,"557,669","1,053,277"
Damso-Τ. CHIALER,1,,82,,"1,053,244","1,053,244"
Ninho-No Life,1,,132,,"1,053,053","1,053,053"
Eminem-Book of Rhymes,1,,139,,"1,052,979","1,052,979"
DJ Khaled-PARTY,1,,148,,"1,052,872","1,052,872"
Lil Baby-Ready,1,,101,,"1,052,756","1,052,756"
Lil Yachty-the BLACK seminole.,1,,200,,"1,052,688","1,052,688"
Bonez MC-Taxi,1,,151,,"1,052,124","1,052,124"
Trippie Redd-Super Cell,1,,115,,"1,051,682","1,051,682"
Daddy Yankee-HOT,1,,124,,"1,050,380","1,050,380"
Marracash-CRAZY LOVE,1,,123,,"1,049,646","1,049,646"
Shawn Mendes-Song For No One,1,,142,,"1,049,391","1,049,391"
Demi Lovato-Really Don't Care,5,,50,,"346,755","1,049,380"
Lil Baby-From Now On,1,,161,,"1,049,350","1,049,350"
TOMORROW X TOGETHER-0X1=LOVESONG (I Know I Love You) feat. Seori,1,,89,,"1,048,823","1,048,823"
Booba-GP,1,,97,,"1,046,926","1,046,926"
Juice WRLD-Demonz,1,,96,,"1,046,168","1,046,168"
Polo G-Don’t Play,1,,135,,"1,045,651","1,045,651"
Blanche-City Lights,2,,138,,"538,212","1,045,578"
A$AP Rocky-Brotha Man,1,,89,,"1,045,431","1,045,431"
Mac Miller-Here We Go,1,,115,,"1,045,102","1,045,102"
Damso-COEUR EN MIETTES,1,,95,,"1,044,931","1,044,931"
Doja Cat-Imagine,1,,127,,"1,044,851","1,044,851"
The xx-A Violent Noise,2,,118,,"607,192","1,042,448"
Marilyn Manson-This Is Halloween,2,,96,,"793,624","1,041,735"
Juice WRLD-Juice WRLD Speaks 2,1,,136,,"1,041,510","1,041,510"
Damso-Ο. OG,1,,84,,"1,041,441","1,041,441"
"Stray Kids-3RACHA (Bang Chan, Changbin, HAN)",1,,153,,"1,041,371","1,041,371"
Roddy Ricch-thailand,1,,126,,"1,040,325","1,040,325"
Gunna-you & me,1,,112,,"1,040,011","1,040,011"
KSI-Number 2,1,,117,,"1,038,314","1,038,314"
Avicii-What Would I Change It To,2,,141,,"589,871","1,038,214"
Lil Baby-How,1,,105,,"1,037,656","1,037,656"
Kendrick Lamar-untitled 01 | 08.19.2014.,3,,94,,"413,420","1,037,380"
Halsey-Ashley,1,,133,,"1,036,558","1,036,558"
Marshmello-Too Much,1,,101,,"1,036,556","1,036,556"
Lorde-Secrets from a Girl (Who's Seen it All),1,,119,,"1,036,329","1,036,329"
Jessie Ware-Meet Me In The Middle,6,,167,,"194,061","1,036,128"
ZWE1HVNDXR-LOVELY BASTARDS,1,,194,,"1,035,750","1,035,750"
Louis Tomlinson-Out of My System,1,,171,,"1,035,438","1,035,438"
The Game-100,5,,147,,"244,200","1,035,374"
Ninho-Vérité,1,,136,,"1,035,199","1,035,199"
PNL-Cœurs,1,,120,,"1,034,856","1,034,856"
RAF Camora-Zukunft,1,,120,,"1,034,519","1,034,519"
Polo G-Go Part 1,1,,132,,"1,033,891","1,033,891"
"Post Malone-New Recording 12, Jan 3, 2020",1,,142,,"1,032,303","1,032,303"
The Weeknd-Missed You - Bonus Track,1,,80,,"1,032,225","1,032,225"
Twenty One Pilots-Tear in My Heart,5,,142,,"222,782","1,031,845"
Busta Rhymes-Look Over Your Shoulder,1,,115,,"1,031,844","1,031,844"
Future-Touch The Sky,1,,88,,"1,031,388","1,031,388"
Daddy Yankee-ZONA DEL PERREO,1,,127,,"1,030,663","1,030,663"
Marracash-NEMESI,1,,127,,"1,030,480","1,030,480"
Lady Gaga-Fun Tonight - Pabllo Vittar Remix,1,,137,,"1,030,421","1,030,421"
Don Toliver-XSCAPE,1,,104,,"1,030,290","1,030,290"
Bon Iver-29 #Strafford APTS,3,,154,,"362,647","1,029,807"
A Boogie Wit da Hoodie-Say A',2,,165,,"578,712","1,029,527"
Future-I'm so Groovy,2,,163,,"548,495","1,029,298"
mgk-god save me,1,,128,,"1,029,077","1,029,077"
Rita Ora-Big,1,,96,,"1,028,550","1,028,550"
Migos-What The Price,2,,133,,"570,133","1,027,930"
David Guetta-Let's Love,1,,92,,"1,027,783","1,027,783"
Pop Smoke-Spoiled,1,,123,,"1,027,395","1,027,395"
Future-THE WAY THINGS GOING,1,,128,,"1,027,370","1,027,370"
Bryson Tiller-I'm Ready For You,1,,126,,"1,026,892","1,026,892"
The Kid LAROI-STILL CHOSE YOU,1,,109,,"1,026,115","1,026,115"
Shubh-Still Rollin,1,,197,,"1,025,851","1,025,851"
Major Lazer-Titans,1,,109,,"1,025,819","1,025,819"
Demi Lovato-SKIN OF MY TEETH,1,,159,,"1,025,135","1,025,135"
Dave-We're All Alone,1,,110,,"1,023,135","1,023,135"
Central Cee-One Up,1,,178,,"1,021,746","1,021,746"
Shawn Mendes-Look Up At The Stars,1,,150,,"1,021,505","1,021,505"
Kygo-Dancing Feet,1,,105,,"1,021,251","1,021,251"
Mel & Kim-Rockin' Around The Christmas Tree,4,,87,,"362,134","1,020,372"
Aitana-Los Ángeles,1,,196,,"1,020,207","1,020,207"
blackbear-gfy,1,,129,,"1,019,918","1,019,918"
Baby Keem-trademark usa,1,,119,,"1,019,836","1,019,836"
Chris Brown-Wrist,4,,172,,"283,717","1,019,792"
Meat Loaf-Paradise By the Dashboard Light,1,,110,,"1,019,703","1,019,703"
Jesy Nelson-Boyz,1,,107,,"1,019,672","1,019,672"
Band Aid 30-Do They Know It's Christmas? - 2014,1,,162,,"1,019,409","1,019,409"
Young Stoner Life-Paid the Fine,1,,109,,"1,019,259","1,019,259"
Lauv-Tattoos Together,1,,139,,"1,018,783","1,018,783"
Alan Walker-Fake A Smile,1,,103,,"1,018,701","1,018,701"
Damso-SENTIMENTAL,1,,99,,"1,018,582","1,018,582"
Zara Larsson-Only You,2,,152,,"573,763","1,017,505"
Shawn Mendes-Piece Of You,1,,152,,"1,017,461","1,017,461"
Trippie Redd-They Afraid Of You,1,,89,,"1,016,847","1,016,847"
"The Beatles-Hello, Goodbye - Remastered 2009",3,,153,,"444,820","1,016,044"
mgk-drug dealer,1,,133,,"1,015,457","1,015,457"
Post Malone-Cooped Up / Return Of The Mack,1,,193,,"1,012,568","1,012,568"
Kid Cudi-love.,1,,145,,"1,011,429","1,011,429"
Sfera Ebbasta-6 AM,1,,128,,"1,011,357","1,011,357"
Trippie Redd-Love Sick,1,,90,,"1,011,273","1,011,273"
The Kid LAROI-OVER YOU,1,,115,,"1,011,272","1,011,272"
PNL-Shenmue,1,,124,,"1,010,939","1,010,939"
BTS-Butter (Hotter Remix),1,,102,,"1,010,235","1,010,235"
Lady Gaga-911 - Charli XCX & A. G. Cook Remix,1,,142,,"1,010,149","1,010,149"
Solange-Cranes in the Sky,3,,174,,"338,489","1,009,918"
Future-My Collection,2,,159,,"556,683","1,009,589"
"Pritam-What Jhumka ? (From ""Rocky Aur Rani Kii Prem Kahaani"")",1,,193,,"1,009,456","1,009,456"
Stray Kids-CHILL,1,,162,,"1,008,678","1,008,678"
Tame Impala-Tomorrow's Dust,1,,129,,"1,007,930","1,007,930"
Jack Harlow-Face Of My City,1,,167,,"1,007,832","1,007,832"
Orelsan-La Quête,1,,133,,"1,007,723","1,007,723"
Tarkan-Geççek,1,,117,,"1,007,472","1,007,472"
aespa-Girls,1,,147,,"1,007,378","1,007,378"
Ed Sheeran-Be Right Now,1,,123,,"1,006,933","1,006,933"
Childish Gambino-Terrified,2,,125,,"601,224","1,006,009"
Drake-Club Paradise,1,,97,,"1,005,693","1,005,693"
Rammstein-Armee der Tristen,1,,135,,"1,005,028","1,005,028"
Stray Kids-Lonely St.,1,,123,,"1,004,905","1,004,905"
The 1975-I'm In Love With You,1,,160,,"1,004,838","1,004,838"
Halsey-3am,1,,143,,"1,004,137","1,004,137"
Tierry-Rita,1,,92,,"1,003,958","1,003,958"
Justin Bieber-Beautiful Love - Free Fire,1,,164,,"1,002,841","1,002,841"
Calvin Harris-New Money,1,,128,,"1,002,258","1,002,258"
Sia-Courage to Change,1,,118,,"1,001,115","1,001,115"
Muse-Won’t Stand Down,1,,116,,"1,000,919","1,000,919"
Miike Snow-Genghis Khan,4,,184,,"266,675","1,000,736"
John Mayer-Shouldn't Matter but It Does,1,,134,,"1,000,650","1,000,650"
BTS-Permission to Dance (Instrumental),1,,113,,"999,771","999,771"
NAYEON-NO PROBLEM (Feat. Felix of Stray Kids),1,,147,,"999,294","999,294"
CRO-BLESSED,1,,110,,"998,915","998,915"
Eslabon Armado-SI SUPIERAS,1,,156,,"997,338","997,338"
Dreamville-Stick,1,,119,,"994,576","994,576"
Eminem-Guns Blazing,1,,159,,"994,277","994,277"
Lana Del Rey-Freak,4,,113,,"329,348","993,795"
Trippie Redd-Leray,1,,91,,"993,607","993,607"
The Chainsmokers-iPad,1,,116,,"993,456","993,456"
"John Legend-Baby, It's Cold Outside",1,,185,,"993,330","993,330"
Pusha T-Rock N Roll,1,,120,,"992,967","992,967"
Orelsan-Shonen,1,,140,,"991,816","991,816"
Agust D-Honsool,1,,100,,"991,709","991,709"
Alicia Keys-So Done,1,,106,,"991,419","991,419"
Bryson Tiller-Things Change,1,,132,,"991,338","991,338"
The Beatles-Something - Remastered,4,,156,,"256,133","991,111"
BROCKHAMPTON-SUGAR (Remix),1,,142,,"990,985","990,985"
Ufo361-Rich Rich,1,,116,,"990,211","990,211"
The Cranberries-Dreams,1,,76,,"989,265","989,265"
Summer Walker-You Don’t Know Me,1,,111,,"989,134","989,134"
Major Lazer-Hell and High Water,1,,111,,"988,953","988,953"
Lana Del Rey-If You Lie Down With Me,1,,121,,"988,130","988,130"
Screamin' Jay Hawkins-I Put a Spell on You,1,,175,,"987,652","987,652"
Demi Lovato-Kingdom Come,4,,125,,"308,657","987,445"
Twenty One Pilots-Never Take It,1,,129,,"987,424","987,424"
Polo G-Fame & Riches,1,,140,,"986,670","986,670"
Van Halen-Panama - 2015 Remaster,1,,103,,"986,139","986,139"
Tom Petty and the Heartbreakers-Christmas All Over Again,1,,167,,"985,942","985,942"
Conan Gray-Telepath,1,,131,,"984,310","984,310"
Katy Perry-Electric,1,,121,,"984,156","984,156"
Ed Sheeran-One Life,1,,141,,"983,595","983,595"
Hozier-Nina Cried Power,1,,86,,"983,191","983,191"
Eminem-Favorite Bitch,1,,161,,"983,079","983,079"
Red Hot Chili Peppers-Under the Bridge,3,,186,,"477,518","980,896"
Big Sean-Sunday Morning Jetpack,2,,163,,"516,230","980,851"
Trippie Redd-Never Change,1,,124,,"980,621","980,621"
Calvin Harris-New To You,1,,157,,"980,613","980,613"
Felipe e Rodrigo-Média Boa - Ao Vivo,1,,153,,"980,133","980,133"
Ariana Grande-main thing,1,,110,,"980,085","980,085"
Logic-Thank You (ft. Lucy Rose & The RattPack),1,,119,,"979,778","979,778"
Saint Levant-Very Few Friends,1,,188,,"979,289","979,289"
Twenty One Pilots-Mulberry Street,1,,134,,"979,172","979,172"
Kygo-Never Really Loved Me,1,,136,,"978,374","978,374"
Nicky Romero-Lighthouse,5,,173,,"212,303","978,239"
Avicii-Ain't A Thing ( feat. Bonn),1,,112,,"977,771","977,771"
Foo Fighters-The Pretender,1,,130,,"977,171","977,171"
Kendrick Lamar-untitled 08 | 09.06.2014.,3,,106,,"381,141","976,168"
Juliette-Vixe Que Gostoso,1,,158,,"975,849","975,849"
Don Toliver-5X,1,,120,,"975,361","975,361"
Brent Faiyaz-ROLLING STONE,1,,156,,"974,892","974,892"
Burna Boy-For My Hand,1,,157,,"974,877","974,877"
Future-Oxy,1,,103,,"974,687","974,687"
Damso-Φ. THEVIE RADIO,1,,99,,"974,141","974,141"
RBD-Sálvame,1,,110,,"973,935","973,935"
Migos-What You See,1,,147,,"973,161","973,161"
DJ Snake-Fuego,1,,100,,"973,035","973,035"
Future-Harlem Shake,1,,97,,"972,813","972,813"
Meat Loaf-Bat Out of Hell,1,,118,,"972,742","972,742"
Ozuna-Tiempo,1,,114,,"972,677","972,677"
Meek Mill-Blue Notes 2,1,,161,,"972,573","972,573"
Polo G-Young N Dumb,1,,161,,"972,491","972,491"
Future-Plastic,1,,121,,"972,359","972,359"
Huncho Jack-Where U From,1,,104,,"971,896","971,896"
A Boogie Wit da Hoodie-Thug Love,1,,140,,"971,522","971,522"
Rammstein-PUPPE,1,,120,,"971,336","971,336"
ITZY-LOCO - English Ver.,1,,121,,"971,069","971,069"
Lil Baby-Global,1,,121,,"970,977","970,977"
Stray Kids-Give Me Your TMI,1,,170,,"970,850","970,850"
Kendrick Lamar-untitled 04 | 08.14.2014.,3,,103,,"385,451","970,099"
Owl City-Verge,5,,174,,"199,977","970,058"
The Lumineers-Cleopatra,3,,147,,"353,143","969,430"
Chris Brown-Psychic,1,,160,,"968,989","968,989"
Juliette-Doce,1,,165,,"968,557","968,557"
Rammstein-Angst,1,,144,,"968,395","968,395"
Jonas Brothers-Used To Be,1,,115,,"967,592","967,592"
Logic-Wrist,3,,154,,"384,723","967,247"
A$AP Rocky-Pharsyde,4,,117,,"291,385","967,101"
Jaden-Icon,2,,189,,"488,839","966,838"
OneRepublic-Someday,1,,119,,"966,585","966,585"
Logic-Mama/Show Love,1,,106,,"965,753","965,753"
Stromae-Fils de joie,1,,125,,"964,672","964,672"
John Legend-Have Yourself a Merry Little Christmas,1,,171,,"963,243","963,243"
David Guetta-Family,1,,138,,"962,887","962,887"
Beyoncé-Can You Feel the Love Tonight,1,,119,,"962,768","962,768"
The xx-Replica,2,,133,,"566,221","962,401"
Lil Baby-2040,1,,122,,"962,177","962,177"
Paulo Londra-Nublado,1,,135,,"961,796","961,796"
Hayden James-Something About You,5,,158,,"207,826","959,750"
DaBaby-PROLLY HEARD,1,,114,,"959,633","959,633"
SANTOS-Leere Hände,1,,146,,"959,124","959,124"
KIDS SEE GHOSTS-Kids See Ghosts,1,,89,,"958,848","958,848"
Olivia Newton-John-Hopelessly Devoted To You,1,,140,,"957,816","957,816"
Stormzy-Audacity,1,,134,,"957,039","957,039"
iann dior-V12,1,,139,,"956,567","956,567"
Otto Knows-Back Where I Belong,3,,152,,"368,752","956,260"
The 1975-I Always Wanna Die (Sometimes),1,,125,,"955,805","955,805"
Kendrick Lamar-untitled 06 | 06.30.2014.,3,,107,,"377,500","955,352"
Miley Cyrus-Cattitude,1,,112,,"954,824","954,824"
Polo G-Bloody Canvas,1,,151,,"954,292","954,292"
Lil Baby-Grace,1,,119,,"954,067","954,067"
Brent Faiyaz-WASTING TIME (FEAT. DRAKE & THE NEPTUNES),1,,169,,"953,907","953,907"
Little Mix-Confetti,1,,121,,"953,217","953,217"
Daddy Yankee-EL ABUSADOR DEL ABUSADOR,1,,148,,"953,165","953,165"
Isabel LaRosa-i'm yours sped up,1,,197,,"951,919","951,919"
Lil Nas X-F9mily (You & Me),1,,110,,"951,630","951,630"
Logic-Open Mic\\Aquarius III,1,,135,,"951,439","951,439"
Fifth Harmony-Like Mariah,5,,156,,"206,940","950,988"
Dami Im-Sound of Silence,3,,140,,"340,984","950,034"
Michael Jackson-Smooth Criminal - 2012 Remaster,1,,190,,"949,817","949,817"
Krewella-Somewhere to Run,5,,168,,"209,439","949,542"
Dolly Parton-Islands in the Stream,1,,104,,"949,433","949,433"
Young Thug-Floyd Mayweather,3,,177,,"323,867","949,076"
Lil Baby-Deep End (Lil Baby & Gunna),1,,116,,"948,736","948,736"
Twenty One Pilots-No Chances,1,,143,,"948,716","948,716"
Quavo-GIVE IT TO EM,1,,103,,"948,471","948,471"
Charlie Puth-Loser,1,,182,,"948,404","948,404"
mgk-all I know,1,,131,,"948,215","948,215"
PNL-Menace,1,,136,,"947,643","947,643"
Future-7 Am Freestyle,1,,110,,"947,551","947,551"
The Kid LAROI-SAME ENERGY,1,,135,,"946,862","946,862"
Khalid-Salem's Interlude,1,,111,,"946,528","946,528"
Steve Lacy-Sunshine,1,,172,,"946,528","946,528"
21 Savage-Bad Business,2,,165,,"510,428","945,684"
blackbear-@ my worst,1,,128,,"945,570","945,570"
The xx-Performance,2,,142,,"550,490","945,141"
Ozzy Osbourne-It's A Raid,1,,129,,"943,818","943,818"
mgk-title track,1,,133,,"943,531","943,531"
2 Chainz-Watch Out,4,,191,,"253,711","943,323"
Ufo361-Games,1,,117,,"943,078","943,078"
Doja Cat-Alone,1,,150,,"942,629","942,629"
John Mayer-Wild Blue,1,,144,,"942,553","942,553"
Gunna-flooded,1,,130,,"940,569","940,569"
PNL-Zoulou tchaing,1,,140,,"940,383","940,383"
Foo Fighters-The Feast and The Famine,6,,115,,"194,334","940,337"
Lana Del Rey-Wild At Heart,1,,134,,"939,974","939,974"
RIN-DAS RENNEN,1,,89,,"938,639","938,639"
Polo G-So Real,1,,155,,"937,452","937,452"
SCH-Crack,1,,135,,"936,979","936,979"
Lukas Graham-HERE (For Christmas),1,,196,,"936,404","936,404"
Orelsan-Du propre,1,,157,,"935,664","935,664"
Marracash-DUBBI,1,,158,,"935,625","935,625"
KIDS SEE GHOSTS-Feel The Love,1,,93,,"935,620","935,620"
BLOODY VINYL-MACHETE SATELLITE,1,,143,,"935,278","935,278"
Twenty One Pilots-Formidable,1,,147,,"934,596","934,596"
Martin Garrix-Higher Ground,1,,102,,"934,557","934,557"
Eminem-Is This Love ('09),1,,173,,"934,350","934,350"
YUNGBLUD-original me,1,,108,,"933,897","933,897"
blackbear-u love u,1,,133,,"933,635","933,635"
Daft Punk-Around the World,1,,110,,"933,382","933,382"
James Bay-Wild Love,1,,99,,"933,223","933,223"
Childish Gambino-Baby Boy,2,,137,,"553,054","933,080"
Logic-The Glorious Five,1,,126,,"932,263","932,263"
Haftbefehl-Conan x Xenia,1,,98,,"931,295","931,295"
mgk-more than life,1,,194,,"931,165","931,165"
ZAYN-There You Are,1,,128,,"930,721","930,721"
AC/DC-Realize,1,,129,,"930,458","930,458"
Sech-Sal y Perrea - Remix,1,,123,,"930,379","930,379"
ZAYN-Too Much,1,,104,,"930,296","930,296"
Kamferdrops-Jag trodde änglarna fanns,2,,194,,"487,147","929,777"
Dave-Wanna Know Remix,3,,182,,"344,781","929,720"
Bonez MC-Sommer,1,,176,,"929,469","929,469"
Bruno Mars-Love's Train,1,,146,,"929,343","929,343"
Van Halen-Runnin' with the Devil - 2015 Remaster,1,,113,,"929,248","929,248"
Lana Del Rey-Dark But Just A Game,1,,138,,"929,129","929,129"
Nekfeu-Cheum,1,,123,,"928,881","928,881"
Tom Petty-Runnin' Down A Dream,1,,76,,"928,840","928,840"
KSI-No Time,1,,150,,"928,784","928,784"
Logic-man i is,1,,143,,"927,925","927,925"
Drake-Draft Day,1,,112,,"927,811","927,811"
A$AP Rocky-Kids Turned Out Fine,1,,115,,"927,252","927,252"
Trippie Redd-Negative Energy,1,,127,,"927,123","927,123"
Rammstein-SEX,1,,130,,"926,457","926,457"
Damso-BPM,1,,121,,"926,259","926,259"
Lil Baby-Crush A Lot,1,,133,,"925,986","925,986"
Loredana-Rosenkrieg,1,,137,,"925,801","925,801"
Nicki Minaj-Itty Bitty Piggy,1,,135,,"925,185","925,185"
TOOL-7empest,1,,131,,"923,777","923,777"
Tory Lanez-Beauty In The Benz,1,,101,,"923,752","923,752"
G-Eazy-Provide,1,,130,,"923,598","923,598"
XoMusic-MERCEDES,1,,172,,"923,455","923,455"
Marracash-COSPLAYER,1,,162,,"923,208","923,208"
Polo G-For the Love of New York,1,,161,,"922,494","922,494"
Lil Tecca-CHOPPA SHOOT THE LOUDEST,1,,132,,"922,296","922,296"
PNL-Kuta ubud,1,,143,,"922,291","922,291"
MACHETE-MAMMASTOMALE,1,,117,,"922,287","922,287"
Madonna-Medellín,1,,107,,"922,248","922,248"
Agust D-Dear my friend,1,,112,,"921,575","921,575"
Foo Fighters-Learn to Fly,1,,145,,"921,056","921,056"
P!nk-All I Know So Far,1,,132,,"920,835","920,835"
Tove Lo-Influence,2,,96,,"577,521","920,512"
Foo Fighters-Making A Fire,1,,133,,"920,439","920,439"
Internet Money-JETSKI,1,,131,,"920,378","920,378"
Eslabon Armado-DOS MORRITAS,1,,174,,"920,361","920,361"
Childish Gambino-3005,7,,178,,"141,103","919,906"
Meek Mill-Check,4,,125,,"263,109","919,697"
Troye Sivan-Take Yourself Home,1,,96,,"919,529","919,529"
Brent Faiyaz-FYTB (FEAT. JOONY),1,,182,,"919,467","919,467"
Agust D-Interlude : Set me free,1,,113,,"918,867","918,867"
Conan Gray-Disaster,1,,177,,"918,720","918,720"
Tame Impala-On Track,1,,152,,"918,285","918,285"
ROSALÍA-BULERÍAS,1,,155,,"918,279","918,279"
mgk-kiss kiss,1,,143,,"918,131","918,131"
Anitta-Poquito,1,,145,,"917,921","917,921"
Daddy Yankee-BOMBÓN,1,,164,,"917,868","917,868"
Stray Kids-SUPER BOARD,1,,194,,"917,751","917,751"
Aaliyah-Poison,1,,167,,"917,594","917,594"
Nekfeu-Les étoiles vagabondes,1,,126,,"917,471","917,471"
Russ-Losin Control,2,,190,,"478,887","917,308"
Anuel AA-Somo o No Somos,1,,115,,"916,929","916,929"
KSI-Cap,1,,114,,"916,697","916,697"
Future-One Of My,1,,111,,"915,840","915,840"
Halsey-The Tradition,1,,136,,"915,388","915,388"
Andrew Andraos-Amazing Grace,1,,183,,"915,291","915,291"
Bryson Tiller-Inhale,1,,150,,"913,845","913,845"
Tungevaag-Springfield,5,,191,,"193,015","913,144"
Luciano-PEPPERMINT,1,,132,,"913,038","913,038"
Charlie Puth-Patient,1,,112,,"912,892","912,892"
Lil Baby-Forever,1,,127,,"912,764","912,764"
Nicki Nicole-Sabe,1,,151,,"911,738","911,738"
Ufo361-LOW LIFE,1,,144,,"911,491","911,491"
Lewis Capaldi-One,1,,136,,"911,102","911,102"
Polo G-Zooted Freestyle,1,,163,,"910,970","910,970"
Polo G-Losses,1,,164,,"910,896","910,896"
Carín León-La Boda Del Huitlacoche - Live,1,,188,,"910,022","910,022"
Lil Wayne-Funeral,1,,129,,"909,626","909,626"
System Of A Down-Genocidal Humanoidz,1,,136,,"908,732","908,732"
mgk-fake love don't last,1,,168,,"908,458","908,458"
Metallica-Now That We’re Dead,2,,117,,"540,807","908,437"
Ninho-RER D,1,,183,,"908,279","908,279"
Porter Robinson-Everything Goes On,1,,188,,"907,802","907,802"
Juliette-Sei Lá,1,,184,,"907,719","907,719"
Fedez-Prima di ogni cosa,1,,111,,"906,995","906,995"
Pabllo Vittar-K.O.,2,,175,,"464,553","906,750"
Apache 207-Vodka,1,,131,,"906,543","906,543"
The Cranberries-Ode To My Family,1,,88,,"906,509","906,509"
Grupo F1rmo-Cada Quien,1,,179,,"906,498","906,498"
Damso-Ψ. PASSION,1,,116,,"906,293","906,293"
Shiva-Pensando a lei,1,,160,,"906,241","906,241"
Shirin David-Be a Hoe/Break a Hoe,1,,153,,"906,147","906,147"
RBD-Solo Quédate En Silencio,1,,124,,"906,122","906,122"
A$AP Rocky-Hun43rd,1,,122,,"905,894","905,894"
"Stray Kids-Muddy Water (Changbin, Hyunjin, HAN, Felix)",1,,162,,"905,567","905,567"
Kim Loaiza-Bye Bye,1,,123,,"905,364","905,364"
ZAYN-Calamity,1,,141,,"905,262","905,262"
Samra-Berlin,1,,148,,"905,090","905,090"
John Mayer-Carry Me Away,1,,121,,"904,926","904,926"
Don Toliver-Way Bigger,1,,139,,"904,866","904,866"
Calibre 50-Si Te Pudiera Mentir,1,,113,,"904,848","904,848"
Trippie Redd-Can't Love,1,,133,,"904,502","904,502"
ZAYN-Outside,1,,142,,"903,633","903,633"
Gunna-World Is Yours (Lil Baby & Gunna),1,,130,,"903,590","903,590"
Jonas Brothers-Every Single Time,1,,131,,"903,223","903,223"
Spice Girls-Wannabe,1,,188,,"902,377","902,377"
Clean Bandit-Higher,1,,136,,"902,152","902,152"
Pusha T-Brambleton,1,,144,,"902,108","902,108"
Young Thug-Just How It Is,1,,109,,"901,960","901,960"
Kacey Musgraves-simple times,1,,150,,"901,918","901,918"
Shindy-Tiffany,1,,148,,"901,833","901,833"
Vicente Fernández-Mujeres Divinas,1,,135,,"901,518","901,518"
Pashanim-Kleiner Prinz,1,,189,,"901,241","901,241"
DaBaby-AMAZING GRACE,1,,106,,"900,823","900,823"
Chance the Rapper-All We Got,2,,175,,"451,285","900,763"
iann dior-shots in the dark,1,,140,,"900,559","900,559"
Juice WRLD-Syphilis,1,,129,,"900,434","900,434"
Maes-Distant,1,,163,,"900,433","900,433"
Big Sean-Inspire Me,2,,181,,"474,163","900,202"
Paulo Londra-Noche de Novela,1,,181,,"900,119","900,119"
Twenty One Pilots-Redecorate,1,,161,,"900,075","900,075"
ScHoolboy Q-Gang Gang,1,,121,,"899,757","899,757"
Trippie Redd-Finish Line,1,,150,,"899,708","899,708"
Future-Rocket Ship,1,,129,,"899,669","899,669"
SANNI-Että mitähän vittua,3,,150,,"304,983","899,458"
Tame Impala-Is It True,1,,158,,"899,437","899,437"
Foo Fighters-Best of You,1,,160,,"898,715","898,715"
DaBaby-THERE HE GO,1,,128,,"898,553","898,553"
Zé Vaqueiro-Letícia,1,,115,,"898,359","898,359"
Luciano-Nacht zu kurz,1,,120,,"898,062","898,062"
mgk-mainstream sellout,1,,176,,"898,020","898,020"
A$AP Rocky-Lost and Found Freestyle 2019,1,,177,,"897,817","897,817"
A$AP Rocky-Sandman,1,,157,,"897,613","897,613"
James Blunt-You're Beautiful,3,,150,,"438,771","896,936"
Azet-B.L.F.L.,1,,142,,"896,858","896,858"
Summer Walker-Toxic,1,,146,,"896,533","896,533"
The Drifters-White Christmas,2,,177,,"567,485","896,268"
Shirin David-Fliegst Du mit,1,,142,,"896,266","896,266"
Dreamville-LamboTruck,1,,124,,"895,773","895,773"
Gryffin-You Were Loved,1,,151,,"895,461","895,461"
Migos-Roadrunner,1,,170,,"894,969","894,969"
Summer Walker-Circus,1,,147,,"894,847","894,847"
Damso-911,1,,128,,"894,743","894,743"
Big Sean-Play No Games,4,,108,,"259,671","894,640"
"Stray Kids-Waiting For Us (Bang Chan, Lee Know, Seungmin, I.N)",1,,165,,"894,522","894,522"
CORPSE-POLTERGEIST!,1,,154,,"894,519","894,519"
KC Rebell-GEHT NICH GIBS NICH,1,,116,,"894,129","894,129"
Feid-XQ Te Pones Así,1,,186,,"892,666","892,666"
Miley Cyrus-Party Up The Street,1,,129,,"891,748","891,748"
Danna Paola-XT4S1S,1,,173,,"891,478","891,478"
Bryson Tiller-Sorrows,1,,157,,"891,357","891,357"
A$AP Rocky-Rich Nigga Problems,1,,134,,"891,064","891,064"
David Guetta-If You Really Love Me (How Will I Know),1,,137,,"890,810","890,810"
Summer Walker-Unloyal,1,,149,,"890,189","890,189"
Tove Lo-Talking Body - Gryffin Remix,5,,166,,"196,536","889,637"
Jennifer Lopez-Pa Ti,1,,147,,"889,515","889,515"
Rod Wave-Street Runner,1,,149,,"888,934","888,934"
Juice WRLD-ON GOD,1,,134,,"888,930","888,930"
Shindy-Mandarinen,1,,191,,"888,870","888,870"
Gunna-GIMMICK,1,,118,,"888,667","888,667"
Mata-JESTEM POJ384NY,1,,187,,"888,659","888,659"
Future-Temptation,1,,132,,"888,614","888,614"
Joshua Bassett-Lie Lie Lie,1,,145,,"888,543","888,543"
Lorde-The Man with the Axe,1,,158,,"888,525","888,525"
TOMORROW X TOGETHER-Trust Fund Baby,1,,145,,"888,142","888,142"
Drake-Jodeci Freestyle,1,,122,,"888,057","888,057"
One Direction-One Thing,1,,127,,"886,850","886,850"
Juliette-Benzin,1,,192,,"886,501","886,501"
Maroon 5-Sugar - Remix,4,,105,,"253,405","886,365"
Jonas Brothers-Love Her,1,,136,,"886,348","886,348"
Brent Faiyaz-ADDICTIONS (FEAT. Tre' Amani),1,,195,,"886,090","886,090"
Twenty One Pilots-Bounce Man,1,,165,,"885,774","885,774"
SSIO-Hash Hash,1,,133,,"885,617","885,617"
Lil Durk-Finesse Out The Gang Way,1,,143,,"885,608","885,608"
ROSALÍA-MOTOMAMI,1,,167,,"884,476","884,476"
Damso-D'JA ROULÉ,1,,130,,"883,753","883,753"
Brent Faiyaz-Dead Man Walking,1,,196,,"883,684","883,684"
R3HAB-Flames,1,,111,,"883,321","883,321"
Neil Diamond-Sweet Caroline,1,,101,,"882,931","882,931"
RBD-Rebelde,1,,130,,"882,187","882,187"
John Legend-A Good Night,1,,103,,"882,113","882,113"
Salmo-ANTIPATICO,1,,140,,"882,103","882,103"
ROSALÍA-G3 N15,1,,170,,"881,620","881,620"
Charli xcx-Used To Know Me,1,,172,,"881,302","881,302"
Anitta-Tócame,1,,135,,"880,533","880,533"
Isaiah Rashad-From The Garden,1,,145,,"880,404","880,404"
BLANCO-Notti In Bianco,1,,162,,"880,102","880,102"
Kings of Leon-WALLS,2,,114,,"512,784","879,791"
Purple Disco Machine-Hypnotized,1,,192,,"879,683","879,683"
Gunna-MOTW,1,,123,,"879,324","879,324"
YG-FDT,1,,137,,"879,139","879,139"
Young Thug-Sup Mate,1,,115,,"878,253","878,253"
Meek Mill-Intro (Hate On Me),1,,143,,"877,299","877,299"
Khalid-Alive,1,,155,,"877,271","877,271"
Future-Hard To Choose One,1,,122,,"877,078","877,078"
Daniel Caesar-LOVE AGAIN,1,,133,,"876,859","876,859"
John Travolta-You're The One That I Want,1,,173,,"876,757","876,757"
Brett Eldredge-Christmas Time Is Here,1,,187,,"876,732","876,732"
Trippie Redd-Fire Starter,1,,141,,"876,686","876,686"
Joji-Mr. Hollywood,1,,150,,"876,140","876,140"
Eminem-Higher,1,,198,,"876,050","876,050"
Christian Nodal-Girasol,1,,191,,"875,711","875,711"
ABBA-Little Things,1,,158,,"875,412","875,412"
Lil Durk-Petty Too,1,,153,,"875,254","875,254"
Alan Walker-Lost Control,1,,142,,"875,243","875,243"
Martin Garrix-Dreamer,1,,117,,"875,026","875,026"
Gzuz-Verkackt,1,,166,,"874,967","874,967"
PARTYNEXTDOOR-NOTHING LESS,1,,138,,"874,784","874,784"
Kelly Clarkson-Wrapped in Red,1,,188,,"874,193","874,193"
Big Sean-Why Would I Stop?,1,,133,,"873,872","873,872"
Angèle-Démons,1,,196,,"873,832","873,832"
Ty Dolla $ign-Purple Emoji,1,,135,,"873,480","873,480"
Christina Aguilera-Accelerate,1,,120,,"873,350","873,350"
Future-Posted With Demons,1,,124,,"873,342","873,342"
TOMORROW X TOGETHER-Thursday's Child Has Far To Go,1,,149,,"873,218","873,218"
WATTS-Feels,1,,151,,"873,126","873,126"
Jonas Brothers-Rollercoaster,1,,141,,"873,040","873,040"
Mike WiLL Made-It-The Mantra,1,,123,,"872,651","872,651"
Summer Walker-Constant Bullshit,1,,159,,"872,557","872,557"
Trippie Redd-This Ain't That,1,,122,,"872,437","872,437"
Stars Music Chile-Marisola,1,,198,,"872,389","872,389"
Gzuz-Wenn ich will,1,,159,,"872,038","872,038"
Feid-Lady Mi Amor,1,,197,,"871,579","871,579"
Mumford & Sons-Beloved,1,,124,,"871,329","871,329"
Trippie Redd-Hate Me,1,,124,,"870,641","870,641"
Mike WiLL Made-It-Nothing Is Promised,3,,196,,"299,756","870,430"
Booba-Bonne journée,1,,152,,"870,096","870,096"
Marracash-LAUREA AD HONOREM,1,,187,,"869,957","869,957"
David Bowie-Moonage Daydream - 2012 Remastered Version,2,,80,,"494,577","869,563"
Booba-RST,1,,153,,"869,421","869,421"
Ufo361-NO HUGS,1,,150,,"869,272","869,272"
Future-Realer N Realer,1,,127,,"868,306","868,306"
Pharrell Williams-Entrepreneur,1,,133,,"868,301","868,301"
Tom Petty and the Heartbreakers-American Girl,1,,84,,"868,276","868,276"
John Mayer-Why You No Love Me,1,,178,,"868,122","868,122"
Bryson Tiller-Timeless Interlude,1,,163,,"867,961","867,961"
Lil Nas X-Rodeo,1,,140,,"867,581","867,581"
Slipknot-Critical Darling,1,,117,,"867,435","867,435"
Vicente Fernández-Aca Entre Nos,1,,147,,"867,226","867,226"
Kehlani-Toxic,1,,110,,"866,771","866,771"
Alan Walker-Sweet Dreams,1,,179,,"866,739","866,739"
Kanye West-Siiiiiiiiilver Surffffeeeeer Intermission,3,,186,,"303,690","866,401"
Maes-Dybala,1,,174,,"866,308","866,308"
Ninho-Aïcha,1,,200,,"866,212","866,212"
Wiz Khalifa-Hot Now,1,,112,,"866,023","866,023"
Coldplay-My Universe - Instrumental,1,,161,,"866,006","866,006"
AC/DC-Shot In The Dark,1,,138,,"865,677","865,677"
Summer Walker-Insane,1,,164,,"865,654","865,654"
mgk-5150,1,,188,,"865,195","865,195"
Ellie Goulding-Worry About Me,1,,160,,"864,889","864,889"
Rammstein-RADIO,1,,152,,"864,399","864,399"
Trippie Redd-Sleepy Hollow,1,,139,,"864,376","864,376"
Meghan Trainor-Nice to Meet Ya,1,,145,,"864,344","864,344"
Lil Baby-Who I Want,1,,159,,"864,303","864,303"
21 Savage-pad lock,1,,170,,"863,756","863,756"
KALIM-SKRR,1,,129,,"863,704","863,704"
Loredana-Mit Dir,1,,170,,"863,692","863,692"
Young Thug-Die Slow,1,,164,,"863,632","863,632"
Lil Baby-Same Thing,1,,142,,"863,439","863,439"
Jonas Brothers-Don't Throw it Away,1,,145,,"862,750","862,750"
Gemitaiz-Fuori E Dentro,1,,123,,"862,327","862,327"
Luciano-SCHMETTERLING,1,,151,,"862,164","862,164"
Robyn-Missing U,1,,118,,"862,058","862,058"
J Hus-Did You See,2,,195,,"459,991","861,907"
Lil Baby-I Am (Lil Baby & Gunna),1,,141,,"861,888","861,888"
YUNGBLUD-acting like that,1,,190,,"861,875","861,875"
NAV-Status,1,,111,,"861,863","861,863"
Luciano-KIDS FROM THE BLOCK,1,,172,,"861,845","861,845"
Bring Me The Horizon-medicine,1,,111,,"861,296","861,296"
A Boogie Wit da Hoodie-Me and My Guitar,1,,170,,"861,094","861,094"
Adele-Rumour Has It,1,,170,,"860,603","860,603"
24kGoldn-Prada,1,,158,,"859,445","859,445"
NAV-No Debate,1,,113,,"859,091","859,091"
Rod Wave-Tombstone,1,,165,,"858,726","858,726"
James Bay-Peer Pressure,1,,141,,"858,574","858,574"
Lil Baby-Underdog (Lil Baby & Gunna),1,,142,,"858,217","858,217"
mgk-die in california,1,,192,,"858,159","858,159"
Sia-Heaven Can Wait,1,,140,,"858,117","858,117"
Salmo-RICCHI E MORTI,1,,143,,"857,492","857,492"
21 Savage-good day,1,,171,,"857,246","857,246"
Marvin Divine-Barely Legal 2021,1,,187,,"856,986","856,986"
Little Mix-Holiday,1,,156,,"856,769","856,769"
Daddy Yankee-ENCHULETIAO,1,,193,,"856,747","856,747"
TOOL-Litanie contre la Peur,1,,152,,"856,609","856,609"
BLANCO-Blu Celeste,1,,177,,"855,944","855,944"
Glass Animals-I Don't Wanna Talk (I Just Wanna Dance),1,,178,,"855,804","855,804"
ScHoolboy Q-CrasH,1,,134,,"855,453","855,453"
Russ-GUESS WHAT,1,,149,,"855,371","855,371"
Damso-POUR L'ARGENT,1,,143,,"855,178","855,178"
Destiny-Je me casse,1,,125,,"854,971","854,971"
Pitbull-Messin' Around,3,,190,,"297,558","854,406"
Trippie Redd-Real Feel,1,,133,,"853,930","853,930"
Damso-Χ. ZWAAR,1,,130,,"853,905","853,905"
Capital Bra-UNTER VERDACHT,1,,157,,"853,891","853,891"
Quavo-SHINE,1,,117,,"853,552","853,552"
TOOL-Descending,1,,154,,"853,394","853,394"
Meek Mill-All Eyes On You,2,,65,,"433,815","853,356"
Logic-clickbait,1,,133,,"852,238","852,238"
Joji-777,1,,157,,"851,428","851,428"
Ufo361-Nummer,1,,133,,"850,903","850,903"
Swedish House Mafia-Heaven Takes You Home,1,,147,,"850,690","850,690"
OneRepublic-Didn't I,1,,166,,"850,412","850,412"
Luciano-Sip,1,,176,,"850,243","850,243"
thasup-sw1n6o,1,,122,,"849,202","849,202"
Florence + The Machine-Patricia,1,,128,,"849,107","849,107"
Diplo-Color Blind,1,,104,,"848,410","848,410"
ROSALÍA-LA COMBI VERSACE,1,,185,,"848,334","848,334"
RAF Camora-Vendetta,1,,156,,"848,303","848,303"
Bring Me The Horizon-1x1,1,,158,,"848,159","848,159"
David Bowie-Queen Bitch - 1999 Remastered Version,2,,77,,"501,352","848,090"
Halsey-Bells in Santa Fe,1,,161,,"848,006","848,006"
Britney Spears-Do You Wanna Come Over?,2,,117,,"459,598","847,739"
Roddy Ricch-hibachi,1,,197,,"847,630","847,630"
Trippie Redd-The Way,1,,149,,"847,625","847,625"
Future-Different,1,,134,,"847,580","847,580"
"Tyler, The Creator-Come On, Let's Go",1,,196,,"846,954","846,954"
BROCKHAMPTON-BOY BYE,1,,137,,"846,773","846,773"
NAV-My Business,1,,117,,"846,342","846,342"
Miley Cyrus-Nothing Else Matters,1,,184,,"846,251","846,251"
Lil Baby-On Me (Remix),1,,161,,"845,615","845,615"
RBD-Nuestro Amor,1,,138,,"845,060","845,060"
Migos-Movin' Too Fast,1,,123,,"844,927","844,927"
Chris Brown-Iffy,1,,169,,"844,867","844,867"
Future-F&N,1,,145,,"844,795","844,795"
Kacey Musgraves-justified,1,,165,,"844,691","844,691"
Metro Boomin-Only 1 (Interlude),1,,125,,"843,971","843,971"
TOMORROW X TOGETHER-Lonely Boy (The tattoo on my ring finger),1,,162,,"843,895","843,895"
Lukas Graham-Share That Love,1,,141,,"843,385","843,385"
Miley Cyrus-The Most,1,,138,,"843,346","843,346"
Chris Brown-Zero,4,,177,,"215,375","843,042"
Florence + The Machine-King,1,,171,,"842,986","842,986"
Bastille-Joy,1,,131,,"842,922","842,922"
THE ROOP-Discoteque,1,,132,,"842,722","842,722"
Alan Walker-Man On The Moon,1,,174,,"842,695","842,695"
21 Savage-4L,1,,175,,"842,608","842,608"
PNL-Déconnecté,1,,164,,"842,352","842,352"
Salmo-HO PAURA DI USCIRE,1,,145,,"842,201","842,201"
Herve Pagez-Spicy - with Diplo & Charli XCX,1,,140,,"842,008","842,008"
Baby Keem-issues,1,,191,,"841,947","841,947"
SCH-Grand bain,1,,176,,"841,910","841,910"
XXXTENTACION-Gassed Up!,1,,130,,"841,752","841,752"
Rae Sremmurd-Buckets,1,,127,,"841,747","841,747"
Zedd-Funny,1,,138,,"841,596","841,596"
Capital Bra-Einsam an der Spitze,1,,148,,"841,220","841,220"
dvsn-I Believed It,1,,159,,"841,137","841,137"
Pusha T-Let The Smokers Shine The Coupes,1,,172,,"841,083","841,083"
Avicii-Fades Away,1,,151,,"841,061","841,061"
MACHETE-NO WAY,1,,139,,"840,870","840,870"
Lil Yachty-BOOM!,1,,111,,"840,500","840,500"
ABBA-Just A Notion,1,,176,,"840,145","840,145"
DJ Khaled-BODY IN MOTION,1,,166,,"840,018","840,018"
Salmo-DISPOVERY CHANNEL,1,,146,,"839,962","839,962"
mgk-why are you here,1,,180,,"839,837","839,837"
Run The Jewels-JU$T,1,,111,,"839,395","839,395"
BROCKHAMPTON-NEW ORLEANS,1,,126,,"839,166","839,166"
Shawn Mendes-Can’t Imagine,1,,197,,"838,921","838,921"
Justin Bieber-Lifetime,1,,179,,"838,057","838,057"
Jess Glynne-One Touch,1,,142,,"837,982","837,982"
Major Lazer-Blow That Smoke,1,,137,,"837,748","837,748"
Bryson Tiller-Keep Doing What You're Doing,1,,172,,"837,474","837,474"
NAV-Saint Laurenttt,1,,121,,"836,800","836,800"
Lauv-Sims,1,,138,,"836,650","836,650"
Nekfeu-Alunissons,1,,152,,"836,561","836,561"
SiR-Hair Down,1,,134,,"836,022","836,022"
Keith Urban-One Too Many,1,,150,,"835,522","835,522"
Zé Felipe-Só Tem Eu,1,,133,,"835,306","835,306"
ROSALÍA-DIABLO,1,,189,,"834,316","834,316"
carolesdaughter-Violent,1,,144,,"834,141","834,141"
blink-182-She's Out Of Her Mind,2,,95,,"535,381","834,052"
Lauv-Love Somebody,1,,120,,"833,616","833,616"
Lil Peep-16 Lines,1,,149,,"833,376","833,376"
Lorde-Dominoes,1,,183,,"833,200","833,200"
Logic-Ordinary Day (ft. Hailee Steinfeld),1,,144,,"832,873","832,873"
Khalid-Heaven,1,,168,,"832,728","832,728"
Future-XanaX Damage,1,,153,,"832,656","832,656"
Lil Durk-Stay Down,1,,165,,"832,576","832,576"
Vampire Weekend-Harmony Hall,1,,148,,"831,675","831,675"
Booba-Ultra,1,,172,,"831,642","831,642"
Zara Larsson-Talk About Love,1,,161,,"831,139","831,139"
Big Sean-Harder Than My Demons,1,,145,,"830,878","830,878"
Juice WRLD-Desire,1,,149,,"830,791","830,791"
Samra-365 Tage,1,,124,,"830,642","830,642"
Vicente Fernández-Un Millón de Primaveras,1,,164,,"830,575","830,575"
Ariana Grande-someone like u - interlude,1,,162,,"829,942","829,942"
Ninho-Sans peine,1,,148,,"829,601","829,601"
Maggie Rogers-Love You For A Long Time,1,,141,,"829,561","829,561"
Major Lazer-Lay Your Head On Me,1,,145,,"829,533","829,533"
NLE Choppa-Jumpin,1,,182,,"829,520","829,520"
Playboi Carti-R.I.P.,1,,130,,"829,435","829,435"
OneRepublic-Somebody To Love,1,,139,,"829,144","829,144"
Shirin David-HOES UP G'S DOWN,1,,141,,"829,131","829,131"
mgk-lonely,1,,169,,"828,840","828,840"
Martin Garrix-Home,1,,125,,"828,670","828,670"
Logic-Still Ballin,1,,137,,"828,466","828,466"
Summer Walker-Switch A Nigga Out,1,,184,,"828,410","828,410"
YoungBoy Never Broke Again-Red Eye,1,,155,,"827,954","827,954"
Lil Yachty-TALK TO ME NICE,1,,114,,"827,936","827,936"
Luciano-ELMAS,1,,166,,"827,929","827,929"
Bonez MC-Ja Mann!,1,,152,,"827,630","827,630"
King Von-Took Her To The O,1,,151,,"827,395","827,395"
Future-Shorty,1,,141,,"827,219","827,219"
Gzuz-Paradies,1,,167,,"826,903","826,903"
Marracash-APPARTENGO - Il sangue,1,,145,,"826,881","826,881"
Mr Eazi-Oh My Gawd,1,,136,,"826,626","826,626"
Gzuz-Späti,1,,192,,"826,054","826,054"
thasup-come fa1,1,,132,,"825,923","825,923"
PNL-La misère est si belle,1,,171,,"825,860","825,860"
Conan Gray-Jigsaw,1,,179,,"825,859","825,859"
NAV-Run It Up,1,,126,,"825,667","825,667"
GIVĒON-For Tonight,1,,183,,"825,097","825,097"
Clinton Kane-CHICKEN TENDIES,1,,167,,"824,317","824,317"
The Beatles-Help! - Remastered 2009,3,,124,,"307,402","823,890"
Lazza-PIOVE,1,,188,,"823,765","823,765"
Mac Miller-Wings,1,,112,,"823,686","823,686"
MERO-Wie Buffon,1,,140,,"823,340","823,340"
Logic-Wannabe,1,,139,,"823,319","823,319"
Taylor Swift-it’s time to go - bonus track,1,,165,,"823,248","823,248"
Winterland Big Band-Christmas (Baby Please Come Home),3,,101,,"353,757","823,216"
Chase Atlantic-OHMAMI,1,,195,,"823,076","823,076"
Ninho-La vivance,1,,152,,"822,784","822,784"
Lil Peep-Leanin',1,,153,,"822,761","822,761"
Drake-I Get Lonely,1,,142,,"822,246","822,246"
Beck-Dreams,4,,143,,"234,470","821,723"
The Police-Every Breath You Take - Remastered 2003,1,,148,,"821,595","821,595"
Ninho-Paris c'est magique,1,,154,,"821,558","821,558"
Sebastian Yatra-Traicionera - Remix,2,,193,,"413,639","821,447"
A$AP Rocky-Changes,1,,145,,"821,445","821,445"
ScHoolboy Q-Dangerous,1,,140,,"821,086","821,086"
Slipknot-Nero Forte,1,,138,,"821,009","821,009"
Killer Mike-Don't Die,1,,108,,"820,955","820,955"
Christina Aguilera-Fall In Line,1,,126,,"820,660","820,660"
Quavo-CHAMPAGNE ROSÉ,1,,126,,"820,643","820,643"
Summer Walker-My Affection,1,,147,,"820,286","820,286"
Avicii-Never Leave Me,1,,157,,"820,031","820,031"
Jess Glynne-Thursday,1,,127,,"819,438","819,438"
Logic-DadBod,1,,166,,"819,317","819,317"
Lil Baby-Still Runnin,1,,177,,"819,266","819,266"
Pusha T-Come Back Baby,1,,146,,"819,203","819,203"
Capital Bra-Aventador,1,,176,,"818,857","818,857"
The Weeknd-Final Lullaby - Bonus Track,1,,134,,"818,819","818,819"
Bonez MC-NIEMALS UNTER 1000,1,,176,,"818,468","818,468"
Mike WiLL Made-It-What That Speed Bout!?,1,,165,,"817,346","817,346"
CRO-SYGL,1,,178,,"817,286","817,286"
BROCKHAMPTON-J'OUVERT,1,,130,,"816,879","816,879"
SCH-Fournaise,1,,190,,"816,789","816,789"
Kehlani-Change Your Life,1,,131,,"816,783","816,783"
Bonez MC-Prominent,1,,154,,"816,231","816,231"
Master KG-Shine Your Light,1,,184,,"816,193","816,193"
Trippie Redd-Be Yourself,1,,140,,"815,960","815,960"
The Lumineers-WHERE WE ARE,1,,191,,"815,620","815,620"
benny blanco-I Found You / Nilda’s Story,1,,121,,"815,387","815,387"
Eminem-Venom - Remix,1,,182,,"815,372","815,372"
Lorde-Big Star,1,,192,,"815,146","815,146"
ScHoolboy Q-5200,1,,143,,"815,137","815,137"
21 Savage-letter 2 my momma,1,,182,,"815,068","815,068"
Reik-Loquita,1,,174,,"814,580","814,580"
Disclosure-Nocturnal,3,,98,,"361,304","814,434"
ABBA-Keep An Eye On Dan,1,,194,,"814,337","814,337"
Avicii-Excuse Me Mr Sir,1,,162,,"814,061","814,061"
Rae Sremmurd-Bedtime Stories,1,,134,,"813,885","813,885"
ZAYN-Sweat,1,,168,,"813,863","813,863"
Booba-VVV,1,,179,,"813,545","813,545"
Lil Tjay-Losses,1,,178,,"813,511","813,511"
Nipsey Hussle-Grinding All My Life,1,,132,,"813,259","813,259"
The 1975-Frail State Of Mind,1,,148,,"813,211","813,211"
Gunna-FEIGNING,1,,144,,"812,787","812,787"
RBD-Ser O Parecer,1,,161,,"812,531","812,531"
Trippie Redd-Bird Shit,1,,124,,"812,141","812,141"
Miksu / Macloud-Frag mich nicht,1,,193,,"812,141","812,141"
187 Strassenbande-Vielen Dank,1,,197,,"812,090","812,090"
Chance the Rapper-We Go High,1,,126,,"812,040","812,040"
Clean Bandit-Mama,1,,159,,"811,986","811,986"
MACHETE-BUD SPENCER - prod. Dade - Low Kidd - Salmo,1,,146,,"811,946","811,946"
R. Kelly-Ignition - Remix,3,,198,,"314,396","811,692"
5 Seconds of Summer-Permanent Vacation,3,,115,,"336,816","811,652"
Solange-Stay Flo,1,,150,,"811,241","811,241"
Takeoff-She Gon Wink,1,,134,,"811,120","811,120"
Salmo-GHIGLIOTTINA,1,,184,,"810,736","810,736"
Quavo-KEEP THAT SHIT,1,,131,,"810,718","810,718"
Jonas Brothers-Hesitate,1,,165,,"810,407","810,407"
Van Halen-Ain't Talkin' 'Bout Love - 2015 Remaster,1,,145,,"810,273","810,273"
Anuel AA-No Llores Mujer,1,,145,,"809,782","809,782"
King Von-The Code,1,,162,,"809,640","809,640"
David Guetta-Pa' La Cultura,1,,151,,"808,568","808,568"
Lauv-Changes,1,,130,,"807,822","807,822"
Future-Bought A Bad Bitch,1,,165,,"807,798","807,798"
Ski Mask The Slump God-LA LA,1,,161,,"807,135","807,135"
Lazza-Gigolò,1,,153,,"807,084","807,084"
Gucci Mane-BiPolar,1,,169,,"806,759","806,759"
Stromae-Invaincu,1,,193,,"806,715","806,715"
Sean Paul-Dynamite,1,,193,,"806,651","806,651"
ABBA-I Can Be That Woman,1,,198,,"806,345","806,345"
ZAYN-Fingers,1,,151,,"806,236","806,236"
Halsey-Easier than Lying,1,,187,,"806,215","806,215"
Panic! At The Disco-The Greatest Show,1,,137,,"805,845","805,845"
Luciano-Trippin’,1,,154,,"805,189","805,189"
Halsey-I HATE EVERYBODY,1,,197,,"804,865","804,865"
Grupo Firme-El Tóxico,1,,136,,"804,765","804,765"
BTS-Trivia 承 : Love,1,,119,,"804,415","804,415"
Bryson Tiller-Next To You,1,,187,,"804,269","804,269"
Nekfeu-Takotsubo,1,,169,,"804,253","804,253"
SEVENTEEN-Rock with you,1,,194,,"804,203","804,203"
Childish Gambino-0.00,1,,125,,"804,034","804,034"
Twenty One Pilots-Leave The City,1,,159,,"804,008","804,008"
Trippie Redd-Supernatural,1,,198,,"803,519","803,519"
Hayley Williams-Simmer,1,,161,,"803,506","803,506"
Aventura-Inmortal,1,,177,,"803,296","803,296"
Apache 207-Sport,1,,196,,"803,053","803,053"
Rammstein-WAS ICH LIEBE,1,,166,,"802,974","802,974"
Big Sean-Single Again,1,,147,,"802,341","802,341"
Janelle Monáe-Make Me Feel,1,,123,,"802,089","802,089"
Major Lazer-Can't Take It From Me,1,,148,,"801,943","801,943"
Alec Benjamin-Oh My God,1,,197,,"801,857","801,857"
Bonez MC-Kompanie,1,,160,,"801,843","801,843"
Nekfeu-Dans l'univers,1,,170,,"801,164","801,164"
Becky G-No Drama,1,,185,,"800,839","800,839"
Olly Alexander (Years & Years)-Sanctify,1,,122,,"800,669","800,669"
Lana Del Rey-The Next Best American Record,1,,170,,"800,030","800,030"
Linkin Park-Points Of Authority,1,,117,,"799,820","799,820"
Salmo-MI SENTO BENE,1,,193,,"799,657","799,657"
Marracash-QUALCOSA IN CUI CREDERE - Lo scheletro,1,,148,,"799,618","799,618"
AFROJACK-Hero,1,,186,,"799,382","799,382"
Don Toliver-You,1,,191,,"799,162","799,162"
Th CDM-Preta do Cabelo Cacheado,1,,175,,"798,984","798,984"
ZAYN-MiNd Of MiNdd (Intro),2,,86,,"495,342","798,978"
Azet-Lelele,1,,187,,"798,854","798,854"
Zac Brown Band-Homegrown,5,,150,,"172,890","798,720"
Ufo361-On Time,1,,152,,"798,638","798,638"
Nekfeu-Elle pleut,1,,171,,"798,518","798,518"
Sia-Saved My Life,1,,135,,"798,276","798,276"
Gunna-MET GALA,1,,151,,"797,812","797,812"
Salmo-SPARARE ALLA LUNA,1,,158,,"797,708","797,708"
Leon Bridges-Inside Friend,1,,123,,"797,681","797,681"
Future-WRLD On Drugs,1,,152,,"797,444","797,444"
Christina Perri-merry christmas darling,3,,155,,"327,924","797,333"
MC Teteu-Black Lança (Catucando Gostosinho),1,,186,,"797,260","797,260"
Pentatonix-Dance of the Sugar Plum Fairy,2,,142,,"422,011","796,532"
Lil Tjay-Born 2 Be Great,1,,165,,"796,464","796,464"
Trei Degete-Time Time,1,,188,,"796,437","796,437"
Marshmello-Proud,1,,148,,"795,841","795,841"
Nat King Cole-The Happiest Christmas Tree,1,,192,,"795,770","795,770"
Booba-Je sais,1,,186,,"795,341","795,341"
Jake Owen-Real Life,4,,182,,"202,967","794,439"
Eno-Kommunikation,1,,178,,"794,366","794,366"
RAF Camora-Guapa,1,,194,,"794,031","794,031"
Sick Luke-DREAM TEAM,1,,199,,"794,006","794,006"
Troye Sivan-The Good Side,1,,121,,"793,989","793,989"
Huncho Jack-Best Man,1,,148,,"793,833","793,833"
Lil Baby-No Sucker,1,,170,,"793,716","793,716"
Meek Mill-Trauma,1,,163,,"793,688","793,688"
Tayrone-Cê Tá Preparada - Ao Vivo,1,,141,,"793,078","793,078"
Troye Sivan-Easy,1,,154,,"793,062","793,062"
Lil Baby-We Should,1,,171,,"792,987","792,987"
Booba-5G,1,,176,,"792,697","792,697"
Sam Smith-Leave Your Lover,4,,124,,"225,598","792,317"
Lil Wayne-Scared of the Dark,1,,166,,"792,097","792,097"
Justin Timberlake-Sauce,1,,123,,"791,979","791,979"
Apache 207-28 Liter,1,,161,,"791,758","791,758"
The Black Keys-Lo/Hi,1,,163,,"791,570","791,570"
Offset-Father Of 4,1,,164,,"791,366","791,366"
Justin Hurwitz-Mia & Sebastian’s Theme,2,,195,,"407,157","791,359"
Meek Mill-Believe,1,,160,,"791,313","791,313"
Samra-Schüsse im Regen,1,,180,,"791,302","791,302"
Drake-Girls Love Beyoncé,1,,150,,"790,950","790,950"
David Guetta-Get Together,1,,191,,"790,922","790,922"
Booba-Azerty,1,,189,,"790,840","790,840"
Ellie Goulding-Slow Grenade,1,,149,,"790,083","790,083"
Sia-Helium (Sia vs. David Guetta & Afrojack),1,,138,,"790,077","790,077"
Gunna-ADDYS,1,,155,,"790,069","790,069"
ZAYN-Tightrope,1,,177,,"789,803","789,803"
Dan + Shay-I Should Probably Go To Bed,1,,162,,"789,715","789,715"
Damso-INTRO,1,,163,,"788,835","788,835"
Gorillaz-Momentary Bliss,1,,174,,"788,712","788,712"
Luciano-Im Plus,1,,155,,"788,694","788,694"
Lil Nas X-Kick It,1,,147,,"788,676","788,676"
ScHoolboy Q-Tales,1,,151,,"788,434","788,434"
Playboi Carti-Love Hurts,1,,140,,"788,379","788,379"
Ed Sheeran-Baby One More Time - Recorded at Spotify Studios New York City,1,,97,,"788,216","788,216"
Salmo-KUMITE,1,,199,,"788,207","788,207"
Freeze corleone-Freeze Raël,1,,154,,"788,104","788,104"
MACHETE-IO PUO',1,,150,,"788,066","788,066"
Shiva-Calmo,1,,168,,"788,015","788,015"
Megan Thee Stallion-Shots Fired,1,,185,,"787,781","787,781"
ZAYN-No Candle No Light,1,,143,,"787,724","787,724"
Ed Sheeran-Antisocial,1,,165,,"787,607","787,607"
Linkin Park-A Place For My Head,1,,120,,"787,506","787,506"
DJ Khaled-SORRY NOT SORRY,1,,196,,"787,385","787,385"
Coldplay-Everyday Life,1,,145,,"787,298","787,298"
Christian Nodal-La Sinvergüenza,1,,188,,"786,876","786,876"
Bastille-Send Them Off!,2,,124,,"447,029","786,817"
ZAYN-When Love's Around,1,,179,,"786,654","786,654"
Ellie Goulding-Flux,1,,157,,"785,963","785,963"
HAIM-Want You Back,1,,106,,"785,912","785,912"
Ufo361-Irina Shayk,1,,175,,"785,727","785,727"
Russ-Missin You Crazy,1,,128,,"785,651","785,651"
Muse-Thought Contagion,1,,117,,"785,564","785,564"
Marracash-QUELLI CHE NON PENSANO - Il cervello,1,,150,,"785,313","785,313"
Taylor Swift-September - Recorded at The Tracking Room Nashville,1,,125,,"785,310","785,310"
Gunna-Wit It,1,,165,,"785,070","785,070"
Logic-One Day (ft. Ryan Tedder),1,,161,,"784,964","784,964"
Morat-Bajo La Mesa,1,,156,,"784,859","784,859"
Lil Yachty-Split/Whole Time,1,,156,,"784,715","784,715"
Rihanna-Sledgehammer,2,,111,,"484,960","784,310"
Booba-Vue sur la mer,1,,192,,"783,883","783,883"
Lana Del Rey-Happiness is a butterfly,1,,182,,"783,313","783,313"
Logic-Vaccine,1,,187,,"783,292","783,292"
Damso-Ω. VIVRE UN PEU,1,,166,,"783,257","783,257"
Bozza-Unbekannt,1,,150,,"782,593","782,593"
Miley Cyrus-High,1,,194,,"781,860","781,860"
Pusha T-Santeria,1,,156,,"781,854","781,854"
MERO-Bogota,1,,160,,"781,783","781,783"
Tusse-Voices,1,,153,,"781,736","781,736"
Bon Iver-Naeem,1,,152,,"781,309","781,309"
Hugo & Guilherme-Coração Na Cama - Ao Vivo,1,,187,,"781,103","781,103"
Nipsey Hussle-Double Up,1,,140,,"781,007","781,007"
Quavo-FUCK 12,1,,138,,"780,745","780,745"
Kelly Clarkson-Christmas Eve - Recorded at Spotify Studios NYC,1,,165,,"780,579","780,579"
A$AP Ferg-New Level,3,,194,,"280,146","780,561"
Damso-ROSE MARTHE'S LOVE,1,,166,,"779,902","779,902"
Charlie Puth-Mother,1,,158,,"779,645","779,645"
Lil Baby-Word On The Street,1,,169,,"779,116","779,116"
Thirty Seconds To Mars-Walk On Water,1,,114,,"779,106","779,106"
Miguel-Coffee (F***ing),4,,172,,"207,532","779,098"
Nekfeu-Menteur menteur,1,,176,,"778,252","778,252"
Rich The Kid-Tic Toc,1,,158,,"778,206","778,206"
Imagine Dragons-Bullet In A Gun,1,,163,,"777,480","777,480"
Dreamville-Oh Wow...Swerve,1,,154,,"777,230","777,230"
Ellie Goulding-Love I’m Given,1,,159,,"777,101","777,101"
Bebe Rexha-Sacrifice,1,,197,,"776,401","776,401"
6ix9ine-TUTU,1,,174,,"776,296","776,296"
Conan Gray-Overdrive,1,,181,,"776,212","776,212"
Halsey-Lilith,1,,198,,"776,212","776,212"
Charlie Charles-Calipso,1,,158,,"776,158","776,158"
David Bowie-I Can't Give Everything Away,2,,93,,"453,260","775,968"
OneRepublic-Wild Life,1,,189,,"775,546","775,546"
Lil Baby-My Jeans (Lil Baby & Gunna feat. Young Thug),1,,166,,"775,468","775,468"
Nekfeu-Voyage léger,1,,179,,"774,927","774,927"
Juice WRLD-Out My Way,1,,170,,"774,439","774,439"
Tove Lo-Glad He's Gone,1,,161,,"774,221","774,221"
Ofenbach-Katchi - Ofenbach vs. Nick Waterhouse,1,,140,,"773,725","773,725"
DaBaby-Masterpiece,1,,184,,"773,702","773,702"
DJ Lucas Beat-ALÔ AMBEV - funk remix,1,,162,,"773,342","773,342"
ZAYN-INTERMISSION: fLoWer,2,,93,,"469,981","772,949"
MERO-Träume werden wahr,1,,162,,"772,902","772,902"
Big Sean-ZTFO,1,,177,,"772,810","772,810"
Trippie Redd-A.L.L.T.Y. 3,1,,165,,"772,644","772,644"
Polo G-Beautiful Pain (Losin My Mind),1,,152,,"772,368","772,368"
Gryffin-OMG,1,,156,,"772,189","772,189"
Morgan Wallen-Outlaw,1,,176,,"771,945","771,945"
Efendi-Mata Hari,1,,156,,"771,763","771,763"
Young Thug-Ecstasy,1,,150,,"771,670","771,670"
Lil Wayne-Mama Mia,1,,184,,"770,955","770,955"
Beck-Blue Moon,3,,83,,"330,477","770,686"
Jonas Brothers-Happy When I'm Sad,1,,180,,"770,528","770,528"
Linkin Park-Invisible,1,,125,,"770,187","770,187"
Rich The Kid-Stuck Together,1,,193,,"769,461","769,461"
Gunna-NASTY GIRL / ON CAMERA,1,,167,,"769,460","769,460"
Justin Timberlake-Higher Higher,1,,135,,"769,418","769,418"
Wiz Khalifa-Contact,1,,161,,"768,878","768,878"
Florence + The Machine-Sky Full Of Song,1,,131,,"768,111","768,111"
Sia-Hey Boy,1,,196,,"768,042","768,042"
Lil Pump-Drop Out,1,,175,,"768,041","768,041"
Aitana-Vas A Quedarte,1,,177,,"767,899","767,899"
Apache 207-Sex mit dir,1,,165,,"767,533","767,533"
PARTYNEXTDOOR-TURN UP,1,,162,,"767,517","767,517"
Trippie Redd-PILL BREAKER,1,,185,,"767,377","767,377"
Rex Orange County-Face To Face,1,,167,,"766,914","766,914"
NAV-To My Grave,1,,171,,"766,415","766,415"
Trippie Redd-Immortal,1,,157,,"765,908","765,908"
Foo Fighters-Arrows,1,,103,,"765,715","765,715"
Future-RACKS BLUE,1,,127,,"765,575","765,575"
Ariana Grande-7 rings,1,,166,,"765,354","765,354"
Bas-Tribe,1,,127,,"764,545","764,545"
Capital Bra-Bye Bye,1,,162,,"764,119","764,119"
Morgan Wallen-Dangerous,1,,183,,"763,943","763,943"
The 1975-People,1,,165,,"763,604","763,604"
HAIM-Gasoline,1,,189,,"763,293","763,293"
Black Eyed Peas-FEEL THE BEAT,1,,135,,"763,231","763,231"
Tyla Yaweh-Tommy Lee,1,,167,,"763,067","763,067"
Beyoncé-Flawless Remix,5,,130,,"182,613","763,058"
Aminé-Woodlawn,1,,162,,"761,730","761,730"
French Montana-Wiggle It,1,,167,,"759,762","759,762"
Jonas Brothers-Strangers,1,,187,,"759,149","759,149"
The Strokes-Selfless,1,,134,,"759,148","759,148"
Lil Yachty-she ready,1,,133,,"758,908","758,908"
Ninho-Jusqu'à minuit,1,,177,,"758,689","758,689"
Luciano-Fendi Drip,1,,191,,"758,571","758,571"
Anuel AA-Ferrari,1,,171,,"758,495","758,495"
TOOL-Legion Inoculant,1,,192,,"758,365","758,365"
thasup-2ollipop,1,,157,,"757,936","757,936"
Juice WRLD-Hide,1,,177,,"757,888","757,888"
James Bay-Bad,1,,165,,"757,766","757,766"
ROSALÍA-Juro Que,1,,194,,"757,746","757,746"
Dermot Kennedy-Better Days,1,,197,,"757,394","757,394"
Lil Yachty-SELF MADE,1,,135,,"757,372","757,372"
Juice WRLD-The Bees Knees,1,,176,,"757,146","757,146"
Panic! At The Disco-One Of The Drunks,1,,131,,"756,964","756,964"
Paramore-Forgiveness,1,,116,,"756,742","756,742"
Daniel Caesar-SUPERPOSITION,1,,166,,"756,271","756,271"
IU-Celebrity,1,,169,,"756,243","756,243"
Logic-5 Hooks,1,,185,,"756,218","756,218"
Trippie Redd-Til The End of Time,1,,163,,"756,115","756,115"
SEVENTEEN-Darl+ing,1,,197,,"755,618","755,618"
Ugly God-Water,2,,197,,"381,675","755,530"
ScHoolboy Q-Drunk,1,,167,,"755,508","755,508"
Logic-Out Of Sight,1,,169,,"755,081","755,081"
NAV-Good Intentions (Intro),1,,148,,"754,912","754,912"
MERO-Désolé,1,,168,,"754,721","754,721"
Zac Brown Band-Chicken Fried,1,,149,,"754,682","754,682"
"A$AP Rocky-Black Tux, White Collar",1,,162,,"754,554","754,554"
Morgan Wallen-Whiskey’d My Way,1,,187,,"754,490","754,490"
Glass Animals-Tangerine,1,,166,,"754,332","754,332"
Shirin David-Orbit,1,,169,,"753,901","753,901"
Fero47-NENENE,1,,188,,"753,790","753,790"
mgk-nothing inside,1,,196,,"753,608","753,608"
5 Seconds of Summer-Red Desert,1,,168,,"753,205","753,205"
Nipsey Hussle-What It Feels Like,1,,191,,"752,993","752,993"
MERO-Mein Kopf,1,,161,,"752,959","752,959"
Guilherme & Benuto-Pulei na Piscina - Ao Vivo,1,,170,,"752,928","752,928"
Anuel AA-Antes y Después,1,,175,,"752,755","752,755"
Sia-I'm Still Here,1,,148,,"752,482","752,482"
Avicii-Dear Boy,1,,140,,"752,218","752,218"
Lil Skies-Nowadays Pt. 2,1,,169,,"751,710","751,710"
Nathan Evans-Wellerman - Sea Shanty,1,,199,,"751,622","751,622"
Charli xcx-Blame It On Your Love,1,,182,,"751,520","751,520"
Juice WRLD-10 Feet,1,,179,,"751,468","751,468"
Jamule-No Comprendo,1,,194,,"750,812","750,812"
Capo Plaza-Demonio,1,,193,,"750,554","750,554"
Halsey-Without Me,1,,162,,"750,487","750,487"
Kehlani-F&MU,1,,152,,"749,889","749,889"
21 Savage-Secret,1,,155,,"749,854","749,854"
Ninho-Jeune Lossa,1,,185,,"749,519","749,519"
RBD-Un Poco De Tu Amor,1,,185,,"749,396","749,396"
2Pac-Keep Ya Head Up,1,,127,,"749,327","749,327"
Frank Ocean-Moon River,1,,131,,"749,295","749,295"
Bebe Rexha-Not 20 Anymore,1,,195,,"749,279","749,279"
Tove Lo-Disco Tits,1,,103,,"749,205","749,205"
Marracash-BODY PARTS - I denti,1,,163,,"749,033","749,033"
Future-Unicorn Purp,1,,174,,"748,878","748,878"
Rich The Kid-Too Gone,1,,110,,"748,822","748,822"
KSI-What You Been On,1,,172,,"748,084","748,084"
Gemitaiz-Esagono,1,,168,,"747,774","747,774"
Ski Mask The Slump God-So High,1,,183,,"746,473","746,473"
Future-Rockstar Chainz,1,,192,,"746,262","746,262"
Madonna-Faz Gostoso,1,,161,,"746,253","746,253"
One Direction-Midnight Memories,1,,167,,"746,191","746,191"
Jawsh 685-Sweet & Sour,1,,187,,"746,130","746,130"
5 Seconds of Summer-Broken Home,3,,158,,"276,945","745,882"
BLACKPINK-Hope Not,1,,195,,"745,730","745,730"
The Kid LAROI-FEEL SOMETHING,1,,193,,"745,677","745,677"
5 Seconds of Summer-Waste The Night,3,,132,,"305,754","745,370"
Future-Please Tell Me,1,,194,,"745,157","745,157"
Joyner Lucas-Will,1,,172,,"744,963","744,963"
Jonas Brothers-Trust,1,,195,,"744,921","744,921"
MERO-Hops,1,,177,,"744,605","744,605"
Dark Polo Gang-PUSSY,1,,154,,"744,541","744,541"
LUDMILLA-Rainha da Favela,1,,173,,"744,290","744,290"
Luciano-Maison,1,,162,,"744,282","744,282"
Linkin Park-From The Inside,1,,131,,"743,887","743,887"
KITSCHKRIEG-International Criminal,1,,190,,"743,005","743,005"
Jonas Brothers-Comeback,1,,197,,"742,973","742,973"
PARTYNEXTDOOR-SPLIT DECISION,1,,177,,"742,801","742,801"
David Bowie-Young Americans (2007 Remastered),2,,100,,"415,556","742,559"
Boef-Tout Est Bon,1,,159,,"742,390","742,390"
Future-Up the River,1,,164,,"742,344","742,344"
Trippie Redd-I Try,1,,163,,"742,162","742,162"
Damso-FAIS ÇA BIEN,1,,179,,"742,159","742,159"
Bring Me The Horizon-mother tongue,1,,171,,"741,890","741,890"
J. Cole-Love Yourz,4,,129,,"212,131","741,605"
Takeoff-Martian - Intro,1,,160,,"740,884","740,884"
Bon Iver-22 (OVER S∞∞N),2,,160,,"389,942","740,836"
The Killers-Blowback,1,,174,,"740,533","740,533"
Green Day-Meet Me on the Roof,1,,194,,"740,020","740,020"
Lil Nas X-Bring U Down,1,,166,,"739,886","739,886"
The 1975-Sincerity Is Scary,1,,140,,"738,496","738,496"
Anderson .Paak-6 Summers,1,,156,,"738,419","738,419"
Juan Gabriel-Abrázame Muy Fuerte,2,,116,,"439,419","738,334"
XXXTENTACION-Looking for a Star,1,,140,,"738,208","738,208"
RBD-Enséñame,1,,192,,"737,990","737,990"
Kid Cudi-Leader Of The Delinquents,1,,132,,"737,828","737,828"
PARTYNEXTDOOR-THE NEWS,1,,179,,"737,731","737,731"
Van Halen-Eruption - 2015 Remaster,1,,178,,"737,671","737,671"
ScHoolboy Q-Lies,1,,173,,"737,610","737,610"
RBD-Este Corazón,1,,193,,"737,225","737,225"
Jaden-Falling For You with Justin Bieber,1,,176,,"737,170","737,170"
Jessie J-Burnin' Up,5,,181,,"162,152","735,805"
Anuel AA-100,1,,200,,"735,631","735,631"
RBD-Aún Hay Algo,1,,195,,"735,311","735,311"
Katy Perry-What Makes A Woman,1,,176,,"735,289","735,289"
Lady Gaga-Sinner's Prayer,2,,137,,"437,046","735,077"
Stray Kids-CHEESE,1,,180,,"735,011","735,011"
KSI-Killa Killa,1,,178,,"734,787","734,787"
Little Nell-Time Warp,1,,188,,"734,396","734,396"
Ludacris-S.O.T.L. (Silence of the Lambs),1,,132,,"734,209","734,209"
Beck-Morning,3,,99,,"284,168","734,134"
Van Halen-Hot for Teacher - 2015 Remaster,1,,180,,"733,750","733,750"
Kelly Clarkson-Love So Soft,1,,110,,"733,078","733,078"
Offset-Tats On My Face,1,,190,,"732,940","732,940"
Bruno Mars-Calling All My Lovelies,2,,164,,"411,013","732,810"
Logic-Pardon My Ego,1,,176,,"732,677","732,677"
Drake-My Side,1,,170,,"732,308","732,308"
Charlie Puth-Girlfriend,1,,147,,"732,096","732,096"
Lil Baby-Realist In It,1,,187,,"732,058","732,058"
Azet-Wenn die Sonne untergeht,1,,180,,"731,797","731,797"
Kontra K-Puste sie weg,1,,182,,"731,337","731,337"
Trippie Redd-I Tried Loving,1,,183,,"730,700","730,700"
XXXTENTACION-Slipknot,1,,142,,"730,566","730,566"
Morgan Wallen-Wonderin’ Bout The Wind,1,,195,,"730,364","730,364"
Lil Peep-IDGAF,1,,184,,"729,929","729,929"
Migos-Work Hard,1,,161,,"729,297","729,297"
Alesso-Midnight,1,,148,,"729,095","729,095"
The 1975-If You’re Too Shy (Let Me Know),1,,152,,"729,073","729,073"
CHVRCHES-Get Out,1,,144,,"728,706","728,706"
Mustard-100 Bands,1,,177,,"728,644","728,644"
Khalid-Eleven,1,,158,,"728,059","728,059"
Slipknot-Birth Of The Cruel,1,,166,,"727,928","727,928"
Carly Rae Jepsen-Party For One,1,,166,,"727,904","727,904"
Zé Neto & Cristiano-Estado Decadente - Acústico,1,,170,,"727,464","727,464"
Fat Les-Vindaloo,1,,158,,"727,463","727,463"
Rammstein-DIAMANT,1,,192,,"727,330","727,330"
Surfaces-Learn To Fly,1,,155,,"726,764","726,764"
Little Mix-Not a Pop Song,1,,193,,"726,393","726,393"
Lil Peep-Hate Me,1,,186,,"726,346","726,346"
Future-Patek,1,,171,,"725,856","725,856"
Maroon 5-This Love,1,,182,,"725,505","725,505"
Future-Too Comfortable,1,,172,,"725,308","725,308"
Majid Jordan-Caught Up,1,,175,,"725,304","725,304"
Linkin Park-Runaway,1,,133,,"724,948","724,948"
MACHETE-GANG! - prod. Strage,1,,172,,"724,491","724,491"
Rammstein-TATTOO,1,,194,,"724,383","724,383"
Migos-Made Men,1,,163,,"723,961","723,961"
DJ Khaled-You Stay,1,,195,,"723,894","723,894"
Luke Combs-Better Together,1,,190,,"723,824","723,824"
Haftbefehl-KMDF,1,,150,,"723,414","723,414"
thasup-occh1 purpl3,1,,176,,"723,099","723,099"
Justin Timberlake-Morning Light,1,,149,,"722,801","722,801"
The Rolling Stones-Living In A Ghost Town,1,,154,,"722,777","722,777"
Morgan Wallen-Only Thing That’s Gone,1,,199,,"722,729","722,729"
Chance the Rapper-Ballin Flossin,1,,155,,"722,646","722,646"
Birdy-Skinny Love,5,,189,,"149,907","722,598"
Zara Larsson-Love Me Land,1,,173,,"722,594","722,594"
Tom Petty and the Heartbreakers-Learning To Fly,1,,110,,"722,368","722,368"
Bonez MC-Von ihnen gelernt,1,,181,,"721,882","721,882"
Ski Mask The Slump God-Far Gone,1,,191,,"721,824","721,824"
Ninho-Big Pac,1,,198,,"721,656","721,656"
Shindy-What's Luv,1,,165,,"721,220","721,220"
Ultimo-22 settembre,1,,161,,"721,029","721,029"
Linkin Park-Shadow Of The Day,1,,135,,"720,882","720,882"
John Denver-Rudolph the Red Nosed Reindeer,2,,70,,"369,364","720,739"
Rammstein-WEIT WEG,1,,200,,"720,376","720,376"
Motörhead-Ace Of Spades,2,,77,,"449,346","720,329"
blackbear-queen of broken hearts,1,,175,,"720,193","720,193"
Lauren Jauregui-More Than That,1,,172,,"719,969","719,969"
Alessia Cara-Trust My Lonely,1,,183,,"719,621","719,621"
Liam Payne-First Time,1,,144,,"719,532","719,532"
Future-Call the Coroner,1,,190,,"719,302","719,302"
Pop Smoke-Welcome To The Party,1,,183,,"719,269","719,269"
Lana Del Rey-Honeymoon,3,,133,,"294,382","719,222"
Dreamville-Swivel,1,,175,,"719,092","719,092"
Alonestar-Raise Em Up - Dance Remix,1,,185,,"718,725","718,725"
"Pink Floyd-Side 1, Pt. 1: Things Left Unsaid",4,,102,,"215,559","718,125"
Future-Ain't Livin Right,1,,176,,"718,044","718,044"
Beyoncé-XO,5,,165,,"157,499","717,941"
Summer Walker-Something Real,1,,175,,"717,870","717,870"
Azet-Fragen,1,,195,,"717,174","717,174"
Danna Paola-No Bailes Sola,1,,176,,"716,580","716,580"
Migos-Danger,1,,147,,"716,349","716,349"
Marracash-SPORT - I muscoli,1,,181,,"716,211","716,211"
Disclosure-Birthday,1,,184,,"716,176","716,176"
Lennon Stella-Summer Feelings,1,,175,,"715,504","715,504"
Matuê-Cogulândia,1,,188,,"715,479","715,479"
NAV-Recap,1,,168,,"715,072","715,072"
Irama-La genesi del tuo colore,1,,170,,"715,033","715,033"
David Guetta-Make It To Heaven,1,,177,,"713,966","713,966"
Gunna-ROCKSTAR BIKERS & CHAINS,1,,190,,"713,807","713,807"
Daft Punk-Something About Us,1,,199,,"713,655","713,655"
Demi Lovato-Ruin The Friendship,1,,120,,"713,290","713,290"
NCT DREAM-Hot Sauce,1,,189,,"713,188","713,188"
Meek Mill-Splash Warning,1,,193,,"713,167","713,167"
Bring Me The Horizon-Follow You,3,,124,,"298,685","713,133"
KSI-Wake Up Call,1,,183,,"713,110","713,110"
The Mowgli's-I'm Good,4,,173,,"187,297","712,245"
Tory Lanez-Pricey & Spicy,1,,153,,"712,159","712,159"
Gentleman-Devam,1,,200,,"712,081","712,081"
Devi Sri Prasad-Srivalli,1,,196,,"711,919","711,919"
Saweetie-Back to the Streets,1,,194,,"711,916","711,916"
The Chainsmokers-Siren,1,,160,,"711,908","711,908"
David Bowie-China Girl - 2002 Remastered Version,2,,117,,"356,307","711,786"
5 Seconds of Summer-Catch Fire,3,,144,,"289,689","711,669"
J-AX-Italiana,1,,163,,"711,493","711,493"
Ed Sheeran-Kiss Me,2,,186,,"361,160","711,434"
Flume-Let You Know,1,,178,,"710,420","710,420"
"The Rolling Stones-Paint It, Black",1,,198,,"709,975","709,975"
Miami Yacine-Intro-Résumé,1,,180,,"709,242","709,242"
Ufo361-Final Fantasy,1,,171,,"709,104","709,104"
Chris Brown-Anyway,2,,104,,"410,722","708,893"
Lil Baby-Anyway,1,,196,,"708,528","708,528"
Morgan Wallen-Livin’ The Dream,1,,197,,"708,185","708,185"
French Montana-Twisted,1,,178,,"707,394","707,394"
ZAYN-Sour Diesel,1,,144,,"707,380","707,380"
Chance the Rapper-Slide Around,1,,161,,"706,626","706,626"
Major Lazer-QueLoQue,1,,196,,"706,612","706,612"
ILLENIUM-In Your Arms,1,,166,,"706,574","706,574"
Lil Yachty-NBAYOUNGBOAT,1,,150,,"706,130","706,130"
Niska-Méchant,1,,193,,"706,008","706,008"
Becky G-Zooted,1,,145,,"705,929","705,929"
Lauv-Love Like That,1,,174,,"705,485","705,485"
LANY-okay,1,,180,,"705,351","705,351"
Samra-Miskin,1,,182,,"705,154","705,154"
Dilsinho-Sogra - Ao Vivo,1,,200,,"705,043","705,043"
Trippie Redd-Elevate & Motivate,1,,193,,"704,795","704,795"
Charli xcx-Gone,1,,182,,"704,748","704,748"
Lil Baby-This Week,1,,199,,"704,584","704,584"
NAV-Faith,1,,156,,"704,091","704,091"
Kevin Gates-Big Gangsta,1,,198,,"704,060","704,060"
The 1975-Be My Mistake,1,,200,,"703,181","703,181"
Logic-Mos Definitely,1,,124,,"701,734","701,734"
Kehlani-Everybody Business,1,,180,,"701,509","701,509"
Florence + The Machine-June,1,,162,,"701,269","701,269"
Panic! At The Disco-The Overpass,1,,147,,"701,234","701,234"
Eric Land-Cidade Inteira,1,,187,,"700,985","700,985"
Shirin David-Nur mit Dir,1,,179,,"700,947","700,947"
Quavo-HOW BOUT THAT?,1,,166,,"700,236","700,236"
Leona Lewis-Collide,1,,167,,"699,765","699,765"
Kehlani-Bad News,1,,181,,"699,595","699,595"
French Montana-Slide,1,,161,,"699,505","699,505"
Drake-Free Spirit,1,,185,,"699,242","699,242"
S1mba-Loose,1,,200,,"699,125","699,125"
Trippie Redd-Loyalty Before Royalty,1,,195,,"698,863","698,863"
"Tyler, The Creator-Where This Flower Blooms",1,,138,,"698,441","698,441"
One Direction-Gotta Be You,1,,181,,"698,419","698,419"
Ed Sheeran-Bloodstream,4,,176,,"180,996","698,114"
Stormzy-Own It,1,,182,,"698,063","698,063"
Bastille-Another Place,1,,185,,"697,663","697,663"
Coez-È sempre bello,1,,185,,"697,014","697,014"
blink-182-Pin the Grenade,1,,184,,"696,456","696,456"
AK AUSSERKONTROLLE-Hood,1,,200,,"696,056","696,056"
Katy Perry-Hey Hey Hey,1,,116,,"695,515","695,515"
Nick Jonas-Find You,1,,122,,"695,461","695,461"
Kesha-Raising Hell,1,,199,,"695,384","695,384"
KSI-Bad Lil Vibe,1,,198,,"695,202","695,202"
P!nk-A Million Dreams,1,,170,,"695,050","695,050"
N.E.R.D-Don't Don't Do It!,1,,161,,"694,960","694,960"
Future-CUDDLE MY WRIST,1,,147,,"694,508","694,508"
Samra-24 Stunden,1,,186,,"694,225","694,225"
Bastille-Quarter Past Midnight,1,,169,,"693,931","693,931"
John Lennon-Imagine - Remastered,2,,106,,"364,726","693,636"
Ir Sais-Dream Girl - Remix,1,,184,,"692,113","692,113"
The Strokes-Bad Decisions,1,,161,,"692,038","692,038"
P!nk-Can We Pretend,1,,190,,"691,914","691,914"
Trippie Redd-U Deserve It,1,,193,,"691,735","691,735"
Migos-Taco Tuesday,1,,183,,"691,369","691,369"
Trippie Redd-All For Me,1,,194,,"691,227","691,227"
Future-No Issue,1,,185,,"691,132","691,132"
Marília Mendonça-Graveto - Ao Vivo,1,,194,,"690,454","690,454"
The 1975-Jesus Christ 2005 God Bless America,1,,180,,"689,715","689,715"
One Direction-More Than This,1,,187,,"689,247","689,247"
Enrique Iglesias-MOVE TO MIAMI,1,,175,,"689,210","689,210"
NERVO-It Feels,4,,179,,"192,187","688,745"
Pabllo Vittar-Flash Pose,1,,190,,"688,392","688,392"
Lil Tecca-Out Of Love,1,,182,,"688,331","688,331"
ZAYN-tRuTh,2,,115,,"407,780","687,816"
thasup-m12ano,1,,193,,"687,717","687,717"
Capital Bra-Kennzeichen B-TK,1,,153,,"687,672","687,672"
KC Rebell-QN,1,,188,,"687,487","687,487"
"Tyler, The Creator-Foreword",1,,141,,"687,479","687,479"
Tory Lanez-Temperature Rising,1,,192,,"687,455","687,455"
Imagine Dragons-Only,1,,200,,"687,028","687,028"
Jonas Brothers-Burnin' Up,1,,199,,"686,991","686,991"
Troye Sivan-Plum,1,,155,,"686,827","686,827"
Lil Yachty-OOPS,1,,157,,"686,454","686,454"
A Boogie Wit da Hoodie-Flood My Wrist,1,,187,,"686,424","686,424"
Gorillaz-Kansas,1,,169,,"686,084","686,084"
Charlie Puth-If You Leave Me Now,1,,134,,"686,041","686,041"
Bing Crosby-What Child Is This/The Holly And The Ivy - Medley / Remastered 2006,2,,161,,"466,116","685,700"
YG-HANDGUN,1,,161,,"685,498","685,498"
Bad Bunny-Estamos Arriba,1,,190,,"685,308","685,308"
The Killers-The Man,1,,124,,"685,059","685,059"
Quavo-LOST,1,,174,,"684,999","684,999"
Beyoncé-Forward,1,,169,,"684,903","684,903"
Panic! At The Disco-Dying In LA,1,,155,,"684,539","684,539"
Linkin Park-She Couldn't,1,,186,,"684,536","684,536"
J Balvin-Cuando Tú Quieras,1,,194,,"684,414","684,414"
Troye Sivan-Seventeen,1,,156,,"684,289","684,289"
Drake-Can I,1,,192,,"684,206","684,206"
Future-Faceshot,1,,200,,"683,956","683,956"
Major Lazer-Make It Hot,1,,198,,"683,935","683,935"
Meek Mill-I Got the Juice,3,,143,,"247,165","683,630"
Sia-Mountains,1,,177,,"683,528","683,528"
YG-Stop Snitchin,1,,192,,"683,454","683,454"
Twenty One Pilots-Heavydirtysoul,3,,107,,"286,983","683,402"
Olly Alexander (Years & Years)-Karma,1,,151,,"683,258","683,258"
The Beatles-Ticket To Ride - Remastered,2,,147,,"452,920","683,243"
ZAYN-lUcOzAdE,2,,117,,"404,004","683,016"
Young Thug-Mannequin Challenge,1,,181,,"682,625","682,625"
Kehlani-Water,1,,190,,"681,892","681,892"
Gucci Mane-Kept Back,1,,169,,"681,499","681,499"
JEON SOMI-What You Waiting For,1,,189,,"681,338","681,338"
Rae Sremmurd-Up In My Cocina,1,,179,,"681,065","681,065"
Johnny Mathis-Blue Christmas,4,,147,,"212,343","679,702"
5 Seconds of Summer-Castaway,3,,181,,"251,706","679,466"
Tom Petty and the Heartbreakers-Mary Jane's Last Dance,1,,120,,"679,465","679,465"
XXXTENTACION-#PROUDCATOWNERREMIX,1,,189,,"679,370","679,370"
Luciano-Yeah,1,,182,,"679,268","679,268"
Lauv-Superhero,1,,157,,"678,315","678,315"
David Bowie-Sound and Vision - 1999 Remastered Version,2,,111,,"381,893","678,264"
MC JottaPê-Sentou e Gostou,1,,183,,"677,929","677,929"
Gzuz-Vor der Tür,1,,188,,"677,873","677,873"
Shirin David-Brillis,1,,191,,"677,725","677,725"
YoungBoy Never Broke Again-Thug Of Spades,1,,169,,"677,716","677,716"
Nicki Minaj-Starships,1,,155,,"677,231","677,231"
Hailee Steinfeld-Wrong Direction,1,,187,,"677,077","677,077"
Gorillaz-Hollywood,1,,174,,"676,845","676,845"
Lil Yachty-SaintLaurentYSL,1,,191,,"676,819","676,819"
Chance the Rapper-I Got You (Always and Forever),1,,176,,"676,467","676,467"
Zé Neto & Cristiano-Bebi Minha Bicicleta (Coração Falido) - Ao Vivo,1,,153,,"675,777","675,777"
James Arthur-You Deserve Better,1,,158,,"675,557","675,557"
Trippie Redd-Throw It Away,1,,187,,"675,439","675,439"
Alessia Cara-Rooting For You,1,,188,,"675,290","675,290"
Dardan-H <3 T E L,1,,191,,"675,074","675,074"
EXO-Obsession,1,,176,,"674,706","674,706"
BTS-Dynamite - Acoustic Remix,1,,169,,"674,276","674,276"
Fedez-Che cazzo ridi,1,,162,,"672,376","672,376"
Jhené Aiko-None Of Your Concern,1,,181,,"672,234","672,234"
Ricky Montgomery-Line Without a Hook,1,,194,,"672,173","672,173"
David Bowie-Ashes to Ashes,2,,113,,"378,801","671,975"
Rich Brian-Attention,1,,168,,"670,987","670,987"
A$AP Rocky-Better Things,3,,136,,"253,872","670,105"
Drake-Paris Morton Music,1,,198,,"669,961","669,961"
Logic-AfricAryaN,1,,134,,"669,286","669,286"
Cheat Codes-Put Me Back Together,1,,154,,"669,244","669,244"
Thirty Seconds To Mars-Love Is Madness,1,,155,,"669,078","669,078"
Bilal Wahib-Tigers,1,,182,,"668,024","668,024"
Lou Monte-Dominick The Donkey (The Italian Christmas Donkey) [With Joe Reisman's Orchestra and Chorus],1,,177,,"667,717","667,717"
XXXTENTACION-RIP Roach,1,,158,,"667,603","667,603"
Charlie Puth-Hard On Yourself,1,,198,,"666,520","666,520"
Capital Bra-Allein,1,,184,,"666,187","666,187"
Young Thug-Light It Up,1,,192,,"665,862","665,862"
Paramore-Rose-Colored Boy,1,,132,,"665,431","665,431"
Meek Mill-Classic,3,,153,,"239,825","664,882"
The Beatles-Penny Lane - Remastered 2009,2,,163,,"425,967","664,547"
BROCKHAMPTON-ST. PERCY,1,,199,,"664,212","664,212"
Tom Odell-Real Love,5,,164,,"147,916","664,162"
U2-You’re The Best Thing About Me,1,,125,,"663,904","663,904"
ZAYN-SHE DON'T LOVE ME,2,,124,,"389,785","663,801"
Damso-Feu de bois,1,,148,,"663,720","663,720"
Fall Out Boy-Young And Menace,1,,138,,"663,535","663,535"
Playboi Carti-Fell In Luv,1,,184,,"663,300","663,300"
Linkin Park-Lying From You,1,,151,,"662,956","662,956"
Nicki Minaj-LLC,1,,156,,"662,917","662,917"
Bing Crosby-Hark! The Herald Angels Sing/It Came Upon A Midnight Clear - Remastered,1,,179,,"662,336","662,336"
Muse-Dig Down,1,,132,,"661,924","661,924"
Louis Tomlinson-Just Like You,1,,128,,"661,817","661,817"
Guè-Borsello,1,,168,,"661,675","661,675"
Major Lazer-Tied Up,1,,196,,"660,451","660,451"
Gorillaz-Charger,1,,139,,"660,037","660,037"
Tory Lanez-DrIP DrIp Drip,1,,200,,"659,766","659,766"
Panic! At The Disco-Old Fashioned,1,,168,,"659,343","659,343"
Joji-NO FUN,1,,181,,"659,073","659,073"
Justin Timberlake-Wave,1,,172,,"658,139","658,139"
Tom Petty and the Heartbreakers-Breakdown,1,,124,,"657,669","657,669"
Bing Crosby-Twelve Days Of Christmas,1,,180,,"657,489","657,489"
Capital Bra-Ich liebe es,1,,192,,"657,250","657,250"
Tory Lanez-10 F*CKS,1,,180,,"656,683","656,683"
Bass Santana-Make Eem Run!,1,,187,,"656,653","656,653"
Florence + The Machine-Big God,1,,179,,"656,403","656,403"
Straight No Chaser-Text Me Merry Christmas,3,,148,,"277,243","656,092"
Phoebe Ryan-Ignition / Do You... (Mashup),3,,125,,"256,316","656,031"
Imagine Dragons-Polaroid,3,,121,,"246,150","655,770"
Gorillaz-Sorcererz,1,,182,,"654,269","654,269"
Muse-Reapers,3,,147,,"222,910","653,970"
A$AP Rocky-West Side Highway,3,,139,,"249,399","653,915"
6LACK-Unfair,1,,173,,"653,668","653,668"
Migos-Top Down On Da NAWF,1,,187,,"653,283","653,283"
Wiz Khalifa-Ocean,1,,178,,"652,567","652,567"
Luke Combs-Six Feet Apart,1,,190,,"651,848","651,848"
Charli xcx-Out Of My Head,1,,167,,"651,261","651,261"
Charli xcx-5 In The Morning,1,,167,,"651,096","651,096"
Tom Petty-You Don't Know How It Feels,1,,127,,"650,401","650,401"
VIC MENSA-16 Shots,1,,177,,"650,377","650,377"
Sam Smith-Pray,1,,149,,"649,913","649,913"
AFROJACK-SummerThing!,3,,146,,"233,093","648,236"
BROCKHAMPTON-THUG LIFE,1,,181,,"647,999","647,999"
Demi Lovato-You Don't Do It For Me Anymore,1,,128,,"647,880","647,880"
Florence + The Machine-South London Forever,1,,188,,"647,879","647,879"
Dark Polo Gang-British,1,,188,,"647,852","647,852"
Nat King Cole-O Tannenbaum,1,,185,,"647,250","647,250"
Polina Gagarina-A Million Voices - Eurovision 2015 - Russia,3,,122,,"234,460","646,540"
XXXTENTACION-Touch Eem Body,1,,190,,"646,319","646,319"
Xantos-Bailame Despacio,2,,190,,"328,066","646,217"
Melanie Martinez-Wheels on the Bus,1,,194,,"645,850","645,850"
Bon Iver-10 d E A T h b R E a s T ⚄ ⚄,2,,198,,"339,185","645,604"
DJ Khaled-I Love You so Much,1,,129,,"645,591","645,591"
BTS-Dynamite - EDM Remix,1,,190,,"645,112","645,112"
David Guetta-Your Love,1,,161,,"645,104","645,104"
Dua Lipa-Lost In Your Light,1,,133,,"644,599","644,599"
Florida Georgia Line-Dirt,5,,178,,"132,307","644,549"
Future-31 DAYS,1,,165,,"644,434","644,434"
ALMA-Phases,1,,136,,"644,384","644,384"
Gorillaz-The Apprentice,1,,143,,"644,296","644,296"
XXXTENTACION-King,1,,167,,"644,233","644,233"
Playboi Carti-Right Now,1,,190,,"644,116","644,116"
Selena Gomez-Survivors,3,,185,,"234,181","643,885"
Linkin Park-Sharp Edges,1,,159,,"643,027","643,027"
Steve Aoki-Be Somebody,1,,169,,"642,567","642,567"
Tedua-Polvere,1,,198,,"642,366","642,366"
Elvis Presley-O Little Town of Bethlehem,1,,187,,"642,285","642,285"
Lil Uzi Vert-Early 20 Rager,1,,153,,"641,980","641,980"
Arcade Fire-Everything Now,1,,137,,"641,852","641,852"
Lil Skies-Creeping,1,,172,,"641,781","641,781"
Lexa-Chama Ela,1,,196,,"640,954","640,954"
Dardan-Coco Mama,1,,187,,"640,298","640,298"
Foo Fighters-T-Shirt,1,,137,,"639,838","639,838"
BROCKHAMPTON-BERLIN,1,,185,,"638,679","638,679"
Bruce Springsteen-Santa Claus Is Comin' to Town - Single Version,2,,108,,"355,538","638,560"
6LACK-Loaded Gun,1,,181,,"637,272","637,272"
Samra-Cataleya,1,,196,,"636,952","636,952"
Joji-CAN'T GET OVER YOU,1,,193,,"636,424","636,424"
Namika-Lieblingsmensch,3,,191,,"216,521","636,202"
The Vamps-Middle Of The Night,1,,148,,"636,084","636,084"
James Brown-Say It Loud - I'm Black And I'm Proud - Pt. 1,1,,183,,"634,974","634,974"
Mac Miller-Perfecto,1,,158,,"634,423","634,423"
Swedish House Mafia-Don't You Worry Child,5,,186,,"136,307","634,400"
ZAYN-BLUE,2,,129,,"378,137","634,235"
Kygo-Never Let You Go,1,,141,,"633,550","633,550"
David Bowie-Oh! You Pretty Things - 1999 Remastered Version,2,,122,,"354,468","633,266"
Tory Lanez-B.I.D,1,,164,,"632,866","632,866"
Peggy Lee-The Christmas Waltz,1,,190,,"631,324","631,324"
MØ-Sun In Our Eyes,1,,187,,"630,915","630,915"
J. Cole-St. Tropez,3,,117,,"229,269","630,378"
Frank Ocean-Provider,1,,138,,"630,067","630,067"
David Bowie-Diamond Dogs - 1999 Remastered Version,2,,124,,"352,121","629,931"
A$AP Rocky-Back Home,3,,145,,"240,000","629,743"
Gzuz-Was erlebt,1,,185,,"629,619","629,619"
Shawn Mendes-Under Pressure,1,,200,,"628,538","628,538"
The Carters-BOSS,1,,170,,"625,557","625,557"
Chance the Rapper-Roo,1,,198,,"625,239","625,239"
Lil Uzi Vert-Malfunction,1,,157,,"624,476","624,476"
6ix9ine-KOODA,1,,176,,"624,067","624,067"
G-Eazy-Love Is Gone,1,,189,,"623,948","623,948"
Bebe Rexha-Ferrari,1,,177,,"623,106","623,106"
Zoe Wees-Control,1,,200,,"623,077","623,077"
j-hope-Daydream (백일몽),1,,168,,"623,057","623,057"
HWASA-Maria,1,,199,,"622,855","622,855"
Kontra K-Sirenen,1,,200,,"621,791","621,791"
John Mayer-Changing,1,,116,,"621,643","621,643"
Red Velvet-Bad Boy,1,,183,,"621,280","621,280"
Guè-Trap Phone,1,,187,,"620,198","620,198"
The Strokes-Eternal Summer,1,,199,,"619,503","619,503"
Big Sean-Big Bidness (& Metro Boomin),1,,179,,"618,978","618,978"
DJ Jazzy Jeff & The Fresh Prince-A Nightmare on My Street,1,,191,,"618,623","618,623"
Wiz Khalifa-Rolling Papers 2,1,,196,,"618,426","618,426"
Common-Glory (From the Motion Picture Selma),3,,118,,"230,758","618,231"
Jonas Blue-We Could Go Back,1,,149,,"618,002","618,002"
Lil Yachty-GET MONEY BROS.,1,,178,,"617,750","617,750"
G-Eazy-Drop,1,,194,,"617,486","617,486"
Sigala-Just Got Paid,1,,190,,"616,394","616,394"
Britney Spears-Private Show,1,,79,,"616,005","616,005"
Nicki Minaj-Hard White,1,,180,,"614,898","614,898"
Jennifer Lopez-Dinero,1,,200,,"614,841","614,841"
Rich The Kid-No Question,1,,161,,"614,680","614,680"
Ariana Grande-I Don't Care,2,,194,,"311,425","613,412"
José José-El Triste,1,,181,,"611,197","611,197"
Linkin Park-Don't Stay,1,,166,,"610,908","610,908"
Trippie Redd-Dark Knight Dummo (Feat. Travis Scott),1,,182,,"610,718","610,718"
Gene Autry-Frosty The Snowman,2,,117,,"335,605","610,484"
Linkin Park-Given Up,1,,167,,"610,089","610,089"
Jack Ü-Take Ü There,3,,110,,"253,185","610,083"
Charles Perry-Stranger To Love,3,,142,,"221,592","609,076"
Stormzy-Cold,1,,141,,"609,035","609,035"
5 Seconds of Summer-Talk Fast,1,,185,,"608,311","608,311"
Muse-Something Human,1,,182,,"608,154","608,154"
MC WM-Fuleragem,1,,190,,"607,175","607,175"
Foo Fighters-Make It Right,1,,151,,"607,070","607,070"
Linkin Park-Halfway Right,1,,169,,"606,878","606,878"
Meghan Trainor-NO EXCUSES,1,,180,,"606,497","606,497"
Young Thug-It's A Slime,1,,196,,"605,658","605,658"
XXXTENTACION-What in XXXTarnation,1,,190,,"605,465","605,465"
Mac Miller-So It Goes,1,,171,,"604,682","604,682"
Gorillaz-Busted and Blue,1,,157,,"604,657","604,657"
Summer Cem-Casanova,1,,194,,"603,534","603,534"
Bring Me The Horizon-MANTRA,1,,169,,"603,289","603,289"
5 Seconds of Summer-Moving Along,1,,190,,"603,089","603,089"
Future-All da Smoke,1,,157,,"601,775","601,775"
Miley Cyrus-Thinkin',1,,150,,"601,568","601,568"
Guilherme & Benuto-3 Batidas,1,,190,,"601,352","601,352"
Trippie Redd-UKA UKA,1,,198,,"600,876","600,876"
Mac Miller-Best Day Ever,1,,174,,"600,695","600,695"
Justin Timberlake-Montana,1,,191,,"600,476","600,476"
The Lumineers-Angela,2,,145,,"328,624","600,406"
Future-Three,1,,158,,"600,089","600,089"
Big Sean-Paradise - Extended,3,,144,,"220,272","599,037"
David Guetta-Hey Mama,4,,149,,"171,061","597,340"
Bryson Tiller-Blowing Smoke,1,,149,,"595,601","595,601"
Tom Petty-Wildflowers,1,,143,,"594,154","594,154"
J. Cole-Hello,3,,127,,"212,874","593,299"
Boef-Sofiane,1,,171,,"592,989","592,989"
5 Seconds of Summer-If Walls Could Talk,1,,194,,"592,705","592,705"
Bruno Mars-Versace On The Floor (Bruno Mars vs. David Guetta),1,,142,,"591,858","591,858"
Jon Henrik Fjällgren-Jag är fri,3,,137,,"221,227","591,508"
USHER-No Limit,2,,193,,"295,802","591,351"
Lil Pump-What U Sayin',1,,155,,"591,018","591,018"
Alesso-Falling,1,,134,,"590,416","590,416"
Tom Petty-You Wreck Me,1,,145,,"590,226","590,226"
Flo Rida-Hola,1,,165,,"589,810","589,810"
LUDMILLA-Verdinha,1,,198,,"588,554","588,554"
Stephanie Poetri-I Love You 3000,1,,183,,"588,281","588,281"
Childish Gambino-Riot,1,,130,,"587,144","587,144"
Green Day-Bang Bang,1,,85,,"586,870","586,870"
Chris Stapleton-Tennessee Whiskey,2,,118,,"296,851","586,766"
Los Ángeles Azules-Nunca Es Suficiente,1,,200,,"586,686","586,686"
BTS-Don't Leave Me,1,,164,,"585,978","585,978"
Seeb-Grip,1,,199,,"585,922","585,922"
Rich The Kid-Lost It,1,,178,,"583,857","583,857"
Swae Lee-Hurt To Look,1,,190,,"582,233","582,233"
David Bowie-The Next Day,2,,129,,"338,518","581,821"
Johnny Cash-The Little Drummer Boy,1,,166,,"581,303","581,303"
Ozuna-Quiero Mas,1,,179,,"580,994","580,994"
Hunter Hayes-Where It All Begins,3,,179,,"197,815","580,767"
Ozuna-Devuelveme,1,,181,,"579,860","579,860"
Linkin Park-CASTLE OF GLASS,1,,175,,"578,628","578,628"
Leonard Cohen-Hallelujah,1,,98,,"578,501","578,501"
"Tyler, The Creator-Sometimes...",1,,176,,"578,218","578,218"
G-Eazy-The Plan,1,,164,,"578,068","578,068"
Ramin Djawadi-Light of the Seven,2,,198,,"294,593","577,569"
"Tyler, The Creator-Pothole",1,,178,,"576,981","576,981"
Galantis-Girls On Boys,1,,163,,"575,093","575,093"
Lauren Jauregui-Expectations,1,,197,,"574,919","574,919"
Diplo-Worry No More,1,,193,,"574,479","574,479"
Lil Pump-Back,1,,169,,"573,598","573,598"
Kollegah-Sturmmaske Auf [Intro],1,,169,,"573,245","573,245"
Ty Dolla $ign-Don't Judge Me,1,,160,,"572,137","572,137"
Demi Lovato-Sexy Dirty Love,1,,171,,"571,929","571,929"
Julia Michaels-Worst In Me,1,,142,,"571,769","571,769"
Jennifer Lopez-El Anillo,1,,186,,"570,907","570,907"
Ty Dolla $ign-Clout,1,,193,,"569,543","569,543"
Maria Mena-Home for Christmas,1,,175,,"569,187","569,187"
RM-seoul (prod. HONNE),1,,197,,"568,099","568,099"
YG-BULLETPROOF,1,,190,,"567,166","567,166"
Bryson Tiller-We Both Know,1,,161,,"566,388","566,388"
Linkin Park-My December,1,,184,,"565,487","565,487"
Katy Perry-Déjà Vu,1,,154,,"564,154","564,154"
Sfera Ebbasta-XNX,1,,196,,"563,811","563,811"
Leonard Cohen-Suzanne,1,,102,,"563,556","563,556"
DENNIS-Malandramente,2,,182,,"308,865","562,955"
Vance Joy-Lay It On Me,1,,150,,"561,369","561,369"
Kay Starr-(Everybody's Waitin' For) The Man With The Bag - Remastered 1996,1,,146,,"561,077","561,077"
Maroon 5-Moves Like Jagger - Studio Recording From The Voice Performance,3,,192,,"197,927","560,989"
Coldplay-Christmas Lights - Live From Spotify London,1,,147,,"560,887","560,887"
Lil Pump-Flex Like Ouu,1,,175,,"560,784","560,784"
MØ-When I Was Young,1,,164,,"560,579","560,579"
Cashmere Cat-Love Incredible,1,,156,,"560,497","560,497"
Chance the Rapper-Wala Cam,1,,199,,"557,934","557,934"
J. Cole-High For Hours,1,,131,,"557,875","557,875"
"Tyler, The Creator-Garden Shed",1,,188,,"557,374","557,374"
LUDMILLA-Din Din Din (Participação especial de MC Pupio e MC Doguinha),1,,200,,"556,160","556,160"
"Emerson, Lake & Palmer-I Believe In Father Christmas",1,,152,,"555,449","555,449"
Pitbull-Por Favor,1,,167,,"555,061","555,061"
Mustard-Whole Lotta Lovin',2,,139,,"307,826","555,012"
Lil Wayne-Nothing but Trouble - Instagram Models,3,,196,,"194,296","553,985"
The xx-Brave For You,1,,141,,"552,481","552,481"
Linkin Park-Waiting For The End,1,,190,,"551,746","551,746"
Coldplay-Army of One,2,,148,,"288,442","551,481"
Sam Hunt-Ex To See,4,,161,,"143,358","549,364"
Robin Schulz-I Believe I'm Fine,1,,168,,"549,233","549,233"
Lil Skies-I Know You,1,,196,,"549,183","549,183"
Mel Tormé-The Christmas Song (Chestnuts Roasting On an Open Fire),1,,154,,"548,507","548,507"
Booba-113,1,,200,,"546,878","546,878"
Future-PIE,1,,165,,"546,764","546,764"
Sam Smith-Not In That Way,3,,147,,"194,971","546,536"
DJ Khaled-Iced Out My Arms,1,,162,,"546,393","546,393"
Gorillaz-We Got The Power,1,,180,,"546,154","546,154"
Imagine Dragons-Dancing In The Dark,1,,163,,"545,965","545,965"
P!nk-For Now,1,,180,,"545,476","545,476"
Lil Pump-Crazy,1,,183,,"545,265","545,265"
Sia-Move Your Body - Single Mix,1,,122,,"545,125","545,125"
Bryson Tiller-Rain On Me (Intro),1,,173,,"543,705","543,705"
Hayley Kiyoko-What I Need,1,,200,,"543,128","543,128"
Nacho-No Te Vas,1,,199,,"542,857","542,857"
Lorde-Liability (Reprise),1,,169,,"542,583","542,583"
Tom Petty and the Heartbreakers-Refugee,1,,166,,"541,013","541,013"
Soundgarden-Spoonman,1,,152,,"540,163","540,163"
Lana Del Rey-Coachella - Woodstock In My Mind,1,,198,,"539,249","539,249"
Little Mix-Hair,2,,114,,"325,546","538,001"
Logic-Waiting Room,1,,180,,"537,625","537,625"
Thomas Rhett-Leave Right Now,1,,169,,"537,126","537,126"
Rich The Kid-Leave Me,1,,198,,"537,042","537,042"
Coldplay-Something Just Like This - Tokyo Remix,1,,161,,"536,933","536,933"
Fall Out Boy-Champion,1,,166,,"536,867","536,867"
DJ Durel-Hot Summer,1,,196,,"536,832","536,832"
MC Kevin o Chris-Medley da Gaiola - Dennis DJ Remix,1,,194,,"536,447","536,447"
Bryson Tiller-You Got It,1,,178,,"536,110","536,110"
Imagine Dragons-I’m So Sorry,3,,165,,"197,278","535,408"
Foo Fighters-La Dee Da,1,,182,,"534,534","534,534"
Martin Garrix-Pizza,1,,196,,"533,449","533,449"
alt-J-In Cold Blood,1,,178,,"533,374","533,374"
Kesha-Let 'Em Talk,1,,157,,"531,101","531,101"
French Montana-Bring Dem Things,1,,158,,"529,946","529,946"
Ty Dolla $ign-Darkside,1,,189,,"529,840","529,840"
Mau y Ricky-Mi Mala - Remix,1,,198,,"529,536","529,536"
Miley Cyrus-Week Without You,1,,187,,"528,412","528,412"
Fifth Harmony-Don't Say You Love Me,1,,199,,"528,382","528,382"
Soundgarden-Fell On Black Days,1,,156,,"527,891","527,891"
Niall Horan-Paper Houses,1,,194,,"527,392","527,392"
Ariana Grande-Wit It This Christmas,2,,191,,"266,820","527,229"
A$AP Mob-Please Shut Up,1,,200,,"526,716","526,716"
Fall Out Boy-Stay Frosty Royal Milk Tea,1,,197,,"526,097","526,097"
Beyoncé-Crazy In Love,3,,161,,"203,020","526,022"
Dido-Christmas Day,1,,196,,"525,921","525,921"
NEIKED-Call Me,1,,187,,"525,651","525,651"
Tom Petty and the Heartbreakers-Don't Do Me Like That,1,,182,,"524,976","524,976"
Bastille-World Gone Mad,1,,192,,"524,915","524,915"
alt-J-Deadcrush,1,,176,,"524,759","524,759"
"Henrique & Juliano-Quem Pegou, Pegou",1,,200,,"524,230","524,230"
Wizkid-Come Closer,1,,185,,"524,151","524,151"
Craig David-I Know You,1,,165,,"523,976","523,976"
Wiz Khalifa-Letterman,1,,195,,"522,777","522,777"
Galantis-True Feeling,1,,165,,"522,752","522,752"
Joey Bada$$-ROCKABYE BABY,1,,184,,"522,713","522,713"
Big Sean-Intro,1,,160,,"522,569","522,569"
Future-200,1,,197,,"521,819","521,819"
George Michael-Jesus to a Child,1,,111,,"521,522","521,522"
Young Thug-Cruise Ship,1,,198,,"520,438","520,438"
Sigrid-Strangers,1,,198,,"519,130","519,130"
Ty Dolla $ign-Ex,1,,194,,"518,102","518,102"
Tyga-Feel Me,1,,135,,"517,848","517,848"
Shawn Mendes-Life Of The Party,4,,172,,"136,164","516,984"
G-Eazy-Calm Down,2,,166,,"275,355","516,462"
Miley Cyrus-I Would Die For You,1,,196,,"516,312","516,312"
Future-Lookin Exotic,1,,171,,"514,881","514,881"
DJ Khaled-It's Secured,1,,179,,"514,324","514,324"
Taylor Swift-Getaway Car,1,,197,,"512,884","512,884"
Coldplay-Everglow - Live From Spotify London,1,,152,,"512,624","512,624"
kent-Egoist,2,,193,,"267,839","512,154"
Mike Perry-Talk About It,1,,170,,"511,903","511,903"
Gorillaz-Carnival,1,,187,,"511,735","511,735"
Little Mix-Is Your Love Enough?,1,,170,,"510,957","510,957"
Bryson Tiller-In Check,1,,196,,"509,827","509,827"
Gucci Mane-Enormous,1,,195,,"508,981","508,981"
Il Volo-Silent Night,2,,145,,"281,759","508,745"
Katy Perry-Roulette,1,,185,,"506,657","506,657"
Austyn Johnson-A Million Dreams (Reprise),1,,191,,"506,561","506,561"
Salmo-Perdonami,1,,172,,"506,361","506,361"
21 Savage-Close My Eyes,1,,168,,"506,221","506,221"
Benjamin Ingrosso-Dance You Off,1,,198,,"504,372","504,372"
DNCE-Kissing Strangers,1,,170,,"502,815","502,815"
Sia-Angel By The Wings,1,,149,,"502,017","502,017"
DJ Khaled-I Can't Even Lie,1,,187,,"501,815","501,815"
Childish Gambino-Stand Tall,1,,150,,"501,768","501,768"
Calvin Harris-Hard to Love,1,,183,,"499,735","499,735"
Sia-Satisfied,1,,118,,"499,514","499,514"
Gryffin-Feel Good,1,,180,,"499,480","499,480"
Tove Styrke-Mistakes,1,,198,,"498,105","498,105"
Elton John-Don't Let The Sun Go Down On Me,1,,119,,"497,964","497,964"
Alicia Keys-Blended Family (What You Do For Love),1,,118,,"497,858","497,858"
DJ Khaled-Down for Life,1,,189,,"497,378","497,378"
Ryan Adams-Bad Blood,2,,133,,"262,263","496,481"
Robin Bengtsson-I Can´t Go On,1,,156,,"492,594","492,594"
Gwen Stefani-Make Me Like You,2,,198,,"247,661","492,486"
Childish Gambino-The Night Me and Your Mama Met,1,,161,,"491,978","491,978"
Iggy Azalea-Mo Bounce,1,,196,,"491,756","491,756"
Gorillaz-She's My Collar,1,,199,,"491,136","491,136"
HAIM-Little Of Your Love - BloodPop® Remix,1,,181,,"488,983","488,983"
Snakehips-Either Way,1,,177,,"487,463","487,463"
Paramore-Fake Happy,1,,196,,"486,290","486,290"
OneRepublic-Future Looks Good,1,,120,,"485,268","485,268"
Migos-Big On Big,1,,164,,"483,686","483,686"
Chance the Rapper-Angels,2,,146,,"280,691","483,539"
Tom Petty-Time To Move On,1,,200,,"483,083","483,083"
Nat King Cole-Deck The Hall - Remastered 1999,1,,188,,"482,856","482,856"
Leonard Cohen-On the Level,1,,123,,"482,482","482,482"
John Mayer-You're Gonna Live Forever in Me,1,,156,,"481,955","481,955"
Niska-Réseaux,1,,195,,"481,429","481,429"
Chuck Berry-Johnny B. Goode,1,,178,,"480,144","480,144"
Future-Outta Time,1,,193,,"477,788","477,788"
Ed Sheeran-Shape of You - Galantis Remix,1,,173,,"477,509","477,509"
Bing Crosby-Here Comes Santa Claus (Right Down Santa Claus Lane) - Single Version,1,,193,,"475,135","475,135"
"Mobb Deep-Shook Ones, Pt. II",1,,183,,"474,779","474,779"
Migos-Deadz,1,,168,,"474,696","474,696"
Audioslave-Cochise,1,,183,,"473,896","473,896"
Bebe Rexha-That's It,1,,177,,"473,530","473,530"
London Grammar-Rooting For You,1,,152,,"472,184","472,184"
The Beatles-Eleanor Rigby - Remastered,2,,170,,"241,000","471,554"
BTS-Skit: Billboard Music Awards Speech,1,,197,,"471,506","471,506"
Kungs-More Mess,1,,183,,"469,560","469,560"
Quality Control-Ice Tray,1,,199,,"468,478","468,478"
Future-Scrape,1,,196,,"467,800","467,800"
Wiz Khalifa-Something New,1,,197,,"467,193","467,193"
Future-Might as Well,1,,197,,"467,070","467,070"
Sigrid-Don't Kill My Vibe,1,,177,,"466,276","466,276"
Chris Cornell-The Promise,1,,187,,"465,922","465,922"
The Killers-Run For Cover,1,,191,,"464,515","464,515"
The Beatles-Can't Buy Me Love - Remastered,2,,171,,"234,559","463,717"
Selena Gomez-Camouflage,2,,171,,"248,718","462,646"
Avicii-So Much Better - Avicii Remix,1,,198,,"462,354","462,354"
Kendrick Lamar-m.A.A.d city,1,,195,,"461,216","461,216"
Wiktoria-As I Lay Me Down,1,,198,,"460,077","460,077"
"Pink Floyd-Side 1, Pt. 2: It's What We Do",3,,135,,"168,354","459,788"
Maroon 5-Happy Christmas (War Is Over),2,,160,,"262,507","459,030"
Snow Patrol-Chasing Cars,1,,186,,"456,936","456,936"
Ryan Adams-Blank Space,2,,146,,"239,793","456,172"
James Blunt-Love Me Better,1,,175,,"455,550","455,550"
Green Day-Still Breathing,1,,131,,"453,326","453,326"
Foo Fighters-Congregation,3,,123,,"183,268","452,442"
Matoma-Heart Won't Forget,1,,176,,"451,215","451,215"
Band Aid-Do They Know It's Christmas?,2,,162,,"258,532","449,924"
James Blake-I Need A Forest Fire,1,,107,,"449,511","449,511"
Missy Elliott-Get Ur Freak On,3,,180,,"158,124","449,177"
Dillon Francis-Anywhere,1,,135,,"448,573","448,573"
Lost Frequencies-Tell Me,2,,148,,"241,801","448,290"
Catey Shaw-Cuddle Up,2,,161,,"258,875","447,904"
Alle Farben-Bad Ideas,1,,195,,"447,598","447,598"
ZHU-Automatic,2,,167,,"243,937","446,443"
Steve Aoki-I Love It When You Cry (Moxoki),2,,125,,"246,871","445,853"
Future-Sorry,1,,188,,"445,137","445,137"
Martin Solveig-+1,2,,191,,"226,166","443,354"
Future-Incredible,1,,194,,"442,038","442,038"
Metallica-Dream No More,1,,150,,"440,753","440,753"
Mark Forster-Chöre,1,,199,,"440,561","440,561"
Future-Extra Luv,1,,197,,"440,146","440,146"
CHVRCHES-Leave A Trace,2,,155,,"237,742","439,189"
Prince-The Song of the Heart,1,,110,,"438,673","438,673"
C. Tangana-Mala Mujer,1,,190,,"438,256","438,256"
Bon Iver-Skinny Love,1,,200,,"437,712","437,712"
Mary J. Blige-Do You Hear What I Hear?,2,,167,,"246,997","437,578"
Hozier-From Eden,3,,192,,"154,238","436,956"
EXO-Ko Ko Bop - Chinese Version,1,,195,,"436,766","436,766"
BTS-Not Today,1,,185,,"436,215","436,215"
Disclosure-Holding On,2,,174,,"234,767","435,615"
Charli xcx-After the Afterparty,1,,134,,"434,976","434,976"
Mr. Probz-Waves feat. Chris Brown & T.I - Robin Schulz Remix,3,,158,,"156,652","433,053"
Future-Use Me,1,,200,,"431,974","431,974"
Migos-All Ass,1,,197,,"430,167","430,167"
"Harry Connick, Jr.-It's Beginning to Look a Lot Like Christmas",2,,176,,"236,345","429,560"
187 Strassenbande-Mit den Jungz,1,,196,,"429,360","429,360"
Demi Lovato-Stone Cold,2,,191,,"227,430","429,216"
Bring Me The Horizon-True Friends,2,,187,,"227,763","428,786"
Kings of Leon-Around The World,1,,136,,"428,620","428,620"
Olly Alexander (Years & Years)-Eyes Shut,2,,196,,"219,498","428,383"
187 Strassenbande-High Life,1,,200,,"425,531","425,531"
OneRepublic-Let's Hurt Tonight,1,,141,,"425,117","425,117"
The Beatles-Day Tripper - Remastered 2015,1,,164,,"424,937","424,937"
Sevyn Streeter-How Bad Do You Want It (Oh Yeah),2,,150,,"226,597","424,489"
The Beatles-In My Life - Remastered 2009,1,,170,,"420,130","420,130"
The xx-Test Me,1,,193,,"418,761","418,761"
Leonard Cohen-Treaty,1,,148,,"418,651","418,651"
The Beatles-Sgt. Pepper's Lonely Hearts Club Band - Remastered,1,,172,,"417,817","417,817"
Adele-Remedy,1,,134,,"414,957","414,957"
Slipknot-The Devil In I,3,,162,,"152,998","412,639"
Beck-Heart Is A Drum,2,,132,,"216,215","411,244"
Emma Stone-Audition (The Fools Who Dream),1,,194,,"409,736","409,736"
The Beatles-Paperback Writer - Remastered 2015,1,,177,,"408,613","408,613"
Nano-Hold On - D&B Version,1,,199,,"408,289","408,289"
Olly Alexander (Years & Years)-Meteorite,1,,150,,"407,763","407,763"
Little Mix-F.U.,1,,144,,"406,761","406,761"
Iggy Azalea-Iggy SZN,3,,177,,"145,360","405,203"
blink-182-Cynical,1,,147,,"403,369","403,369"
Calvin Harris-Faith,3,,170,,"140,263","401,883"
Red Hot Chili Peppers-Goodbye Angels,1,,135,,"401,425","401,425"
DJ Snake-Talk,1,,134,,"400,836","400,836"
The Stone Roses-All For One,1,,135,,"400,416","400,416"
Michael Bublé-Nobody But Me,1,,132,,"399,569","399,569"
Pitbull-Greenlight,1,,141,,"398,949","398,949"
Metallica-Halo On Fire,1,,175,,"398,354","398,354"
Britney Spears-Clumsy,1,,134,,"395,955","395,955"
Bruno Mars-Too Good to Say Goodbye,1,,176,,"395,493","395,493"
Lady Gaga-Come To Mama,1,,154,,"394,685","394,685"
Shawn Mendes-Like This,1,,159,,"392,744","392,744"
Kodak Black-Too Many Years,1,,197,,"390,255","390,255"
The Chainsmokers-#SELFIE,2,,142,,"245,949","389,759"
Steve Angello-Children Of The Wild,2,,167,,"204,046","388,423"
Icona Pop-Brightside,1,,159,,"386,159","386,159"
Gestört aber GeiL-Unter meiner Haut - Radio Mix,2,,196,,"201,521","385,208"
Big Sean-I Know,2,,156,,"204,376","382,308"
PARTYNEXTDOOR-Don't Know How,1,,141,,"381,760","381,760"
D'Angelo-Sugah Daddy,2,,119,,"225,447","381,312"
Mumford & Sons-There Will Be Time,1,,130,,"379,678","379,678"
Elvis Presley-Blue Christmas - Live,1,,94,,"377,687","377,687"
D'Angelo-Ain't That Easy,2,,136,,"189,054","377,531"
Little Mix-You Gotta Not,1,,160,,"373,045","373,045"
Juan Gabriel-Hasta Que Te Conocí,1,,139,,"372,886","372,886"
Mary J. Blige-As,1,,182,,"372,296","372,296"
Lady Gaga-Angel Down,1,,168,,"371,621","371,621"
Gucci Mane-Waybach,1,,155,,"371,100","371,100"
Little Big Town-Girl Crush,2,,179,,"203,728","371,059"
Prince-A Case of You,1,,135,,"370,831","370,831"
Dimitri Vegas & Like Mike-Hey Baby (Dimitri Vegas & Like Mike Vs. Diplo),1,,163,,"370,308","370,308"
Imagine Dragons-Smoke And Mirrors,2,,167,,"196,223","370,126"
John Legend-Penthouse Floor,1,,189,,"370,103","370,103"
Leonard Cohen-If I Didn't Have Your Love,1,,179,,"369,911","369,911"
Leonard Cohen-Leaving the Table,1,,180,,"369,137","369,137"
Beck-Cycle,2,,139,,"202,049","368,199"
Shawn Mendes-Lights On,1,,173,,"367,768","367,768"
Kenny B-Parijs,2,,163,,"183,471","366,899"
Kings of Leon-Over,1,,168,,"366,542","366,542"
Kygo-For What It's Worth,1,,150,,"366,387","366,387"
Red Hot Chili Peppers-The Longest Wave,1,,154,,"364,152","364,152"
Madden-Alive,1,,167,,"363,626","363,626"
De Vet Du-Fy Fan Va Stek,2,,198,,"188,861","363,087"
Galantis-Make Me Feel,1,,161,,"361,077","361,077"
ZAYN-BRIGHT,1,,139,,"357,899","357,899"
Lady Gaga-Grigio Girls,1,,178,,"356,223","356,223"
Cheat Codes-Queen Elizabeth,1,,172,,"356,140","356,140"
"George Michael-Fastlove, Pt. 1",1,,199,,"353,871","353,871"
Nicki Minaj-I Lied,2,,136,,"201,094","353,615"
Alabama Shakes-Don't Wanna Fight,2,,180,,"179,859","352,639"
Zedd-Stay The Night - Featuring Hayley Williams Of Paramore,2,,160,,"220,518","347,804"
Andreas Weise-Christmas Dream,1,,166,,"347,028","347,028"
Marshmello-Ritual,1,,181,,"346,089","346,089"
Faul & Wad-Changes,2,,162,,"216,873","345,230"
blink-182-No Future,1,,179,,"343,434","343,434"
Gucci Mane-No Sleep - Intro,1,,173,,"343,203","343,203"
USHER-Rivals,1,,174,,"342,896","342,896"
Shawn Mendes-Bad Reputation,1,,199,,"342,850","342,850"
Sam Smith-I've Told You Now,2,,162,,"175,781","342,583"
Kungs-I Feel So Bad,1,,192,,"341,178","341,178"
M.I.A.-Paper Planes,1,,191,,"340,901","340,901"
Red Hot Chili Peppers-We Turn Red,1,,166,,"340,357","340,357"
AFROJACK-Gone,1,,178,,"339,933","339,933"
The Fray-How to Save a Life,2,,190,,"187,186","339,098"
Britney Spears-Just Luv Me,1,,175,,"338,866","338,866"
Kent Jones-Alright,1,,177,,"338,383","338,383"
Hardwell-Thinking About You,1,,193,,"338,058","338,058"
Passenger-Anywhere,1,,177,,"336,945","336,945"
blink-182-Home Is Such A Lonely Place,1,,186,,"335,813","335,813"
Nick Jonas-Touch,1,,166,,"335,158","335,158"
Rae Sremmurd-Set The Roof,1,,179,,"335,045","335,045"
A Tribe Called Quest-The Space Program,1,,182,,"334,071","334,071"
Foo Fighters-What Did I Do?/God As My Witness,2,,117,,"194,035","332,621"
Prince-Good Love,1,,163,,"332,377","332,377"
Bastille-Fake It,1,,183,,"331,799","331,799"
Red Hot Chili Peppers-Snow (Hey Oh),1,,178,,"331,433","331,433"
Britney Spears-Slumber Party,1,,180,,"331,421","331,421"
Lady Gaga-Just Another Day,1,,199,,"330,561","330,561"
Juan Gabriel-Querida (En Vivo) - En el Palacio de Bellas Artes,1,,165,,"330,002","330,002"
BANKS-Gemini Feed,1,,185,,"329,785","329,785"
Hozier-Cherry Wine - Live,2,,190,,"168,379","328,542"
Beck-Say Goodbye,2,,170,,"171,368","327,266"
Röyksopp-Never Ever - Edit,1,,191,,"327,263","327,263"
D'Angelo-Really Love,2,,161,,"172,480","326,255"
MNEK-At Night (I Think About You),1,,186,,"325,156","325,156"
The 1975-UGH!,1,,138,,"321,427","321,427"
John Newman-Olé,1,,184,,"320,492","320,492"
Kygo-Oasis,1,,192,,"320,205","320,205"
Hozier-Better Love,1,,181,,"319,699","319,699"
Håkan Hellström-Din tid kommer,1,,170,,"317,460","317,460"
Jamala-1944,1,,150,,"316,104","316,104"
Frank Ocean-Self Control,1,,199,,"313,776","313,776"
blink-182-Rabbit Hole,1,,185,,"313,704","313,704"
Nick Jonas-Under You,1,,186,,"312,629","312,629"
Bonez MC-Palmen aus Plastik,1,,200,,"311,975","311,975"
Martin Solveig-+ 1,1,,190,,"308,242","308,242"
D'Angelo-1000 Deaths,2,,183,,"154,363","307,834"
Logic-The Jam,1,,185,,"306,827","306,827"
Radiohead-Daydreaming,1,,151,,"305,791","305,791"
Gwen Stefani-Misery,1,,162,,"304,765","304,765"
Mustard-Don't Hurt Me,1,,199,,"301,637","301,637"
Charly Black-Gyal You A Party Animal,1,,200,,"297,127","297,127"
Paul Anka-Santa Claus Is Coming to Town,1,,137,,"296,434","296,434"
Beyoncé-Pretty Hurts,2,,177,,"149,185","294,354"
Sia-Move Your Body,1,,166,,"288,870","288,870"
"Pink Floyd-Side 3, Pt. 4: Allons-y (1)",2,,162,,"144,584","287,533"
Eagles-Take It Easy - 2013 Remaster,1,,140,,"287,326","287,326"
Miley Cyrus-Hands Of Love,1,,144,,"286,299","286,299"
David Bowie-Suffragette City - 2012 Remastered Version,1,,153,,"285,034","285,034"
Macklemore & Ryan Lewis-Dance Off,1,,165,,"284,083","284,083"
Blackstreet-No Diggity,1,,197,,"283,207","283,207"
Doris Day-Let It Snow! Let It Snow! Let It Snow!,1,,109,,"282,366","282,366"
Eric Clapton-Riding With The King,1,,115,,"282,154","282,154"
KONGOS-Come with Me Now,2,,177,,"145,093","280,253"
Melendi-Tocado y hundido,2,,177,,"140,676","276,668"
5 Seconds of Summer-Money,1,,144,,"273,394","273,394"
Sergey Lazarev-You Are The Only One - Eurovision 2016 - Russia,1,,183,,"271,041","271,041"
Amir-J'ai cherché,1,,184,,"270,867","270,867"
Oscar Zia-Human,1,,157,,"270,083","270,083"
"Pink Floyd-Side 1, Pt. 3: Ebb And Flow",2,,173,,"142,906","269,451"
Cheryl-I Don't Care,2,,194,,"134,643","265,847"
Icona Pop-Someone Who Can Dance,1,,179,,"265,702","265,702"
LÉON-Tired of Talking,1,,155,,"265,637","265,637"
Coldplay-Kaleidoscope,1,,171,,"264,988","264,988"
Iggy Pop-The Little Drummer Boy,1,,125,,"264,303","264,303"
B.B. King-The Thrill Is Gone,1,,125,,"263,647","263,647"
Iggy Azalea-Beg For It,2,,188,,"136,021","262,333"
Bring Me The Horizon-Avalanche,1,,147,,"261,898","261,898"
Coldplay-Amazing Day,1,,177,,"260,562","260,562"
One Direction-Perfect - Stripped,1,,152,,"259,267","259,267"
Pia Mia-Touch,1,,166,,"258,526","258,526"
Akon-Hypnotized,1,,193,,"256,855","256,855"
TLC-No Scrubs,1,,178,,"254,220","254,220"
Calvin Harris-Slow Acid,2,,197,,"126,869","253,624"
David Bowie-Blue Jean - 1999 Remastered Version,1,,178,,"252,938","252,938"
Coldplay-Up&Up,1,,183,,"252,586","252,586"
David Bowie-Modern Love - 1999 Remaster,1,,180,,"252,537","252,537"
alt-J-Left Hand Free,2,,197,,"125,947","250,811"
Avicii-Ten More Days,1,,171,,"250,521","250,521"
David Bowie-Valentine's Day,1,,181,,"248,493","248,493"
The Beatles-Yellow Submarine - Remastered 2009,1,,174,,"247,647","247,647"
5 Seconds of Summer-Safety Pin,1,,187,,"246,362","246,362"
5 Seconds of Summer-Vapor,1,,189,,"243,414","243,414"
Muse-Defector,1,,134,,"241,349","241,349"
David Bowie-Golden Years - 1999 Remastered Version,1,,189,,"241,248","241,248"
BANNERS-Start A Riot,1,,195,,"240,983","240,983"
Frank Sinatra-Jingle Bells,1,,172,,"240,983","240,983"
Daddy Yankee-Vaivén,1,,158,,"240,065","240,065"
Lana Del Rey-God Knows I Tried,1,,172,,"239,899","239,899"
Chris Stapleton-Traveller,1,,163,,"239,775","239,775"
Troye Sivan-TALK ME DOWN,1,,180,,"238,122","238,122"
Justin Bieber-Christmas Eve,1,,175,,"238,028","238,028"
Bring Me The Horizon-Doomed,1,,173,,"237,655","237,655"
Travis Scott-Pray 4 Love,1,,180,,"237,575","237,575"
Avicii-True Believer,1,,180,,"237,451","237,451"
Disclosure-Jaded,1,,169,,"237,222","237,222"
Gwen Stefani-Used To Love You,1,,192,,"236,121","236,121"
Ellie Goulding-Holding On For Life,1,,186,,"236,074","236,074"
Michael Bublé-The Christmas Song - 2012 Version,1,,177,,"235,449","235,449"
Vance Joy-Georgia,1,,193,,"234,867","234,867"
Jeremih-Pass Dat,1,,197,,"233,785","233,785"
CHVRCHES-Keep You On My Side,1,,179,,"233,458","233,458"
Molly Sandén-Youniverse,1,,189,,"233,029","233,029"
Lil Kleine-Niet Omdat Het Moet,1,,200,,"232,884","232,884"
Grimes-Flesh Without Blood,1,,196,,"230,290","230,290"
Farruko-Sunset,1,,171,,"229,862","229,862"
Chino & Nacho-Me Voy Enamorando - Remix,1,,177,,"228,450","228,450"
Ty Dolla $ign-Blasé,1,,191,,"227,735","227,735"
Lana Del Rey-Art Deco,1,,193,,"226,400","226,400"
Sabina Ddumba-Not Too Young,1,,198,,"226,266","226,266"
A-Trak-Push,1,,154,,"225,884","225,884"
CHVRCHES-Never Ending Circles,1,,172,,"225,865","225,865"
Bring Me The Horizon-Happy Song,1,,192,,"225,842","225,842"
B.B. King-Better Not Look Down - Single Version,1,,148,,"224,871","224,871"
Audien-Something Better,1,,195,,"224,576","224,576"
Disclosure-Hourglass,1,,196,,"223,370","223,370"
Avicii-Sunset Jesus,1,,198,,"223,292","223,292"
Of Monsters and Men-Wolves Without Teeth,1,,151,,"222,619","222,619"
Fetty Wap-Jugg,1,,197,,"222,336","222,336"
Ariana Grande-Snow In California,1,,186,,"222,281","222,281"
Jimmy Boyd-I Saw Mommy Kissing Santa Claus,1,,187,,"221,593","221,593"
Nat King Cole Trio-All I Want For Christmas (Is My Two Front Teeth),1,,159,,"220,679","220,679"
Tiësto-Secrets,1,,170,,"219,296","219,296"
A$AP Rocky-Dreams (Interlude),1,,164,,"219,133","219,133"
Phil Collins-Sussudio,1,,185,,"218,017","218,017"
Adolphson & Falk-Mer jul,1,,193,,"217,262","217,262"
Meek Mill-The Trillest,1,,168,,"215,927","215,927"
Michael Bublé-Silver Bells,1,,198,,"214,643","214,643"
Olly Alexander (Years & Years)-Desire,1,,199,,"214,476","214,476"
Christmas Songs-Joy to the World,1,,199,,"213,706","213,706"
Florence + The Machine-Delilah,1,,169,,"213,172","213,172"
Frank Sinatra-The Christmas Waltz,1,,166,,"212,789","212,789"
Jason Mraz-Lucky,1,,152,,"211,904","211,904"
"The Beatles-Hello, Goodbye - Remastered",1,,200,,"211,748","211,748"
Meek Mill-Bad for You,1,,176,,"207,565","207,565"
Disclosure-Willing & Able,1,,197,,"207,457","207,457"
Meek Mill-Ambitionz,1,,179,,"206,141","206,141"
Cheek-Sä huudat,1,,183,,"206,035","206,035"
"Florence + The Machine-How Big, How Blue, How Beautiful",1,,179,,"205,983","205,983"
Juan Magán-Vuelve,1,,199,,"204,887","204,887"
Nadav Guedj-Golden Boy - Eurovision 2015 - Israel,1,,145,,"204,448","204,448"
The Vamps-Wake Up,1,,194,,"203,564","203,564"
Halsey-Drive,1,,192,,"203,392","203,392"
Olly Alexander (Years & Years)-Ties,1,,194,,"202,079","202,079"
Foals-What Went Down,1,,171,,"201,158","201,158"
Joe Cocker-With A Little Help From My Friends,1,,164,,"199,579","199,579"
Jakob Karlberg-Fan va bra,1,,189,,"199,519","199,519"
Meek Mill-Been That,1,,193,,"197,380","197,380"
Big Sean-Dark Sky (Skyscrapers),1,,168,,"195,944","195,944"
Peter J. Wilhousky-Carol of the Bells - Voice,1,,185,,"195,894","195,894"
Of Monsters and Men-Crystals,1,,196,,"194,198","194,198"
Guy Sebastian-Tonight Again,1,,158,,"192,663","192,663"
Duke Dumont-I Got U,1,,183,,"189,836","189,836"
"Big Sean-Win Some, Lose Some",1,,173,,"188,902","188,902"
Elina Born & Stig Rästa-Goodbye To Yesterday,1,,164,,"187,762","187,762"
Lily Allen-Somewhere Only We Know,1,,168,,"186,998","186,998"
Jidenna-Classic Man - Remix,1,,194,,"186,979","186,979"
Greg Lake-I Believe in Father Christmas,1,,200,,"186,899","186,899"
Route 94-My Love,1,,186,,"186,519","186,519"
Katy Perry-Teenage Dream,1,,134,,"186,054","186,054"
Snoop Dogg-Peaches N Cream,1,,190,,"185,988","185,988"
JIMIN-Puss (Prod. by Rhymer),1,,194,,"184,364","184,364"
Blonde-All Cried Out,1,,192,,"182,472","182,472"
Kid Ink-Show Me,1,,190,,"181,157","181,157"
Mariah Carey-Infinity,1,,198,,"177,495","177,495"
Twenty One Pilots-Fairly Local,1,,200,,"176,713","176,713"
Big Sean-Deep,1,,192,,"176,311","176,311"
Ten Walls-Walking with Elephants,1,,198,,"175,823","175,823"
Ludacris-Good Lovin,1,,192,,"174,256","174,256"
Katy Perry-California Gurls,1,,143,,"173,970","173,970"
Dinah Nah-Make Me (La La La),1,,188,,"173,550","173,550"
D'Angelo-The Charade,1,,164,,"171,058","171,058"
Nicki Minaj-All Things Go,1,,168,,"170,250","170,250"
J. Cole-Note to Self,1,,168,,"168,155","168,155"
Fall Out Boy-Jet Pack Blues,1,,172,,"168,080","168,080"
Handsome Ghost-Steps,1,,195,,"166,910","166,910"
Fifth Harmony-This is How We Roll,1,,162,,"166,783","166,783"
Jason Mraz-Love Someone,1,,196,,"166,361","166,361"
Imagine Dragons-Friction,1,,200,,"165,005","165,005"
MisterWives-Hurricane,1,,199,,"163,050","163,050"
Fall Out Boy-American Beauty/American Psycho,1,,184,,"160,170","160,170"
Bob Marley & The Wailers-Three Little Birds,1,,198,,"156,259","156,259"
Robert DeLong-Long Way Down,1,,199,,"155,410","155,410"
"Bobby ""Boris"" Pickett-Monster Mash",1,,161,,"153,303","153,303"
Calvin Harris-Dollar Signs,1,,145,,"152,363","152,363"
Foo Fighters-Outside,1,,156,,"151,330","151,330"
Sam Smith-Life Support,1,,193,,"150,070","150,070"
Ella Henderson-Hard Work,1,,187,,"148,941","148,941"
Marc Anthony-Vivir Mi Vida,1,,153,,"148,626","148,626"
Sam Smith-Good Thing,1,,199,,"146,341","146,341"
Bing Crosby-White Christmas,1,,183,,"144,841","144,841"
"Pink Floyd-Side 2, Pt. 1: Sum",1,,177,,"141,115","141,115"
T.I.-Let Your Heart Go (Break My Soul),1,,196,,"140,426","140,426"
Beyoncé-Ring Off,1,,199,,"139,639","139,639"
Anders Nilsen-Salsa Tequila,1,,164,,"138,087","138,087"
Ella Eyre-If I Go,1,,194,,"137,520","137,520"
Katy Perry-Birthday,1,,189,,"137,300","137,300"
OB OBrien-Schemin Up,1,,197,,"136,502","136,502"
Foo Fighters-In The Clear,1,,192,,"135,994","135,994"
Kanye West-Black Skinhead,1,,185,,"131,993","131,993"
Nicky Jam-Travesuras - Remix,1,,176,,"130,711","130,711"
Wisin-Adrenalina,1,,188,,"124,862","124,862"
Iggy Azalea-Work,1,,196,,"120,954","120,954"
Orup-Främling,1,,199,,"120,760","120,760"
Ed Sheeran-Nina,1,,199,,"120,515","120,515"
Take That-These Days,1,,198,,"115,382","115,382"
